region,date,mean_speed_kt,max_speed_kt,min_speed_kt,resultant_speed_kt,direction_deg,direction_in_sector,hours_speed_ok,hours_direction_ok,hours_both_ok,hours_with_data,met
100%,2021-01-01,9.707796940041831,12.776815663006053,7.743291546636974,9.518042399017636,310.1478518635153,1,0,0,0,24,0
100%,2021-01-02,8.535241638901253,11.877001102225384,5.098010153256585,7.820023055805996,344.71192719833306,0,0,1,0,24,0
100%,2021-01-03,15.141768073981444,22.49726283896785,8.75286773766906,14.920051550077936,67.12079217041236,0,3,0,0,24,0
100%,2021-01-04,23.832029083717572,26.92499997216647,21.022850455060127,23.776497370939225,58.31416771854788,0,24,0,0,24,0
100%,2021-01-05,19.978346988463336,21.608250231621692,17.24969769235833,19.910624914791907,61.93815327247211,0,6,0,0,24,0
100%,2021-01-06,14.187191721656061,16.828319602232064,11.180855939410542,12.804473236558987,38.553264400301146,0,0,0,0,24,0
100%,2021-01-07,16.92735022332298,18.18726192557399,14.982982921556733,16.551374773428016,339.26664768870575,0,0,0,0,24,0
100%,2021-01-08,9.593178263164182,14.659834200755967,6.3359817919440395,8.223911372311244,3.2712634650964105,0,0,0,0,24,0
100%,2021-01-09,11.064923978310006,13.447595502839848,8.823015454198535,9.840543366176012,332.68470195141197,1,0,4,0,24,0
100%,2021-01-10,13.513427534235367,15.99436782735304,11.930784759038565,13.394942244486348,267.7334891520022,0,0,0,0,24,0
100%,2021-01-11,20.754813838909765,23.15957366438269,17.12295862765564,20.716794330748883,249.46696446367363,0,10,0,0,24,0
100%,2021-01-12,18.772658973238197,23.32725251219891,14.760244454591135,16.620139192759957,309.5637003992749,1,4,9,0,24,0
100%,2021-01-13,15.878076776836295,19.689370718064616,9.998845330423466,15.05311529032501,300.6207253724692,0,0,4,0,24,0
100%,2021-01-14,14.995445413644596,18.679059536587857,6.924942478728666,13.977974759320048,93.17035074811429,0,0,0,0,24,0
100%,2021-01-15,7.8216459955841,16.143740998929264,2.055935161607143,6.156194120458125,38.581245194850624,0,0,0,0,24,0
100%,2021-01-16,15.71797516451453,22.647760684950683,5.526735484111046,13.943533236533352,209.34956167213363,1,3,1,0,24,0
100%,2021-01-17,16.159848113029,18.496284292414316,13.10018793783175,15.882579179808129,303.34491270822474,0,0,0,0,24,0
100%,2021-01-18,18.502261425129007,22.84270259133333,16.089159212178618,17.910821427349042,253.5689672055949,0,1,2,1,24,0
100%,2021-01-19,25.454207056671596,28.37295450141973,21.031303499018883,24.546014833043007,228.236698598999,1,20,11,10,24,1
100%,2021-01-20,27.412072822088927,28.660833755573073,25.88094009861982,27.031306940628703,200.9506118132653,0,19,10,7,24,0
100%,2021-01-21,26.835448922303517,34.111865283112635,14.700404072623451,25.45838686212162,222.30207682892694,1,0,11,0,24,0
100%,2021-01-22,17.442051886813022,21.925668263283303,11.766549545649886,16.911886909601733,253.74845419767104,0,0,1,0,24,0
100%,2021-01-23,12.306786472783655,15.521206668950205,8.461507297779027,10.49710295549908,269.98690669043305,0,0,1,0,24,0
100%,2021-01-24,10.517515069243021,14.689612314745382,5.790582892002117,2.2054102924792693,265.86997116946867,0,0,1,0,24,0
100%,2021-01-25,16.237331864145805,25.431066611548967,9.002196203652217,13.01711142967206,297.45966765764194,0,8,0,0,24,0
100%,2021-01-26,17.11098385854851,25.290834622694607,10.641849152823784,13.084325521862926,262.8663665705026,0,2,0,0,24,0
100%,2021-01-27,13.387330780883323,22.560996390067228,2.913476033966905,10.601492850919714,254.9557834700699,0,1,0,0,24,0
100%,2021-01-28,9.937086086043303,15.139195522158413,2.439388428268049,8.290805067948506,117.15133739739844,0,0,0,0,24,0
100%,2021-01-29,18.179125235255267,22.29274949984224,11.846837989319141,13.449387246900294,273.8914263647237,0,5,1,0,24,0
100%,2021-01-30,20.277441437874632,23.921815747160753,15.422970076240443,19.915973640277183,80.22474919958898,0,4,0,0,24,0
100%,2021-01-31,17.366444761968648,20.434990108993528,15.262131158702436,16.912432805628345,92.61443165282753,0,0,0,0,24,0
100%,2021-02-01,10.900179230006637,17.29526183870954,1.9044944359396085,8.783926941943008,48.6586073456304,0,0,0,0,24,0
100%,2021-02-02,13.789460125632381,20.66225431400772,2.9291497106151696,9.213094733625343,163.1141810539084,0,0,2,0,24,0
100%,2021-02-03,13.546392781474372,20.742034985409997,7.013094137543712,12.452948180984185,240.9996316558303,0,0,9,0,24,0
100%,2021-02-04,11.151889741614328,17.795814160469465,6.756439215604618,5.197476429557096,208.94244733923125,1,0,1,0,24,0
100%,2021-02-05,8.094601675579161,11.779673501265115,3.7968518855066513,7.0734825176123435,158.0117121757371,0,0,0,0,24,0
100%,2021-02-06,17.69854904196585,28.45725009796705,7.301192714986851,17.382509950602596,84.39636484256505,0,4,0,0,24,0
100%,2021-02-07,30.825788741469413,33.257646901915855,28.83142872035891,30.77667837645981,65.75024920812177,0,0,0,0,24,0
100%,2021-02-08,25.678695114387622,29.247961979668485,22.467242666710483,25.670738571787595,72.12494867749967,0,19,0,0,24,0
100%,2021-02-09,17.32910617191564,22.857094027588385,13.63684059254596,17.29831624181049,77.0749906096247,0,2,0,0,24,0
100%,2021-02-10,14.138413499176764,16.813240313489562,11.374299807207548,13.939682754836586,63.162210733169445,0,0,0,0,24,0
100%,2021-02-11,11.592027166516017,15.044714927475862,9.028909126513609,11.268161011026828,109.92629117816796,0,0,0,0,24,0
100%,2021-02-12,19.584319554384987,24.31655068109066,15.054006488281953,19.3796976416745,101.37781165979197,0,6,0,0,24,0
100%,2021-02-13,21.584982042775774,23.79239803963358,19.640758373567998,21.301480605723896,128.00350137694102,0,2,0,0,24,0
100%,2021-02-14,23.72716574577981,25.343046682738137,22.34644624052781,23.652917425526073,164.46680794698648,0,14,0,0,24,0
100%,2021-02-15,17.972986282655334,24.09367949548106,13.35662550039919,16.964330578488624,202.60903545420416,0,5,8,0,24,0
100%,2021-02-16,18.52585669599741,20.945443609558147,15.368222925431946,17.744738963841748,208.16317417341136,1,1,5,0,24,0
100%,2021-02-17,20.39530917120913,22.080280437663408,17.485667939201416,19.803873382323303,215.78369377942082,1,7,9,5,24,0
100%,2021-02-18,21.1079805615372,24.030015420768112,16.58234181629999,18.435660551183965,195.59243952117836,0,9,0,0,24,0
100%,2021-02-19,19.773049600324818,21.742721565732037,16.333981588967273,18.76176241412253,196.1330655030409,0,0,2,0,24,0
100%,2021-02-20,21.168948536671092,23.444952995034594,19.24283142439795,21.081419017786136,177.1358925524703,0,9,0,0,24,0
100%,2021-02-21,13.181047455495772,21.022403648901733,8.706820141125531,12.640791502885934,179.9293794739384,0,0,0,0,24,0
100%,2021-02-22,13.482224742596905,16.87067311605846,10.158818008699402,12.942452140560919,194.3269226753897,0,0,1,0,24,0
100%,2021-02-23,18.019364323321472,25.641580743471213,11.084320226123225,17.962499926376378,201.30386199305363,0,4,1,0,24,0
100%,2021-02-24,19.715530747711163,24.280973453808233,15.966980749944355,19.537347472130893,202.38205412050945,0,7,4,2,24,0
100%,2021-02-25,10.824354653317231,18.47823769162511,1.3063259447420104,8.48523493534277,240.85853095701276,0,0,3,0,24,0
100%,2021-02-26,8.712488367696313,10.6615870832052,5.406457096716222,8.682602172342515,311.94903707213473,1,0,4,0,24,0
100%,2021-02-27,3.950314356717179,5.714669834633845,0.8224781710509185,3.2347845005639018,345.1634850155859,0,0,1,0,24,0
100%,2021-02-28,7.682112032082266,13.43093893681954,3.732649902492222,7.459655075985939,63.24541817962188,0,0,0,0,24,0
100%,2021-03-01,11.690746663988358,13.530488831843432,10.076060970933474,11.55389839514845,88.90602469009622,0,0,0,0,24,0
100%,2021-03-02,7.018256806805393,10.039655363945258,1.2166168129327346,6.423878272800673,80.84738614552322,0,0,0,0,24,0
100%,2021-03-03,5.983135850293386,7.476942026832138,4.51361043749331,5.785288717893848,324.5838972754293,1,0,1,0,24,0
100%,2021-03-04,12.396117319930019,18.934015524998202,5.736549844819399,12.137248552035317,13.821960156641637,0,0,0,0,24,0
100%,2021-03-05,12.935372519469476,17.897619753274967,8.43369506865789,12.910157828229524,35.56990999833056,0,0,0,0,24,0
100%,2021-03-06,5.067954228508351,8.274082920231312,2.8704881299748886,4.851221705145154,49.8175744595178,0,0,0,0,24,0
100%,2021-03-07,5.709279974456695,7.150655524891346,2.141691155346583,5.428480613281024,309.4247993635849,1,0,5,0,24,0
100%,2021-03-08,11.264012340568932,15.047193247445295,6.51791932126991,11.185884721557537,250.5269634329916,0,0,0,0,24,0
100%,2021-03-09,9.198251125520766,14.828580074386288,1.112429471904457,6.831710314304373,298.937619518992,0,0,2,0,24,0
100%,2021-03-10,22.64227287349632,30.079324570455658,11.31773771926559,22.510620712142295,200.6591485064657,0,7,1,0,24,0
100%,2021-03-11,28.530383503520795,36.94295870714407,22.6346573123139,27.313994521631525,236.04596622169703,0,11,8,0,24,0
100%,2021-03-12,22.942276512245243,25.682191719309092,21.032267528318155,22.458027847240174,237.65225932033323,0,22,8,8,24,1
100%,2021-03-13,26.6266912694705,30.669203813925897,21.55439167620953,24.505896958903858,248.35232601296053,0,8,0,0,24,0
100%,2021-03-14,18.154135516878586,21.028678760955067,16.27934877246199,17.84520895726916,281.0495557912291,0,0,0,0,24,0
100%,2021-03-15,18.2525601223874,20.87421633888817,14.652280175820843,18.194367066109127,322.6515434176827,1,0,22,0,24,0
100%,2021-03-16,11.688975572416682,21.818454057729948,5.335825714266707,10.041738085309525,318.3207033047222,1,0,0,0,24,0
100%,2021-03-17,17.29208346911774,21.42227763610921,12.131344060365244,17.175517390709846,353.33177795395,0,0,0,0,24,0
100%,2021-03-18,14.662213063623243,16.552703739535882,10.842778203723839,14.27406103368425,357.80038853485485,0,0,0,0,24,0
100%,2021-03-19,12.930190323779406,15.978567843222887,11.69629769888817,12.536989089279963,32.31518246084772,0,0,0,0,24,0
100%,2021-03-20,8.413610106441643,12.455540163990234,5.267164533943551,6.173138831742469,305.940559901905,1,0,0,0,24,0
100%,2021-03-21,15.469022844150201,18.0509506652858,11.159312748766997,15.174322876549068,346.50638219471347,0,0,0,0,24,0
100%,2021-03-22,7.178668086192963,10.600036083410757,3.677528817312097,4.619544314579388,275.86714889648124,0,0,1,0,24,0
100%,2021-03-23,10.971584423215782,15.905429493404373,6.351685593624764,10.756980764172791,224.88485139173363,1,0,4,0,24,0
100%,2021-03-24,12.796741118051502,15.15827654477158,11.090559309953846,12.75635121706939,226.73838282234382,1,0,12,0,24,0
100%,2021-03-25,13.739063264262931,19.748134359609995,8.152420756418797,13.498853336763215,223.9078334943071,1,0,9,0,24,0
100%,2021-03-26,20.140866182319968,23.273332838866633,16.695273708529278,19.460261669355305,209.05164750092206,1,4,6,0,24,0
100%,2021-03-27,18.87429560019091,23.309696297028033,13.639244375364093,18.06321624281645,249.5312816839898,0,4,4,0,24,0
100%,2021-03-28,24.220626351371617,25.987943246241695,20.556258198222743,24.199641968144867,221.89605892683778,1,23,24,23,24,1
100%,2021-03-29,19.338877763443637,24.097367949436727,15.423310588162382,19.225535450464477,226.46141599337335,1,7,20,5,24,0
100%,2021-03-30,8.02134065366984,14.768141614394258,4.663840669992513,6.2436690161655095,203.63992290904693,0,0,1,0,24,0
100%,2021-03-31,6.756719802831604,8.29161593661165,4.7703102278151475,6.201770704048693,200.29592753039103,0,0,0,0,24,0
100%,2021-04-01,16.235605065410972,18.982493853850123,6.186770293401534,15.75336079143157,23.519058980755744,0,0,0,0,24,0
100%,2021-04-02,16.497919358979114,19.431538160210035,13.977394475173256,15.994689848194271,9.044170388662394,0,0,0,0,24,0
100%,2021-04-03,16.549292382720413,20.321310549374697,11.495353629278936,16.519053789226756,10.566823714250575,0,1,0,0,24,0
100%,2021-04-04,12.352240044986237,20.189170835355323,6.238140907262711,8.450203289446065,263.4528133443252,0,0,1,0,24,0
100%,2021-04-05,26.294450868855478,31.36028109790236,21.06504322182649,25.172229781316545,319.35201191642625,1,16,9,5,24,0
100%,2021-04-06,25.146237107944568,26.79943733775167,24.058502391696642,24.981390840709878,322.8278570788698,1,24,21,21,24,1
100%,2021-04-07,22.86607077084648,30.553628856693265,12.834225860228397,22.775113296286666,310.35050473769076,1,5,7,1,24,0
100%,2021-04-08,17.314306276243986,21.343176716593128,11.115144293210523,16.163206111541673,231.54744021911088,1,3,14,3,24,0
100%,2021-04-09,11.606237025922551,20.612164582875405,3.0934455361559605,7.545842408117613,255.5533741545948,0,0,0,0,24,0
100%,2021-04-10,16.02836961613278,21.171006250327434,9.118119135549797,15.726771876144895,54.835362774260545,0,0,0,0,24,0
100%,2021-04-11,15.72093485057887,20.16113485210854,11.274044834221506,14.551336149918809,352.3168811444644,0,0,1,0,24,0
100%,2021-04-12,12.658639435011473,14.578025715521852,7.999648184553575,12.176802669957613,302.2575113319012,0,0,1,0,24,0
100%,2021-04-13,6.932224433525633,8.648986397804714,3.9497693254173374,5.412940971585309,270.66530901284824,0,0,0,0,24,0
100%,2021-04-14,11.00113058453046,14.953434965821874,5.318874635451279,10.966318003994413,17.296892159571712,0,0,0,0,24,0
100%,2021-04-15,12.67411332571375,14.583687521386626,10.558285858150013,12.364192729319045,29.476005697950143,0,0,0,0,24,0
100%,2021-04-16,11.69090581281115,14.102044376728372,9.10730353106035,11.517541843556733,29.375770078532753,0,0,0,0,24,0
100%,2021-04-17,12.332111539648068,13.483256643730988,10.707562871144631,12.176269415944311,17.18848252925244,0,0,0,0,24,0
100%,2021-04-18,8.203251321025679,11.62457443057095,6.230238571543016,8.106574135669275,2.118211664754938,0,0,0,0,24,0
100%,2021-04-19,7.617373626801133,8.863524144003403,6.804796988981998,7.1787488862273126,21.557179064855745,0,0,0,0,24,0
100%,2021-04-20,4.400696926851077,6.989574801760872,1.5410336318077789,3.5086845972730916,33.74707773922535,0,0,0,0,24,0
100%,2021-04-21,14.196801310077717,17.52283075311845,6.789147941382202,14.097618277018578,20.761244770699307,0,0,0,0,24,0
100%,2021-04-22,9.042753018078054,14.067095414248195,2.627752320289455,8.949567680592928,16.897021654030027,0,0,0,0,24,0
100%,2021-04-23,4.273279757746433,8.798136768484607,1.4279417414634032,3.7906927591863147,36.34725268164726,0,0,0,0,24,0
100%,2021-04-24,11.057108848911128,16.249962657670704,6.69143202017519,10.733232396181343,59.43267727272496,0,0,0,0,24,0
100%,2021-04-25,14.816262726313042,16.179346967893032,12.86211349665269,14.764027924054412,35.633492009277234,0,0,0,0,24,0
100%,2021-04-26,12.589389364476702,14.66312230378902,10.794242724212614,12.407957869053005,52.69582287993285,0,0,0,0,24,0
100%,2021-04-27,9.901058701901334,15.079664610169525,6.524700118417796,9.380097020003475,80.6487044512545,0,0,0,0,24,0
100%,2021-04-28,15.70960827594151,20.1829260982213,12.960015124237326,14.701847976635062,46.508682739492826,0,0,0,0,24,0
100%,2021-04-29,15.446865804046846,20.115720620257374,10.577436478816624,14.70395375307251,341.0045484956609,0,0,3,0,24,0
100%,2021-04-30,6.975123942041848,11.322600959622582,3.545407775690727,6.7061649294732515,330.108028875609,1,0,1,0,24,0
100%,2021-05-01,11.136470070909107,14.075304338654519,9.161905844670617,9.916037325449798,330.02213450393117,1,0,0,0,24,0
100%,2021-05-02,10.399862828805302,13.935272741782947,5.892101812139575,7.634034510490118,296.5324107821956,0,0,8,0,24,0
100%,2021-05-03,18.804970806266372,30.51811993541273,13.53337144342613,18.122430690835476,215.7548543394699,1,0,3,0,24,0
100%,2021-05-04,26.73985173090479,30.811378230839708,21.691971460828682,24.22684087600027,257.4558021163938,0,6,2,0,24,0
100%,2021-05-05,18.01871620913803,24.4368411299148,8.403937940625145,17.551377447059735,288.47026335782823,0,9,0,0,24,0
100%,2021-05-06,7.590701126145554,10.82750900504444,4.119843471466597,7.006450946248342,270.7664597717868,0,0,0,0,24,0
100%,2021-05-07,10.082826845809185,13.070534021914845,4.053549455287251,7.601122039954427,274.1503275920185,0,0,0,0,24,0
100%,2021-05-08,17.737582228507943,23.80685962843999,11.196169215309654,15.831646149975223,186.7290980128452,0,6,5,0,24,0
100%,2021-05-09,13.605540035744573,18.36401115329593,8.034100218009275,13.374029307912076,184.67596209458117,0,0,0,0,24,0
100%,2021-05-10,15.290185113299017,19.955273181041495,8.72329515462988,14.761970832336745,202.91482672752133,0,0,0,0,24,0
100%,2021-05-11,5.6605482027678855,9.44877778042659,2.346709858400704,3.1368923192936156,140.5701670749039,0,0,0,0,24,0
100%,2021-05-12,9.839221332083069,13.215908547491077,5.490864086300827,8.24005831487827,201.08971243709243,0,0,0,0,24,0
100%,2021-05-13,10.731910098036138,12.94709197021306,9.015439391579132,9.905960018027454,67.1539723358598,0,0,0,0,24,0
100%,2021-05-14,6.891556192756568,11.713090449272299,1.2868299002066643,6.5901748047942155,23.08834716612347,0,0,0,0,24,0
100%,2021-05-15,5.133662621375364,8.282399139239159,1.3477003165518526,4.585169865722259,126.47441314264694,0,0,0,0,24,0
100%,2021-05-16,9.499374828327744,11.448011165841626,5.386932558134677,8.871890908873045,210.98869365578693,1,0,3,0,24,0
100%,2021-05-17,7.014061709862889,13.72303270729267,3.0532331681382954,3.708295369133901,311.30407234841107,1,0,4,0,24,0
100%,2021-05-18,8.038906253418332,9.534347577779316,6.429882792787701,7.579676679745172,254.32945562983465,0,0,0,0,24,0
100%,2021-05-19,6.380707619246949,8.540171179787647,3.8134513480218857,5.26845335532467,275.4581252490533,0,0,0,0,24,0
100%,2021-05-20,14.38117334788408,24.303408333653525,6.012415641985261,13.329421160477644,198.50360221653847,0,4,0,0,24,0
100%,2021-05-21,28.327068729588234,31.03288246712793,25.570258683103468,28.295653963219056,216.91406706127128,1,10,24,10,24,1
100%,2021-05-22,15.644081227744657,28.212868570044748,2.766820448168321,14.115037226723551,266.0672610038473,0,0,0,0,24,0
100%,2021-05-23,13.995424313452139,20.250678071174708,6.784663082236418,12.502346404114595,207.60801222148515,1,0,0,0,24,0
100%,2021-05-24,14.3557723923334,22.26817978870943,8.025321982226657,13.914596333547156,195.48223720139242,0,0,0,0,24,0
100%,2021-05-25,13.196209192808793,17.274746913009437,7.394496984879544,13.114395103493491,268.06573674858225,0,0,0,0,24,0
100%,2021-05-26,14.034569112095994,17.59049285685809,9.786505896508551,13.729035305315763,288.79210971691487,0,0,0,0,24,0
100%,2021-05-27,13.001456649496104,18.169105264728913,3.553845418168134,12.060209417530471,322.04676300282546,1,0,3,0,24,0
100%,2021-05-28,4.857129867633841,8.853337309907126,2.6620736613231304,2.8797207087910324,116.68476745993001,0,0,0,0,24,0
100%,2021-05-29,8.996534024740884,11.721480088196943,6.262069266686062,8.677064708378422,52.0517836151335,0,0,0,0,24,0
100%,2021-05-30,11.04808271326609,12.990108132948498,8.905026696369086,10.919116163186976,49.293443399133594,0,0,0,0,24,0
100%,2021-05-31,10.746393162676517,12.02412124899944,8.854808639381634,10.67845970483286,66.27912182265283,0,0,0,0,24,0
100%,2021-06-01,11.2043240106186,15.784177602128459,7.753736939616954,10.807474072182309,81.70524337901122,0,0,0,0,24,0
100%,2021-06-02,12.377150619292655,15.158987162035165,9.792393970123122,12.213157443934746,75.91965778338147,0,0,0,0,24,0
100%,2021-06-03,7.1962219783438615,11.202150556969166,2.5350646380505344,6.200040442365182,221.03551156422992,1,0,0,0,24,0
100%,2021-06-04,8.010071017296276,13.130158454413822,1.4378251442579613,6.483614368127912,356.54056790533906,0,0,0,0,24,0
100%,2021-06-05,10.579375008211068,13.576675024701405,5.266059431335515,10.283837438950183,338.9971694964132,0,0,1,0,24,0
100%,2021-06-06,3.4684903112382846,6.878435904453751,0.469753054803871,1.3679847899523498,330.7245185990638,1,0,0,0,24,0
100%,2021-06-07,3.235062620727808,6.92044899119563,1.0219739573205218,2.546491356476931,116.61436241434524,0,0,0,0,24,0
100%,2021-06-08,4.0024899390053745,6.845872427562698,2.2145054026494972,3.617082786937752,157.400327452493,0,0,0,0,24,0
100%,2021-06-09,8.200717715269704,10.613436324648307,4.789828056675492,7.991902105716595,212.06475683847103,1,0,3,0,24,0
100%,2021-06-10,8.543211614950765,11.617067307050096,4.547377611970931,8.323956196796928,228.8361325911782,1,0,2,0,24,0
100%,2021-06-11,11.381884732729246,13.874992125654584,9.040526829310618,11.092326192332349,231.60367123511026,1,0,5,0,24,0
100%,2021-06-12,8.003508740628448,11.331657315297615,0.702126088902924,7.238659833106665,317.6639526260962,1,0,0,0,24,0
100%,2021-06-13,5.862214362978901,7.97216793228249,3.5590969307464753,5.2026755787413625,197.2606115301614,0,0,0,0,24,0
100%,2021-06-14,8.882611230251142,11.970894287266443,5.717742940900395,2.970966755213359,210.75948543135127,1,0,2,0,24,0
100%,2021-06-15,6.701303417975141,8.060995740069894,5.872789913024704,5.611239381655971,54.31234772329384,0,0,0,0,24,0
100%,2021-06-16,8.78360800483509,11.325507257689422,5.469704121876151,8.579312046961105,138.71566087552276,0,0,0,0,24,0
100%,2021-06-17,7.466983370183509,11.159986016208457,2.7241497322039803,0.39270007247575767,279.1463984691826,0,0,0,0,24,0
100%,2021-06-18,10.94315199108163,20.125734863047,2.1301487518679374,7.368562380757571,54.623366410768995,0,0,0,0,24,0
100%,2021-06-19,9.563037490397557,14.781055824907373,3.746519526735364,4.054927195280121,350.14212129959265,0,0,0,0,24,0
100%,2021-06-20,10.647420433609687,18.923869059856735,2.2869910861966862,8.888993899654876,12.541813738537769,0,0,0,0,24,0
100%,2021-06-21,17.15531907502567,19.0167178029957,13.438562246755474,17.052511416896557,33.116527767602975,0,0,0,0,24,0
100%,2021-06-22,15.10766345039729,17.56697619899132,10.819079562299716,15.088467813690555,19.265323535868845,0,0,0,0,24,0
100%,2021-06-23,8.72714654151719,10.17107431522214,6.229950809034446,8.505932674639169,21.393681292748568,0,0,0,0,24,0
100%,2021-06-24,4.240953027851661,10.181018113891389,0.5497853595181235,1.3033148055848918,202.57877851815292,0,0,0,0,24,0
100%,2021-06-25,9.605569691628054,11.732743142256629,2.499349505158419,9.475184376058593,211.74511921629968,1,0,2,0,24,0
100%,2021-06-26,7.035430067440996,12.877367436674849,2.824313188065107,5.462306774599582,66.42037676189341,0,0,0,0,24,0
100%,2021-06-27,15.736385651636162,19.049582272090483,12.8815918721762,15.690118327061532,57.25471130413462,0,0,0,0,24,0
100%,2021-06-28,9.844425289402473,14.768122063955682,6.083033440820771,8.981593278445528,44.55608422537938,0,0,0,0,24,0
100%,2021-06-29,13.519280141503074,17.19823774866901,10.311678271707315,12.92905092225793,12.540865180318406,0,0,0,0,24,0
100%,2021-06-30,15.117664481394186,16.38202390987727,14.175552372085072,14.902321563954938,337.29004026433535,0,0,3,0,24,0
100%,2021-07-01,12.312867474657738,15.081269835134758,7.06923221153992,12.025100374194649,298.84084022723664,0,0,8,0,24,0
100%,2021-07-02,5.513550780448202,8.107978967437107,1.7559009361319924,2.0535853326869584,242.11278417543048,0,0,0,0,24,0
100%,2021-07-03,10.93715507623199,12.395193526140382,8.523795071186662,8.987832522863798,156.6931298301156,0,0,0,0,24,0
100%,2021-07-04,9.780516753377679,13.412863500910577,7.071572031538424,9.252126549257374,199.3845008392674,0,0,7,0,24,0
100%,2021-07-05,13.276042932419445,15.629147287609154,10.337860162938956,11.709797938965144,197.41715099366334,0,0,10,0,24,0
100%,2021-07-06,22.003275307920337,26.076702401794716,15.054768908915449,20.76127162320376,205.14878313833808,1,10,9,4,24,0
100%,2021-07-07,16.564914267541948,20.924924690895175,12.404576523161401,16.54370900661248,211.0174399802653,1,0,6,0,24,0
100%,2021-07-08,10.023806954609803,12.412375394548814,6.316835009476201,9.93621692781268,216.61744764281553,1,0,5,0,24,0
100%,2021-07-09,5.809904678900459,9.578842452547208,1.7062219118644881,4.977250891717984,210.544382044045,1,0,2,0,24,0
100%,2021-07-10,5.018489476260941,11.014962157314477,1.1622331627693832,3.4848152181449255,80.09071083381616,0,0,0,0,24,0
100%,2021-07-11,3.601543612638075,7.803881533453488,1.0425614174254165,2.1392120000002923,152.8728982449361,0,0,0,0,24,0
100%,2021-07-12,7.24287206083332,10.133017378448494,3.9067758461251447,6.192902053766106,74.84262922358289,0,0,0,0,24,0
100%,2021-07-13,13.586791156750467,16.68754779357258,10.013587822631436,12.977691646247862,353.52787001814994,0,0,0,0,24,0
100%,2021-07-14,18.117787204785134,21.313624671036685,14.406623530529304,18.07337049092713,334.9244947848344,1,0,4,0,24,0
100%,2021-07-15,18.077411447641058,19.869511492609508,16.073699815768546,17.989349454668975,352.2335057569529,0,0,0,0,24,0
100%,2021-07-16,13.502418035384304,15.03980366340563,11.17458277835562,13.429058309158538,352.2172673785032,0,0,0,0,24,0
100%,2021-07-17,8.833974872674661,11.755818535284648,4.261576099474296,8.542989481649512,357.61895709764264,0,0,0,0,24,0
100%,2021-07-18,6.3608875803486145,8.313072356434834,3.4215738590517324,4.1747437704253345,338.22093319632256,0,0,0,0,24,0
100%,2021-07-19,7.523796729005098,11.023092501024642,2.2988416559720055,7.4362550454679965,79.251466279515,0,0,0,0,24,0
100%,2021-07-20,6.851967265115559,9.611965609769234,3.799580652695906,6.539270578232826,120.26528256352844,0,0,0,0,24,0
100%,2021-07-21,4.3810303913208095,7.240669482852005,0.748320235055117,2.334009053296406,69.62123596780162,0,0,0,0,24,0
100%,2021-07-22,7.43107487677785,8.905564851371999,5.677748248740182,7.343311559148256,33.048448112482845,0,0,0,0,24,0
100%,2021-07-23,9.607328962804315,15.788453727062445,6.10803156093466,9.433632897506529,49.70534102313462,0,0,0,0,24,0
100%,2021-07-24,11.959340185612497,17.30003675974437,4.218301249882927,11.585302835509399,63.79427936468505,0,0,0,0,24,0
100%,2021-07-25,3.669785521829416,6.682680404391037,0.7492440696727981,0.8145779878911256,96.71474254180544,0,0,0,0,24,0
100%,2021-07-26,5.440700731472263,8.53737769674855,2.877355525461247,3.5101455893007656,340.9291735427348,0,0,0,0,24,0
100%,2021-07-27,12.390395806696937,15.745243223576662,9.579767844493373,12.358735325434852,207.651447533444,1,0,3,0,24,0
100%,2021-07-28,18.127576225735634,23.171405717325058,14.46048897141217,17.913565928224653,223.3785847577439,1,3,11,3,24,0
100%,2021-07-29,20.31061607765434,23.282109774531797,16.171856824154865,20.082149341183168,240.0460611113835,0,8,4,0,24,0
100%,2021-07-30,17.05880746619901,23.43725837382084,11.177183878366035,15.352258880931883,211.0675138108806,1,4,1,0,24,0
100%,2021-07-31,14.99871958397304,22.442280214972406,7.5727251336819865,14.754095713807017,270.8182802582545,0,4,0,0,24,0
100%,2021-08-01,10.075371728940377,12.30609537579434,7.357105121271255,9.258701024674634,323.0327611208174,1,0,2,0,24,0
100%,2021-08-02,6.76518390705808,11.233282344526788,0.27659734633735056,6.5719560404346105,327.83977921449724,1,0,7,0,24,0
100%,2021-08-03,5.28054049627719,8.824208025928453,0.335624365016569,5.102297890186483,66.31686423899862,0,0,0,0,24,0
100%,2021-08-04,6.7960345112321905,7.748193380102885,2.780282670189579,6.644805303755653,92.43994799324878,0,0,0,0,24,0
100%,2021-08-05,8.703023895650182,17.78533557168355,3.0237332867971394,8.357476778218292,154.26081384012377,0,0,0,0,24,0
100%,2021-08-06,19.08218140408452,23.85556579702051,15.29451310654769,18.562437760219126,209.95081152132354,1,4,12,4,24,0
100%,2021-08-07,17.45232288473905,21.60700633532396,13.39663003213729,16.920606817610853,205.8155176580863,1,0,5,0,24,0
100%,2021-08-08,22.04151535100225,25.037915481420544,17.619627310306928,21.837246728360494,232.32450135065156,1,14,14,10,24,1
100%,2021-08-09,17.287642098895848,20.62510305099248,14.774957771856194,17.086271084114223,226.98470693972243,1,0,9,0,24,0
100%,2021-08-10,10.50859690926976,13.76882844638924,7.467737533652468,10.255137393158558,239.71829470796027,0,0,1,0,24,0
100%,2021-08-11,10.375049392689595,12.53027813732359,6.595666514731757,10.20585293005907,215.18159401918587,1,0,4,0,24,0
100%,2021-08-12,12.031642112907734,13.472828505044905,11.166723933089791,11.877820349879856,214.1352786179231,1,0,9,0,24,0
100%,2021-08-13,16.172925304899675,17.712951206812807,13.350197373734902,16.01358343505749,232.81458112001246,1,0,6,0,24,0
100%,2021-08-14,13.022459299976411,16.023766882764562,9.621275653890596,12.67868133781678,237.79044540833712,0,0,2,0,24,0
100%,2021-08-15,12.154986271090513,15.431618979869343,9.253886191933972,11.99906027565958,239.78846654519194,0,0,1,0,24,0
100%,2021-08-16,20.1328279633955,23.654594576120967,14.319177510014255,19.45898986163641,302.7660427409078,0,10,4,3,24,0
100%,2021-08-17,15.857805119856591,18.913467084405077,11.010445789971826,15.336442732333282,287.24442474228,0,1,1,0,24,0
100%,2021-08-18,12.194136606844594,14.457303217364936,10.901784050178316,12.022488973905288,272.5037013148175,0,0,0,0,24,0
100%,2021-08-19,11.373664596308908,13.039495644822894,8.370451131950725,10.745436933056615,255.89150707223243,0,0,0,0,24,0
100%,2021-08-20,8.08182198794218,12.180373552143603,5.058187350973819,7.872334218909173,242.3687141837974,0,0,0,0,24,0
100%,2021-08-21,6.276205733657089,7.798171963655463,3.4328111620261987,5.015337286764588,152.61067762963546,0,0,0,0,24,0
100%,2021-08-22,11.791831199245392,20.0294116314689,1.773349282927339,10.926474626016406,352.4514432806727,0,0,0,0,24,0
100%,2021-08-23,16.603571660606825,18.33039685775983,14.22478032250232,16.476206338940813,26.84041446664827,0,0,0,0,24,0
100%,2021-08-24,13.592723958750382,16.46189558841636,10.942547140191893,13.44678189697707,42.850806388867795,0,0,0,0,24,0
100%,2021-08-25,12.7682099148643,19.85931224392289,8.31177433983738,11.34819004788191,359.5194280222781,0,2,0,0,24,0
100%,2021-08-26,18.945084446528092,21.270384748524997,12.997851076855216,18.647740922395368,352.8931264484867,0,4,0,0,24,0
100%,2021-08-27,16.37854769333321,19.647379573175172,13.142845815087178,16.18720177897172,1.5696153152230181,0,0,0,0,24,0
100%,2021-08-28,18.135768345348527,19.988851053561678,14.751091837072352,18.063329291654828,18.85609961869085,0,0,0,0,24,0
100%,2021-08-29,17.58760666195482,19.285869946778007,14.827986012059041,17.306982498731546,3.962820275172021,0,0,0,0,24,0
100%,2021-08-30,16.76013183479648,18.617195461015,14.104319608227334,16.60881413813028,12.445927416537643,0,0,0,0,24,0
100%,2021-08-31,15.409981937568,16.47228135388159,13.585123144887193,15.287000725509595,15.664567329818226,0,0,0,0,24,0
100%,2021-09-01,11.786064579356344,13.786293463257756,9.062326357629019,11.656768138796075,13.200007388425774,0,0,0,0,24,0
100%,2021-09-02,9.064146178712447,12.121981524479873,6.661647022673037,8.823054526291628,37.59068901075739,0,0,0,0,24,0
100%,2021-09-03,11.668385021650172,14.632503139586833,8.401958280536318,11.530001748888134,58.89058116565269,0,0,0,0,24,0
100%,2021-09-04,12.84535889257671,14.576393969184089,11.325764989573358,12.790660022488007,72.04562542625871,0,0,0,0,24,0
100%,2021-09-05,9.88297888435507,11.89604965527952,7.553544562678188,9.746807823652736,81.88829625346887,0,0,0,0,24,0
100%,2021-09-06,4.694450980718184,7.01000342004594,2.5321788355617683,4.535940812705191,132.97449849204583,0,0,0,0,24,0
100%,2021-09-07,8.038869603647507,12.163663407982607,5.852528342025689,7.0941175874436135,151.02509196800554,0,0,0,0,24,0
100%,2021-09-08,10.864600790821449,12.53742043130482,9.220472631354353,10.68430073833022,114.26533054238848,0,0,0,0,24,0
100%,2021-09-09,10.813101214215088,11.957476560001385,8.23745721182455,9.004046863598585,180.97547768196722,0,0,1,0,24,0
100%,2021-09-10,11.636420545566585,14.643929102831653,9.920201119294598,11.460099517455044,212.3962150941741,1,0,5,0,24,0
100%,2021-09-11,12.16323044601527,14.36323914294819,9.423285963600257,11.989992403322676,241.62574228148588,0,0,0,0,24,0
100%,2021-09-12,9.067037437703162,10.784339801027878,7.062067919617113,8.285546968793364,318.8993835720724,1,0,0,0,24,0
100%,2021-09-13,9.416299112589737,15.140202762929123,6.084884367617666,8.04263511436545,61.884633859546284,0,0,0,0,24,0
100%,2021-09-14,12.401561291296657,15.451140703437687,6.381338524163073,10.929334556267516,110.88482023700664,0,0,0,0,24,0
100%,2021-09-15,12.97573768140986,15.30052612473096,8.977451139270627,12.002185685383903,305.7702016227274,1,0,6,0,24,0
100%,2021-09-16,8.550257413759384,13.659324222485493,2.5534134803732003,7.586299044787812,278.35123201508867,0,0,0,0,24,0
100%,2021-09-17,8.783865153322902,11.543591507670723,5.81253576693382,8.051302057561651,216.99229005035784,1,0,1,0,24,0
100%,2021-09-18,10.319587705810694,15.05063450064628,8.600733966976907,9.358554893594226,135.00086851489357,0,0,0,0,24,0
100%,2021-09-19,10.356478099620649,14.311660297999016,6.826286614023271,10.228282403453662,110.39502646517298,0,0,0,0,24,0
100%,2021-09-20,9.478650197144018,13.319833428184085,3.1890017717611356,9.258255310028948,87.00051163575552,0,0,0,0,24,0
100%,2021-09-21,7.121660567946012,9.521668114096226,2.591144544314567,6.768166948097234,241.48322157014945,0,0,0,0,24,0
100%,2021-09-22,12.990369697307251,15.096155935472533,10.720995500102763,12.815752619966286,231.79683993839836,1,0,2,0,24,0
100%,2021-09-23,14.536494195044211,20.581387530463697,4.871141421513613,13.538572299894698,266.57344616927026,0,0,1,0,24,0
100%,2021-09-24,13.137408399821581,17.38593709695806,7.1405674556079735,12.99971735973337,236.55134583256154,0,0,2,0,24,0
100%,2021-09-25,6.973966736941758,11.465565622336573,3.3301017030537468,5.03723895454735,210.29104325180575,1,0,1,0,24,0
100%,2021-09-26,11.708736361788512,15.18384396655202,7.07424445484777,11.104871715851184,187.51122529800728,0,0,0,0,24,0
100%,2021-09-27,18.840622310851078,25.615408790330537,15.128627373063578,15.838926929432287,213.82522170024646,1,3,0,0,24,0
100%,2021-09-28,17.76295462948104,26.984815627874966,14.80291509573902,16.334199463124957,203.31211390107921,0,0,2,0,24,0
100%,2021-09-29,21.483125539989686,26.65015947374504,14.10154138154913,18.45742694977764,275.2637437177249,0,11,0,0,24,0
100%,2021-09-30,23.322511283338205,28.38384917639343,17.934560389786828,21.18823090707556,230.732978753773,1,8,5,5,24,0
100%,2021-10-01,21.552981586907677,28.21951963938737,11.070492838872422,20.220168978849106,217.1058881436595,1,11,0,0,24,0
100%,2021-10-02,20.915934848752116,33.878158268555985,9.076447042178591,18.651981613732428,184.72124201192736,0,2,1,0,24,0
100%,2021-10-03,18.411736625944204,25.746976032829988,8.23590533599509,18.30575763856403,229.60404253101032,1,10,10,7,24,0
100%,2021-10-04,21.912039635341827,23.87662839996293,19.489967533847043,21.594222508394385,209.403611140032,1,12,9,4,24,0
100%,2021-10-05,23.531245208146803,27.286951895289736,20.445090754523164,18.877459230560465,212.00838567652315,1,15,0,0,24,0
100%,2021-10-06,20.751713332117045,27.27294637077412,10.184339872426909,19.355548073199653,304.0658180650912,0,6,11,4,24,0
100%,2021-10-07,8.146147085979814,10.516720681639084,4.363547944327161,6.2790980470052355,213.65443369313923,1,0,0,0,24,0
100%,2021-10-08,8.477849294453229,11.32691975037544,4.655796392294411,6.615803578402099,136.61994851447292,0,0,0,0,24,0
100%,2021-10-09,7.598654273778394,11.31477489404586,3.0073949194419622,7.532265258630886,114.12483277519749,0,0,0,0,24,0
100%,2021-10-10,9.11030364256475,16.134615583209843,2.2706741076915007,8.604406946650297,328.9839446887702,1,0,0,0,24,0
100%,2021-10-11,14.618553829751987,16.230005265961296,12.710068070955645,14.526379119148098,320.8295114357621,1,0,17,0,24,0
100%,2021-10-12,17.174653263213465,20.327314383710238,12.288445157671074,15.533480258549897,336.34096137430754,0,0,2,0,24,0
100%,2021-10-13,12.59544132700443,14.076733354678648,10.503936745402239,11.272370920449402,301.7002655184604,0,0,0,0,24,0
100%,2021-10-14,16.698948478572195,21.046387198737932,12.360388387566413,16.237171950538706,260.71231671363984,0,0,0,0,24,0
100%,2021-10-15,13.773031064908333,21.721183236029074,5.7655186767001485,10.531539818188817,322.45830444786753,1,0,0,0,24,0
100%,2021-10-16,11.623119463630578,17.107418338579038,4.848855183399696,11.133420487816664,239.05627291342876,0,0,2,0,24,0
100%,2021-10-17,16.906215874636896,18.73649862083045,13.962432285377254,16.83503984880557,211.1051005159615,1,0,7,0,24,0
100%,2021-10-18,16.638594296973544,19.6092951645908,14.79142957837684,16.406375817783342,193.8159082285933,0,0,1,0,24,0
100%,2021-10-19,20.754997494069745,24.65573831297369,15.069240161980165,20.616389920473303,216.84092763372382,1,13,14,13,24,1
100%,2021-10-20,22.260024299534106,27.78302113048276,2.871625621543659,21.925419744525072,226.14637599864065,1,11,15,9,24,0
100%,2021-10-21,23.25160220060498,27.822037629251348,9.7425824862555,21.442390348112905,308.26195819991074,1,12,6,6,24,1
100%,2021-10-22,21.53965002881047,28.50433443066911,9.632788728923913,20.015643418066784,289.1578519369677,0,10,6,2,24,0
100%,2021-10-23,11.918652633504884,16.853700626872982,6.894431014980946,10.478221940987204,228.43254428511332,1,0,4,0,24,0
100%,2021-10-24,17.938092739438776,19.649131501870695,16.054530488418784,17.646067620256346,193.67214557681748,0,0,0,0,24,0
100%,2021-10-25,15.960762952124666,18.02682944394473,13.66921022848052,15.551472705294646,226.16775390238766,1,0,9,0,24,0
100%,2021-10-26,17.401664751353753,21.30725769690502,14.094664387860144,17.062276144426068,236.30217917040855,0,3,9,3,24,0
100%,2021-10-27,21.020693883243858,21.71783459248745,19.23194623152826,20.797909163092033,217.0416865774885,1,15,18,13,24,1
100%,2021-10-28,20.205641966964887,21.01139007521486,19.08122180706424,20.092575321500718,186.2609565622298,0,0,0,0,24,0
100%,2021-10-29,22.7483969860205,28.894049676062338,16.15270673477137,21.863060357511998,189.81336963471284,0,10,0,0,24,0
100%,2021-10-30,17.85332063711924,22.424932361537834,13.715539061119655,15.042803837092816,194.67705645021775,0,1,1,0,24,0
100%,2021-10-31,22.80116333958381,27.922922453197216,14.127141120438552,20.45544601273602,194.36728195287358,0,5,7,4,24,0
100%,2021-11-01,23.70317965544302,28.306942641129478,12.306425214278944,23.538339243324966,223.10786803764609,1,11,14,10,24,1
100%,2021-11-02,7.822370695231328,12.402394070553932,4.79143804496427,7.4547628912572845,258.2460747042511,0,0,0,0,24,0
100%,2021-11-03,6.913791423337309,9.480881022570877,3.943869917098627,6.429846083130561,343.63483622855875,0,0,0,0,24,0
100%,2021-11-04,18.90992839196426,23.381212364303366,10.465447032487248,18.75690584265182,353.8583570082832,0,2,0,0,24,0
100%,2021-11-05,15.865534580596437,19.163174714518885,13.225179958171948,13.408280179997579,302.1573298464977,0,0,0,0,24,0
100%,2021-11-06,21.59294100083375,27.14179232439154,17.507611939407116,21.391764201865954,246.26000061079876,0,8,0,0,24,0
100%,2021-11-07,22.368365828635078,25.512882130657886,15.046528584144276,21.85024462667362,293.1201084428247,0,8,0,0,24,0
100%,2021-11-08,11.124908562646409,14.9961941977578,8.155569587977936,9.100739333772097,270.11161370009006,0,0,4,0,24,0
100%,2021-11-09,16.01761519815074,17.258679489094277,14.884339164170097,15.980662527129105,215.76370137635925,1,0,2,0,24,0
100%,2021-11-10,10.756023223510278,15.922525115408696,6.910694544124199,10.59384717783334,226.38869743203313,1,0,2,0,24,0
100%,2021-11-11,8.3330080424609,14.02337365411468,6.03941689536303,7.807434148444208,221.89742577749777,1,0,0,0,24,0
100%,2021-11-12,19.593322245885794,22.18635065490952,13.783220462120694,18.70546521455182,203.82459265087132,0,0,1,0,24,0
100%,2021-11-13,13.586304855910457,18.74555903112402,10.563623965624696,11.026321395130118,320.67883207635293,1,0,0,0,24,0
100%,2021-11-14,11.590218692501098,15.26340581239167,8.829452852961484,10.873582463587937,73.70924227890663,0,0,0,0,24,0
100%,2021-11-15,8.140111277651535,9.409545892801349,6.735230827812998,7.806337452736467,71.15759802434513,0,0,0,0,24,0
100%,2021-11-16,6.526104824290251,15.016046888254806,1.6628510138383334,3.577172841162287,217.28711459345814,1,0,0,0,24,0
100%,2021-11-17,16.088907121872474,16.95581151360241,14.770134160583702,15.448971201092617,280.27109234682325,0,0,0,0,24,0
100%,2021-11-18,17.062307363282027,18.898458991760673,15.254460987154575,16.928102519905927,254.84809109546381,0,0,0,0,24,0
100%,2021-11-19,15.455482014364287,18.416630085662725,12.685322337085653,15.37694298384586,264.70575877770887,0,0,0,0,24,0
100%,2021-11-20,14.590061766465901,16.259360375966004,12.281632474925885,14.331076411303767,258.4659273909038,0,0,0,0,24,0
100%,2021-11-21,20.20552963360547,22.299572461636835,15.723045161513939,18.603367347255897,358.0417511135287,0,9,0,0,24,0
100%,2021-11-22,15.690749360234854,21.41333682999371,10.26204732921401,15.287413092000314,26.947338638072893,0,0,0,0,24,0
100%,2021-11-23,8.345841322043286,13.02381714043588,2.626661135799099,8.268757162710004,337.535134799243,0,0,2,0,24,0
100%,2021-11-24,7.56311694325261,9.638567315951754,2.914724403246236,7.348947111537161,246.8580708320021,0,0,0,0,24,0
100%,2021-11-25,16.787928750852007,20.271318431202143,8.532303715488483,16.23920660693971,327.0851609763034,1,0,8,0,24,0
100%,2021-11-26,18.22554671931946,25.45809918009676,11.840290359010572,15.252851460390602,272.5472915219474,0,7,0,0,24,0
100%,2021-11-27,12.522300694277575,20.90801573134402,1.3805938818628172,11.154632501488505,7.918564679213034,0,0,0,0,24,0
100%,2021-11-28,20.007340660765234,25.00033651746336,15.138604787953911,19.812956513127855,359.6235867396467,0,2,0,0,24,0
100%,2021-11-29,19.460046645797345,24.746627738188856,14.673085875341137,16.166308386452506,317.91196650899366,1,3,0,0,24,0
100%,2021-11-30,21.99114527661754,26.94756544721711,16.600133239852365,20.669873944868435,271.5231383129613,0,8,1,1,24,0
100%,2021-12-01,26.323873167295,30.377488385932843,22.38336178922482,20.846196667399557,284.32404275789133,0,14,10,8,24,0
100%,2021-12-02,20.32410285392702,26.97529143396459,12.107213112369175,19.561899903660375,331.6562800706017,1,5,7,4,24,0
100%,2021-12-03,16.312072589826084,25.69257190092545,5.687938240510465,15.767857650501556,243.5557561497278,0,6,3,3,24,0
100%,2021-12-04,14.09227893459807,23.868386815305826,6.808020805040138,13.277902081548818,253.6297234845744,0,0,0,0,24,0
100%,2021-12-05,11.186203325172102,14.894351103700913,5.503974708096167,7.114558614198147,28.48730659038813,0,0,0,0,24,0
100%,2021-12-06,14.860847275905732,23.152101934904923,3.7590768378730326,10.988903611399486,212.83799521494373,1,5,0,0,24,0
100%,2021-12-07,21.93174041212941,31.419516186779422,12.036755752445282,14.320320712934718,196.46595970536941,0,2,0,0,24,0
100%,2021-12-08,23.836732414403745,27.50925533332128,18.182525059114408,23.63121026731824,212.03250241783687,1,17,1,0,24,0
100%,2021-12-09,15.688010389836995,19.912929869650604,11.892577343215041,14.641805427009277,227.35347079436548,1,0,2,0,24,0
100%,2021-12-10,14.2152481091023,22.48111754154166,1.2235870425363748,1.335595097213392,330.6221322031326,1,2,0,0,24,0
100%,2021-12-11,14.88724666868571,21.0889173836334,10.480427016090875,9.808120763549697,267.5614263992117,0,0,2,0,24,0
100%,2021-12-12,16.7368738622383,21.29994795210845,13.502582458004483,16.437556325400276,231.61783358051898,1,0,4,0,24,0
100%,2021-12-13,17.036870490838947,18.868114533159112,14.524912539521258,16.98278717156067,216.56583097558115,1,0,21,0,24,0
100%,2021-12-14,15.2690091587665,16.904822277030554,13.75410141956372,15.1939647104115,236.5067595224319,0,0,3,0,24,0
100%,2021-12-15,13.48638217150886,16.52982488290427,10.869279076388068,13.361819997450048,250.42564207359075,0,0,0,0,24,0
100%,2021-12-16,6.857871442159884,10.103257346842682,3.7373382729660944,6.1390848484610085,289.07718393113794,0,0,0,0,24,0
100%,2021-12-17,5.893135148362478,8.327571767316822,2.317741454223134,5.636567528306974,48.098596530031784,0,0,0,0,24,0
100%,2021-12-18,5.80054629794687,7.6743248045180446,3.7720406155709854,4.698044720777703,37.9520343114126,0,0,1,0,24,0
100%,2021-12-19,13.522718713990441,15.876874589212415,8.70375287716161,12.90994476866537,349.11358159658573,0,0,7,0,24,0
100%,2021-12-20,7.627479205720975,11.00088638901751,4.998391114455842,6.59131570304516,46.62024615159095,0,0,0,0,24,0
100%,2021-12-21,6.2462422596732745,10.090850434476629,4.251445108111347,6.164882148033339,148.11305044365793,0,0,0,0,24,0
100%,2021-12-22,12.87759596567359,18.28201847929322,7.801918802487947,12.70289747321525,175.40983160918995,0,0,0,0,24,0
100%,2021-12-23,16.302987603467162,18.615279904070952,12.98250689203879,14.993969063150944,225.31346732082775,1,0,0,0,24,0
100%,2021-12-24,14.194394352131406,19.56013766066073,7.6995562813143525,5.876450544269707,292.2701683405434,0,0,0,0,24,0
100%,2021-12-25,21.113286580520693,22.575417493210466,18.485363813109988,20.830815495562515,92.03791117677468,0,10,0,0,24,0
100%,2021-12-26,16.80373985927667,19.43579074641451,10.821720530410724,16.504309879268362,120.92754048004315,0,0,0,0,24,0
100%,2021-12-27,13.387475055102252,16.297314919172074,9.15408965278063,12.980362256008513,158.54920599779655,0,0,0,0,24,0
100%,2021-12-28,18.660153355493616,21.481852063068555,15.846292066082315,12.045289705894477,239.3066347672594,0,2,0,0,24,0
100%,2021-12-29,15.944288849299866,21.555404799946253,7.005569238563399,12.893624645414672,239.2574284933325,0,2,0,0,24,0
100%,2021-12-30,22.672009490777175,24.95245944972957,18.681495662183714,22.658348547093826,232.46671970897683,1,18,3,3,24,0
100%,2021-12-31,21.643186530871688,25.038829003098268,16.689800905861837,21.340299155766097,232.4740310551868,1,14,9,8,24,1
100%,2022-01-01,19.039300912004972,21.99149584977125,15.57340903551498,18.771874787172525,209.01710489371592,1,1,4,0,24,0
100%,2022-01-02,22.025046480443688,26.860144756384116,18.582859053495255,21.43063368038879,232.0055621862504,1,11,13,4,24,0
100%,2022-01-03,22.14311860640002,25.43561024401661,16.575483139577663,22.069243046805745,240.98201503984686,0,16,0,0,24,0
100%,2022-01-04,16.243287413639973,22.026100507829806,12.236345494127235,13.605298970993843,297.9941049927074,0,3,2,0,24,0
100%,2022-01-05,24.66368319963033,28.60671675014791,19.331375830531673,23.60794413021666,305.5335999355594,1,11,5,3,24,0
100%,2022-01-06,16.97015075930721,27.79497870936058,8.340049773770804,11.76915304363079,236.7412408689542,0,4,2,0,24,0
100%,2022-01-07,20.546796625435032,26.513529174429745,17.64332430446252,19.41815105717368,257.0316840366252,0,0,2,0,24,0
100%,2022-01-08,19.199080545518978,24.67814871092794,13.827469547568851,13.789560336277308,235.95884196600224,0,8,0,0,24,0
100%,2022-01-09,17.3582130772532,26.27431927456359,7.5961161609026995,17.14167468357813,283.0664475937715,0,4,0,0,24,0
100%,2022-01-10,10.579228989577421,17.694918279629835,5.2932944557571,9.63470297879727,199.6704081235392,0,0,0,0,24,0
100%,2022-01-11,13.303221506022412,18.416879860314012,4.5499922761510705,11.090893918409503,209.81958041553787,1,0,1,0,24,0
100%,2022-01-12,8.647571854573831,10.89907327153142,6.1669666461332255,7.178952134242326,289.21077083365265,0,0,0,0,24,0
100%,2022-01-13,11.152063490906228,13.572215460453828,9.800012308694063,11.076013011015878,265.04557626478686,0,0,0,0,24,0
100%,2022-01-14,7.6025371342164165,13.106803763533145,3.2804811441328345,4.8314077526547425,296.554765097937,0,0,2,0,24,0
100%,2022-01-15,10.1652521419213,12.184566584435728,5.710728593516487,8.412460936985257,189.75924376246462,0,0,0,0,24,0
100%,2022-01-16,14.84076767914352,16.239653760349544,12.652345036346658,13.709357043301484,276.87657520076783,0,0,1,0,24,0
100%,2022-01-17,13.125930711281868,18.110898229573284,5.063207776551623,12.347978552232771,306.1635211643873,1,0,5,0,24,0
100%,2022-01-18,9.664887241771241,13.038462303332366,5.067803699571387,9.379157448962806,233.37918626836674,1,0,9,0,24,0
100%,2022-01-19,17.808677209446493,21.381928856876705,12.484515863488669,13.15584791401708,279.07122455872076,0,0,6,0,24,0
100%,2022-01-20,23.31560485874662,25.531501097680284,18.66729210560278,23.0781322604746,342.216117143351,0,15,3,0,24,0
100%,2022-01-21,15.971369925278724,18.858096506777326,14.160713290525685,15.485667520665666,318.96575112210564,1,0,0,0,24,0
100%,2022-01-22,11.136288036215817,13.288507318844653,9.068927586433189,11.070277985026571,305.1500283500916,1,0,0,0,24,0
100%,2022-01-23,6.4518421499144765,8.78481273749424,2.7183693215324523,4.965182675973763,237.16742936758044,0,0,3,0,24,0
100%,2022-01-24,4.778981275953625,9.495245445018945,1.6199492342875272,4.452496633969592,187.75658387810432,0,0,0,0,24,0
100%,2022-01-25,4.069346223421867,10.644299581677256,1.4368586141439204,3.0294651490698263,211.65394899296493,1,0,0,0,24,0
100%,2022-01-26,14.31418301432138,21.245537892071336,9.771082551757477,13.941933720304307,255.35540080839212,0,0,0,0,24,0
100%,2022-01-27,20.436973576512425,23.01522744046973,17.472712687868622,18.175954178781534,281.9457918018301,0,4,4,0,24,0
100%,2022-01-28,13.71138599488089,19.97526283935898,7.378450623456827,11.382718946484047,262.0396192881826,0,0,2,0,24,0
100%,2022-01-29,23.012841279186233,26.760409188731323,19.384517638942512,21.3680345345485,270.7130837605439,0,15,1,0,24,0
100%,2022-01-30,16.653648800888437,23.674035258330345,8.187504064670877,12.052549031423217,286.452544436828,0,0,7,0,24,0
100%,2022-01-31,29.32708509977419,37.200275726785556,17.02064070015271,27.541133037439852,309.65925585421303,1,2,11,0,24,0
100%,2022-02-01,22.469782329543804,26.534612327288933,16.886421257119533,21.50918919724473,284.16792255477424,0,17,0,0,24,0
100%,2022-02-02,13.552545908911314,22.318392235357422,7.630257925144861,12.336000898679226,281.24560891274604,0,2,0,0,24,0
100%,2022-02-03,15.853032821847554,19.164647135560628,12.889873747079912,15.708133654516214,233.81899697567178,1,0,8,0,24,0
100%,2022-02-04,21.838438644184695,24.133859478792953,15.950670187153843,19.142161324015028,260.26610117998064,0,11,6,5,24,0
100%,2022-02-05,24.17843288843763,30.941718836564398,19.829846691031516,23.067689290111876,248.79478960133815,0,9,3,3,24,0
100%,2022-02-06,27.494419565234153,30.402171372153095,23.107257065081843,24.950231922458325,268.7796652347385,0,6,0,0,24,0
100%,2022-02-07,19.870294822497346,28.986899414201872,14.768513676475663,16.71434319240512,277.7753486846599,0,2,1,0,24,0
100%,2022-02-08,19.075369306150105,20.858218493485797,17.10906964714126,18.95830840860694,240.91254623824776,0,4,4,0,24,0
100%,2022-02-09,14.42597116306913,20.054958579982674,6.097826341060816,14.28528710280307,238.52950046238976,0,0,1,0,24,0
100%,2022-02-10,13.20566957786827,22.673837361964214,6.367675583216688,12.699815355440597,280.4530749405666,0,0,0,0,24,0
100%,2022-02-11,15.072847036262418,25.28081002433605,4.489737481211912,11.582923437239195,301.14225399003953,0,0,2,0,24,0
100%,2022-02-12,20.63742572850062,23.290635940223233,14.973217998982756,20.595647600472848,196.86470232999085,0,5,0,0,24,0
100%,2022-02-13,23.98053569215767,27.40155322070012,21.317289185775426,23.77504012938591,193.79433401838975,0,24,0,0,24,0
100%,2022-02-14,20.596219951830545,25.555828580727233,14.67619692842279,18.900453375996026,230.45313034842255,1,9,4,2,24,0
100%,2022-02-15,18.851087382852537,27.203054793919293,13.925503997550488,17.598109754967926,237.48523762537536,0,4,3,3,24,0
100%,2022-02-16,26.124952771239816,33.2652424771172,14.311447260093871,25.251314578494394,237.38556912585597,0,13,5,3,24,0
100%,2022-02-17,25.16160499330077,32.45970181208015,14.71307378548873,24.981408511551784,267.4499508001317,0,5,0,0,24,0
100%,2022-02-18,30.127909409376127,41.60902917943973,13.026313652181628,26.95603659051469,232.1013246969968,1,2,6,0,24,0
100%,2022-02-19,26.202185333482998,31.532924603796413,18.61368123298062,23.524372385484234,254.41576164648012,0,10,3,2,24,0
100%,2022-02-20,27.02314203975096,34.67377550127857,11.922660901715833,25.59261443386698,239.06050719513115,0,3,5,0,24,0
100%,2022-02-21,28.06868058028391,33.2599211000148,16.58167800235454,24.88047204441986,284.6104249303576,0,5,9,5,24,0
100%,2022-02-22,19.490167411807803,25.206587257892664,13.769128663188356,17.333198408678786,261.09346140879484,0,6,4,1,24,0
100%,2022-02-23,19.679959555054072,23.86955713524897,14.905268107445822,18.30090817823771,228.42483377314218,1,12,15,12,24,1
100%,2022-02-24,22.208460659625953,24.473461215172133,16.56254911256115,19.960840479247388,247.2183443000712,0,13,8,8,24,1
100%,2022-02-25,17.91068475419527,24.753652840159866,3.1667658835726877,15.964317742003429,285.22825755748136,0,6,7,0,24,0
100%,2022-02-26,12.592995062081776,17.78146208152115,6.1821876385908805,10.865737991882906,173.7901157136281,0,0,0,0,24,0
100%,2022-02-27,18.440099516869083,19.77056469257927,16.051319662831343,18.313418449044697,144.7649291802718,0,0,0,0,24,0
100%,2022-02-28,16.96450235257131,18.960491943301648,12.807816682142535,16.851747406006407,173.43929570549756,0,0,0,0,24,0
100%,2022-03-01,7.259470214082808,11.799968073540663,2.0172553239987514,4.8728296803657045,101.89100581188097,0,0,0,0,24,0
100%,2022-03-02,11.804134795187762,12.865519815865472,10.82733126676309,11.684392229212287,94.29030949963112,0,0,0,0,24,0
100%,2022-03-03,13.245239439301498,14.900418926693394,12.00566152968284,13.17859067455478,116.33544671353258,0,0,0,0,24,0
100%,2022-03-04,11.630845207362015,14.76316586575953,8.150622591890002,11.587492857093556,124.45685801640604,0,0,0,0,24,0
100%,2022-03-05,10.640889272350373,19.564433386170574,5.386531592168836,9.378255766454782,60.25798755978269,0,0,0,0,24,0
100%,2022-03-06,17.626589626432526,20.190454546000943,14.572326656855342,17.552121791056315,49.02287029804626,0,0,0,0,24,0
100%,2022-03-07,13.142576579665905,18.9695119611916,8.467762012566164,12.406091573287814,94.64163511426983,0,0,0,0,24,0
100%,2022-03-08,18.447367509216715,20.969197732915042,15.577261262969957,18.188490465220752,143.3471523316565,0,0,0,0,24,0
100%,2022-03-09,13.920075705962319,15.66080016864333,12.859195163844024,13.882465839413817,163.46761969332488,0,0,0,0,24,0
100%,2022-03-10,14.9786129928303,17.57837373815373,12.87366675794734,14.869305496153876,145.7247011637612,0,0,0,0,24,0
100%,2022-03-11,19.931617099159883,23.279955190768742,17.617116563859348,19.639322203569257,142.96865768125986,0,3,0,0,24,0
100%,2022-03-12,17.93671428226735,21.608446959816888,13.328069204207386,17.069963825231774,169.176447454945,0,0,0,0,24,0
100%,2022-03-13,16.741180369402617,20.492611908179892,8.879273586369722,16.497047669971273,164.5627338721349,0,0,0,0,24,0
100%,2022-03-14,10.500725241857758,12.445183798394318,8.111570272019897,9.976173438723187,225.203061149557,1,0,0,0,24,0
100%,2022-03-15,8.001200512506495,11.696751351197191,6.1714230463416335,7.588606097416877,163.60326198367056,0,0,0,0,24,0
100%,2022-03-16,14.775150190701003,19.005350798705962,10.66469052378853,13.849362140079126,143.17995270883648,0,0,0,0,24,0
100%,2022-03-17,13.947028005870237,21.479485902211664,8.279899179889245,11.898306011654457,266.00989610382817,0,0,2,0,24,0
100%,2022-03-18,8.973381857071633,17.017391074396095,3.3099665376728384,5.887297905041367,62.028783005114974,0,0,0,0,24,0
100%,2022-03-19,18.101098100650905,21.51872757360477,15.722883416155142,17.95536118266931,82.83919837418989,0,0,0,0,24,0
100%,2022-03-20,13.949683313468377,19.643209752212442,8.757725320605847,9.664721415617528,105.77319401884142,0,0,0,0,24,0
100%,2022-03-21,8.52653849311686,12.550703359266254,2.8229181882600445,5.504182744928037,157.04421041616024,0,0,0,0,24,0
100%,2022-03-22,7.572363074899097,9.28214397361993,6.309331121621047,7.448494482837906,102.60783217693353,0,0,0,0,24,0
100%,2022-03-23,6.7546889174220075,8.101090931597772,4.6599339555662755,6.510237403347761,89.14281640662966,0,0,0,0,24,0
100%,2022-03-24,3.9779561316742225,5.981192011806929,1.7861529253798523,3.763002708967231,57.1127085085468,0,0,0,0,24,0
100%,2022-03-25,7.177332743249956,10.792832627516473,4.8190401255679705,6.966423609295432,39.36286197824785,0,0,0,0,24,0
100%,2022-03-26,8.734389300752262,12.619657159496303,4.595710675732303,8.62461905525431,38.97832497253734,0,0,0,0,24,0
100%,2022-03-27,10.67243625886144,12.788089662335647,8.872661131132526,10.612907689984317,54.85778018118765,0,0,0,0,24,0
100%,2022-03-28,5.553828087492807,9.192618780142881,2.7545326888868757,5.464589577866948,60.732885277434434,0,0,0,0,24,0
100%,2022-03-29,10.545262213730455,13.625755613021349,7.323068422889945,10.35013403813264,68.57473119284816,0,0,0,0,24,0
100%,2022-03-30,12.435772840348783,20.467965149768318,8.095350207348286,12.108598540070567,55.65467362294834,0,0,0,0,24,0
100%,2022-03-31,24.227075284245114,31.532860516390066,15.164904929797997,24.161839711736548,26.587872212054037,0,0,0,0,24,0
100%,2022-04-01,24.629414321192055,29.43143381418631,19.28752349024504,24.501829970103838,34.571672199375314,0,16,0,0,24,0
100%,2022-04-02,15.68726473755443,18.787228982983866,10.599116714357205,15.615063637166797,32.17352971496507,0,0,0,0,24,0
100%,2022-04-03,11.305007391894625,19.615223131692474,8.690402630838728,7.865033665791566,303.05275631530805,0,0,6,0,24,0
100%,2022-04-04,23.264634013585773,29.302613319028065,17.624549800311197,22.03675659336114,259.6557163367825,0,15,0,0,24,0
100%,2022-04-05,17.498570839582207,20.178761459712693,15.324010409886435,17.01517729807638,266.1683602651204,0,0,0,0,24,0
100%,2022-04-06,24.04282982693996,27.609037426693757,19.886914841464982,23.92027633258246,228.7362049077281,1,21,15,14,24,1
100%,2022-04-07,27.940034076277854,30.594963615697754,24.317316176615858,25.469112565361133,260.1534951530233,0,6,3,1,24,0
100%,2022-04-08,15.552922359632179,21.083304684184096,7.62758077450545,14.247011964654885,308.98128466836823,1,0,2,0,24,0
100%,2022-04-09,16.473764762883608,20.60181600342128,10.996071431177317,16.228262994027524,305.4781916348593,1,0,1,0,24,0
100%,2022-04-10,8.393553377309109,12.76409025924567,3.521614122812733,4.2003165796311155,244.32736701027017,0,0,0,0,24,0
100%,2022-04-11,13.971107855617655,19.422070627474223,9.096732854872073,13.556305933785326,113.86928181037894,0,0,0,0,24,0
100%,2022-04-12,13.324376559822253,15.313110215022638,11.527437663145284,10.30274655922902,154.43834098281673,0,0,0,0,24,0
100%,2022-04-13,11.658244671588852,13.488051189874072,9.594856573668805,11.380764224388091,225.06271687251103,1,0,3,0,24,0
100%,2022-04-14,4.601144717188366,8.66098283282379,2.788806451333263,2.942430349516238,290.38792472521095,0,0,0,0,24,0
100%,2022-04-15,8.865670044007532,12.277357901735929,4.537878984894753,8.799335801442961,85.95759012929312,0,0,0,0,24,0
100%,2022-04-16,10.496846721070089,13.269569221698385,8.881968970885294,10.338366080628772,102.52696506261879,0,0,0,0,24,0
100%,2022-04-17,11.677084360520503,15.668459990468,8.740514218788045,11.432019558942836,135.02779574336478,0,0,0,0,24,0
100%,2022-04-18,7.654245164704563,14.816795942836961,1.2721997915795198,4.69128078748566,176.0102115312369,0,0,0,0,24,0
100%,2022-04-19,10.647648730936336,16.912291781246946,5.522719194846219,10.375575084011029,41.020309191791284,0,0,0,0,24,0
100%,2022-04-20,14.712160843233578,16.57329264105277,11.859565023712111,14.641190050242752,64.46643551963848,0,0,0,0,24,0
100%,2022-04-21,15.362852878657426,19.147602846516634,12.194685977490153,14.991253916106634,61.36104801519315,0,0,0,0,24,0
100%,2022-04-22,17.878101703930685,19.539667266474655,16.549556491444214,17.706087659918452,59.63850652939641,0,0,0,0,24,0
100%,2022-04-23,19.55208252617182,20.713574095365217,18.3392238769071,19.39968542921581,68.00261912566242,0,3,0,0,24,0
100%,2022-04-24,18.639393171462636,19.865208127339827,16.918208641129617,18.311123998088167,42.98734238492676,0,1,0,0,24,0
100%,2022-04-25,15.880379528104186,17.942361610422733,13.787724471532458,15.751908365178556,36.00055478569368,0,0,0,0,24,0
100%,2022-04-26,12.371972790237004,15.323105057331418,10.100964685023774,11.892806800344166,10.48678411798437,0,0,0,0,24,0
100%,2022-04-27,9.269119438084633,11.032349821304717,6.552219702037711,8.89008764201859,15.551470117846975,0,0,0,0,24,0
100%,2022-04-28,11.425628378897757,14.507127863291599,8.813257858748855,11.309536913558475,52.88746598148879,0,0,0,0,24,0
100%,2022-04-29,13.592076428454718,15.098040440296838,11.181593191598992,13.481307781222775,39.250372515508104,0,0,0,0,24,0
100%,2022-04-30,8.548805943637033,11.318059158083782,1.771828922229963,7.833463826779152,355.7448969153708,0,0,0,0,24,0
100%,2022-05-01,4.817771557697142,8.133180873398755,0.5086166464173677,3.845949573466679,152.31212368997637,0,0,0,0,24,0
100%,2022-05-02,4.500360372304465,8.110518026113922,1.9534050467033046,2.25002427601942,51.30800573683996,0,0,0,0,24,0
100%,2022-05-03,9.034685707909865,11.674887935939235,4.502909149684195,8.694046663009928,20.441688950848004,0,0,0,0,24,0
100%,2022-05-04,5.735190403247888,9.095012521309332,2.153424833904496,5.263693563372388,194.1182277514161,0,0,0,0,24,0
100%,2022-05-05,4.8698731166212195,7.675329319863387,2.71101640091076,3.598899864792989,296.5073730223388,0,0,0,0,24,0
100%,2022-05-06,7.917488192923204,10.802776528332396,3.0974403147288156,7.651199224412213,225.09827037175322,1,0,1,0,24,0
100%,2022-05-07,9.971695336078085,15.100330311996165,5.68924911722667,8.138493776496418,4.710625615451136,0,0,0,0,24,0
100%,2022-05-08,11.723491528442132,14.43312437507432,9.96625939508397,11.569013231205542,51.88905110144634,0,0,0,0,24,0
100%,2022-05-09,8.40992202055256,15.837529532477987,5.285617721410699,7.2245842490138905,160.1737974523479,0,0,0,0,24,0
100%,2022-05-10,16.99702512318786,19.29567693341183,13.085481942772319,16.532313358948045,215.95268737981812,1,0,9,0,24,0
100%,2022-05-11,16.527929074302612,23.53123821330966,13.0802246520739,15.691011572547348,232.91044373690505,1,1,8,0,24,0
100%,2022-05-12,13.069019907233647,15.579091058855296,9.93089171339862,12.249220759371218,240.64224782176686,0,0,0,0,24,0
100%,2022-05-13,15.961331814997527,18.370289127949345,14.027961839337769,15.578096528057992,240.4774762319504,0,0,2,0,24,0
100%,2022-05-14,5.362697466391661,12.229527745710655,2.3624485360411667,2.6515870111349287,252.2284837759898,0,0,0,0,24,0
100%,2022-05-15,13.313959800127982,18.022957638352246,8.164077716364291,13.01775163020168,82.32344444259519,0,0,0,0,24,0
100%,2022-05-16,14.778295265862916,19.077053700860585,8.109933829322308,10.59420529345866,202.26646993866754,0,0,6,0,24,0
100%,2022-05-17,9.012766667715393,14.45522146762792,2.7648705679735617,2.9134545955432936,161.07526953319655,0,0,0,0,24,0
100%,2022-05-18,8.510341650334656,14.155176575707461,0.4843786440940724,4.177379615971898,172.1920399768128,0,0,0,0,24,0
100%,2022-05-19,7.6040915249608645,14.252044464348973,2.4011458576270144,4.665423756761983,210.54590244178056,1,0,0,0,24,0
100%,2022-05-20,10.406279422161022,21.133103697157605,2.870476442820994,7.30155573083142,218.0358034153539,1,0,1,0,24,0
100%,2022-05-21,11.21255369684536,20.97128785315467,5.896776203623184,10.102380916795193,244.92825237481907,0,0,0,0,24,0
100%,2022-05-22,7.852250842177969,9.648052112001809,4.670544019964273,6.707339638837259,163.6913784900355,0,0,0,0,24,0
100%,2022-05-23,8.526789211632659,16.03197190016853,4.245723264288693,4.8331662236100925,225.7529326251135,1,0,0,0,24,0
100%,2022-05-24,12.691885406481196,17.410062155503628,7.12150012612163,12.417232218012744,249.55371673382535,0,0,0,0,24,0
100%,2022-05-25,17.696549067980204,22.92942253046175,11.817505894478947,17.49510803253833,231.54386233547766,1,7,12,5,24,0
100%,2022-05-26,16.235772112321772,18.976497493251745,12.697502805552505,15.59842347550273,249.53507675482456,0,0,0,0,24,0
100%,2022-05-27,14.307626908077678,17.649758338841064,9.658576801082818,14.227645337215773,293.12776295668493,0,0,0,0,24,0
100%,2022-05-28,15.3289713632324,17.238509573995223,13.410022754408793,15.086671512917036,335.54806239746364,0,0,3,0,24,0
100%,2022-05-29,14.252046378253853,16.405011128670814,9.667576908885621,14.156539841134192,352.76335280431584,0,0,0,0,24,0
100%,2022-05-30,6.4688077527482335,9.179131757680219,2.104566118225596,1.8632171333812697,237.5180181739915,0,0,2,0,24,0
100%,2022-05-31,7.08639344981131,12.205218883301095,1.5315401032839728,5.348124380383117,183.46272131203554,0,0,0,0,24,0
100%,2022-06-01,9.761270311476776,11.62820136240098,4.6546493830736235,8.932862212202823,300.70602704110985,0,0,0,0,24,0
100%,2022-06-02,5.825949749308744,13.696173456863706,0.4084672506276546,3.8748297649690024,51.968219544721364,0,0,2,0,24,0
100%,2022-06-03,16.371604606100608,21.5258762392887,13.386575717564172,15.793359028639536,64.82777463940516,0,0,0,0,24,0
100%,2022-06-04,19.262609058850046,20.89778462109179,15.868281417946235,19.22425661549141,50.62157981918352,0,1,0,0,24,0
100%,2022-06-05,12.513725370021396,19.847528903899022,0.58391123761322,6.65022404295895,34.07194405540179,0,0,0,0,24,0
100%,2022-06-06,15.734801619927206,20.26627447494835,11.301486177999177,14.891821263294727,263.7738626556451,0,0,0,0,24,0
100%,2022-06-07,10.032530377470554,17.69606407903436,2.0050609811189797,8.189946837259596,252.6062532284783,0,0,0,0,24,0
100%,2022-06-08,11.183403682581556,14.828660579853011,7.128084462538787,9.8009876671293,217.8631305287304,1,0,3,0,24,0
100%,2022-06-09,11.730867035979282,15.38674641796298,6.859927919455899,9.80560710706479,247.61787690649388,0,0,4,0,24,0
100%,2022-06-10,15.534794849591146,19.729860930014542,13.373447324827234,15.469586343949862,217.123259681475,1,0,17,0,24,0
100%,2022-06-11,14.359329601198146,16.97377005426177,12.855750031748206,14.082558841627245,228.32697621366634,1,0,4,0,24,0
100%,2022-06-12,9.56153299254367,13.561525545725202,5.262699244623599,9.270656787273213,259.31530814263743,0,0,0,0,24,0
100%,2022-06-13,9.97564097961518,16.32967316081567,2.8507242866919484,8.381614911904489,295.63575496275723,0,0,6,0,24,0
100%,2022-06-14,7.392518508236136,10.501191534219892,2.5250429252345747,4.798223464482607,171.23848851017385,0,0,0,0,24,0
100%,2022-06-15,7.686025524947952,10.147833111228628,5.803824201495491,7.266241661798152,82.77155557295436,0,0,0,0,24,0
100%,2022-06-16,5.999563649247424,10.181300395718601,2.3779122843861202,5.571061376900097,150.19926584041855,0,0,0,0,24,0
100%,2022-06-17,13.919748779811705,16.99365997730502,10.305444691532005,13.00509998975947,200.14304384075376,0,0,4,0,24,0
100%,2022-06-18,12.371770219512406,18.29931212505299,7.757431465926514,11.724461116782098,10.398346683663476,0,0,0,0,24,0
100%,2022-06-19,12.628255374858837,16.0504234992747,8.432324460486631,12.310061335294142,358.9673820985926,0,0,0,0,24,0
100%,2022-06-20,10.323974279495763,16.318947079944394,0.9099622796446977,10.126692998038676,349.01844898132185,0,0,0,0,24,0
100%,2022-06-21,3.5450156301589133,7.826666061773398,0.5359968976690036,1.6440437146643234,143.9541241315397,0,0,0,0,24,0
100%,2022-06-22,7.866163804086697,11.298336555710886,1.9178731814638215,7.714296055031099,51.02905327823083,0,0,0,0,24,0
100%,2022-06-23,7.714400400109626,11.086516363566691,2.7428930251019357,6.243199535937937,96.55574072267689,0,0,0,0,24,0
100%,2022-06-24,11.900354058731233,17.678946807832887,4.8662722824574,11.459515637630632,203.64618751760437,0,0,2,0,24,0
100%,2022-06-25,11.254910746726042,15.39475700723295,7.340722582633388,10.169317542465922,185.97346557379987,0,0,2,0,24,0
100%,2022-06-26,10.553936626940624,13.151241705841276,5.461603092518259,9.975432024184368,191.96746208847838,0,0,1,0,24,0
100%,2022-06-27,8.624032957369012,12.814030543264911,1.6294260448049196,7.106715322508308,204.03897389352392,0,0,3,0,24,0
100%,2022-06-28,9.255400089486468,12.37828697526952,5.798856238018374,6.054219965897245,184.64141334858414,0,0,0,0,24,0
100%,2022-06-29,6.318577814025528,11.025135853838442,0.28303065248441445,5.0940834503852965,166.90425490392704,0,0,0,0,24,0
100%,2022-06-30,6.785663764045143,12.579790016374927,2.302537560991336,6.1370441173721115,225.24343626444065,1,0,2,0,24,0
100%,2022-07-01,13.815665929328487,15.699498059053115,11.748537255195945,13.633060926278917,225.56737959122506,1,0,11,0,24,0
100%,2022-07-02,13.001583409342212,16.862902141296875,8.984404032850165,12.752704166272904,212.39010089946575,1,0,10,0,24,0
100%,2022-07-03,8.674404495638184,10.840575951916847,5.42067200444789,8.436646132063796,256.03511966708993,0,0,0,0,24,0
100%,2022-07-04,8.637143220379683,11.333404524630236,3.915244931015726,8.089305829038748,260.878130603154,0,0,0,0,24,0
100%,2022-07-05,9.397114933975054,12.02887333636909,5.529464902752157,9.012834703996678,304.0797837782951,0,0,0,0,24,0
100%,2022-07-06,10.747435416492612,16.959676204002545,7.073456992962724,10.288338107261893,261.86413451890826,0,0,0,0,24,0
100%,2022-07-07,17.47033346023382,22.65272910566691,6.830560691529798,16.948433424739246,332.24714477059604,1,7,5,1,24,0
100%,2022-07-08,6.711958428718479,10.05817849463635,1.8754554596782116,6.204831536949569,267.39887284977954,0,0,0,0,24,0
100%,2022-07-09,11.573329628611928,14.515399571350127,5.694733870399984,10.55859339778195,337.5629662190075,0,0,1,0,24,0
100%,2022-07-10,6.645666022071798,8.955768685961928,2.0370086643294343,6.052877412094904,290.39227470770254,0,0,0,0,24,0
100%,2022-07-11,4.952008220673523,10.566791335951034,2.2380527845739935,4.068391833672293,105.84102482944377,0,0,0,0,24,0
100%,2022-07-12,10.784870971938867,14.743562069218259,7.579277832863156,10.478494875182358,187.12478473157447,0,0,0,0,24,0
100%,2022-07-13,9.784381417772456,12.510721942265285,5.780212077281885,6.01800968547367,330.7319278595794,1,0,0,0,24,0
100%,2022-07-14,7.813986097733626,13.930131191026275,0.5890094896646197,7.258625961034595,341.68646718811533,0,0,0,0,24,0
100%,2022-07-15,8.172337414378871,11.680584832777559,5.364914352152601,6.474655912967527,259.7020442028446,0,0,0,0,24,0
100%,2022-07-16,6.949782950373852,13.520994500865328,2.1005094796647557,4.357311573953971,16.17109763732924,0,0,0,0,24,0
100%,2022-07-17,8.091358634083639,10.731581936137855,5.32390960637994,7.796113309143839,168.42331975199068,0,0,0,0,24,0
100%,2022-07-18,9.525085782495678,11.760711125178048,7.975488090246145,9.306195983342711,172.9174669819207,0,0,0,0,24,0
100%,2022-07-19,11.96507515608674,14.893662170158912,10.317616868225484,11.49044096472464,142.3774184915032,0,0,0,0,24,0
100%,2022-07-20,15.512361163196877,22.624092903002627,8.957937672569168,14.448118061801306,218.4973660537072,1,2,1,1,24,0
100%,2022-07-21,13.408519691994352,18.79399613979171,5.362297825202469,12.831862061727389,339.16487229619327,0,0,0,0,24,0
100%,2022-07-22,6.193425020024386,9.519037734391945,3.743841977492231,6.029151273509892,25.02098856510429,0,0,0,0,24,0
100%,2022-07-23,7.086131504295789,14.462569427596659,1.5457555165830843,5.588335025637138,178.04396935424438,0,0,0,0,24,0
100%,2022-07-24,15.959783732353978,18.682542816532724,6.876502157037292,15.702030118895106,207.5902728058891,1,0,7,0,24,0
100%,2022-07-25,14.32616358810718,17.829666886380746,6.433135902283531,13.417215547891056,241.36318530516894,0,0,1,0,24,0
100%,2022-07-26,12.438910058776251,15.085801351775952,8.627521572817908,12.176782667539735,346.9170998328149,0,0,0,0,24,0
100%,2022-07-27,8.54623819950226,11.878588853521624,6.30720526040949,6.425126271280121,35.07357672532106,0,0,0,0,24,0
100%,2022-07-28,14.081076934256378,17.271993152540997,12.17937598590625,13.55612220259754,83.5122975665625,0,0,0,0,24,0
100%,2022-07-29,9.477701557947206,11.145747396843714,5.900792513922586,8.931825617165819,45.74461036980409,0,0,0,0,24,0
100%,2022-07-30,7.781614163272576,11.682785795688455,1.9941269790584482,6.996238475106626,207.56222372024226,1,0,0,0,24,0
100%,2022-07-31,12.563199949220701,17.282251176992126,9.603145791139212,9.836793212649214,255.1271085634752,0,0,3,0,24,0
100%,2022-08-01,8.011846817087603,14.028263557703578,4.232163354119333,3.9539863377982614,72.96131670358727,0,0,0,0,24,0
100%,2022-08-02,16.831001686870433,19.278154138954154,14.336963880033034,16.311759247114402,208.05198196369147,1,0,10,0,24,0
100%,2022-08-03,13.617963856495399,15.771668103951713,10.022471433785588,13.544979688229484,214.8568055013036,1,0,10,0,24,0
100%,2022-08-04,7.967697113422639,12.748713184568059,4.565405579988662,5.973363901079014,316.40722948684015,1,0,0,0,24,0
100%,2022-08-05,11.511551621026088,16.00274712000951,7.4921000435704865,10.75936765201397,341.3635883973218,0,0,2,0,24,0
100%,2022-08-06,4.3931739995363115,7.534487438006906,0.661010550570467,4.0132212249737265,317.24707234740913,1,0,1,0,24,0
100%,2022-08-07,3.0688954689566343,4.935011790610577,1.259237980913335,2.462410369190401,278.08038085589794,0,0,0,0,24,0
100%,2022-08-08,5.70936791983785,9.489762414312466,1.3340773647453013,4.806027195590658,24.62889531011831,0,0,0,0,24,0
100%,2022-08-09,9.582555797715742,13.536377931985651,5.827394455123312,9.452433689037823,50.46817250402711,0,0,0,0,24,0
100%,2022-08-10,11.714683695529578,12.889008775928234,10.347311750381794,11.559382796462057,63.113721639151436,0,0,0,0,24,0
100%,2022-08-11,10.852288967864217,12.495234487786098,9.171487243490727,10.720464303691516,68.00483527376059,0,0,0,0,24,0
100%,2022-08-12,12.130946524301294,14.385384223911672,10.142354917740596,12.011977986862917,63.37272875971803,0,0,0,0,24,0
100%,2022-08-13,9.617456717313763,12.751185315658118,7.034396307764589,9.05932232851579,87.55840965721978,0,0,0,0,24,0
100%,2022-08-14,8.585884074635157,11.428634233946974,5.977311827280368,8.430035536233687,91.80832234508517,0,0,0,0,24,0
100%,2022-08-15,8.445456989924779,13.581761401435848,3.6548935647722733,7.828191085592124,203.57840815622157,0,0,0,0,24,0
100%,2022-08-16,5.356394104399236,12.520821189080284,1.3166699391366008,3.9226409413265038,259.8109034474868,0,0,0,0,24,0
100%,2022-08-17,8.573025324283057,14.48535157242499,0.9613406854941204,7.504983984357437,38.27606240577046,0,0,0,0,24,0
100%,2022-08-18,6.265730143072736,11.144100620133203,2.605051754655976,2.2830862464704893,85.98985413626042,0,0,0,0,24,0
100%,2022-08-19,7.78162505501314,11.344058934789443,3.030399919814153,5.576309234660203,250.34312964454352,0,0,0,0,24,0
100%,2022-08-20,10.117547448984993,17.890185964654723,1.1399541780873235,9.299780604705825,229.33066226375362,1,0,2,0,24,0
100%,2022-08-21,8.91699587371482,15.66471638450362,4.844077274828059,8.000308514044773,233.04535157447538,1,0,0,0,24,0
100%,2022-08-22,8.661095235000667,11.12345007701642,6.426311772890507,8.55490923010614,135.89174954484253,0,0,0,0,24,0
100%,2022-08-23,9.595481181433769,11.723323861497821,7.466375056217249,9.436461511597612,201.18123273947276,0,0,0,0,24,0
100%,2022-08-24,8.756311983973436,11.44887546392314,4.60398555742122,5.988936658875563,180.74784161507495,0,0,0,0,24,0
100%,2022-08-25,10.305970499704987,17.521661459794334,1.9701788820136004,5.883694767400482,356.2701674437367,0,0,0,0,24,0
100%,2022-08-26,11.26756625294574,13.588205654603525,8.389990987057502,10.756447301669862,352.5426478603985,0,0,0,0,24,0
100%,2022-08-27,10.898537654685542,13.95078803751993,7.4523681474003975,10.73293855126752,34.81144940558892,0,0,0,0,24,0
100%,2022-08-28,10.497159579128303,12.987499416310165,7.665758032323489,10.39827764412584,38.570748438596866,0,0,0,0,24,0
100%,2022-08-29,11.432361424295868,16.96137747416106,8.444189936916523,11.331224511665921,38.817808467353075,0,0,0,0,24,0
100%,2022-08-30,15.485152828093973,18.20682144719996,12.77663464097795,15.412490824283129,52.47448027981511,0,0,0,0,24,0
100%,2022-08-31,19.389947354180734,20.949124552583474,17.975763143099478,19.370770860141857,57.98104291253986,0,0,0,0,24,0
100%,2022-09-01,16.594803383106512,19.55168043023554,15.588780736155504,16.532180699058415,70.41014841887926,0,0,0,0,24,0
100%,2022-09-02,13.981019506110796,16.836995081055242,11.861576285341197,13.852034127130027,98.64077335606771,0,0,0,0,24,0
100%,2022-09-03,10.691164181262096,16.19592553262182,6.64528973066166,10.444739625686248,132.05865710924206,0,0,0,0,24,0
100%,2022-09-04,5.878362626831172,8.6955977288434,2.1469208964117334,5.011003688032933,157.5014065558653,0,0,0,0,24,0
100%,2022-09-05,9.799086938041004,15.26670473863119,0.18803312772188016,7.866020886844162,142.92248073054054,0,0,0,0,24,0
100%,2022-09-06,10.710151651551351,15.547473794262416,1.8916879940882354,9.831147727239115,176.75315393489052,0,0,1,0,24,0
100%,2022-09-07,12.41911999583263,16.28970197459256,5.34466769764227,10.639031829955336,176.81127942316334,0,0,0,0,24,0
100%,2022-09-08,13.119308764551546,17.546695031191355,5.276671318058146,12.698961433440134,197.7353291727274,0,0,0,0,24,0
100%,2022-09-09,11.542461831365591,15.524731503712298,7.042710106995067,8.275605961391168,228.6032505406098,1,0,0,0,24,0
100%,2022-09-10,11.597604696349363,14.306256846669674,6.917078373860941,11.263031665554978,358.2337092872881,0,0,0,0,24,0
100%,2022-09-11,5.246652517797797,12.529877894261928,0.5820616963360454,2.3783294729507722,106.91644185798157,0,0,0,0,24,0
100%,2022-09-12,11.377847080987413,14.834855399545312,7.740053299356651,10.79312916174316,197.35242326118254,0,0,0,0,24,0
100%,2022-09-13,8.974740658337394,13.807353776724579,5.60281877241146,8.076384793933146,359.91394391836894,0,0,0,0,24,0
100%,2022-09-14,7.653743023912248,14.59086332519117,2.911733697331544,5.015162442105095,9.665384252483591,0,0,0,0,24,0
100%,2022-09-15,17.498213402801948,21.87225337660893,13.934986105325958,17.328053780120655,329.10164855195563,1,2,9,0,24,0
100%,2022-09-16,23.25884857344767,26.93639526646635,18.408342678984113,23.183734903719944,329.3285915320753,1,14,18,10,24,1
100%,2022-09-17,24.104145223241275,25.54528535736613,21.868287834589008,24.05718503079548,329.37353488027475,1,21,16,14,24,1
100%,2022-09-18,21.00813777991449,24.698834062617816,15.402300482708798,20.22044719702001,327.32114013668206,1,10,3,2,24,0
100%,2022-09-19,16.173177008312475,19.047355690508965,11.435015545965951,16.089422568733504,332.2403220569625,1,0,9,0,24,0
100%,2022-09-20,10.715994593043407,13.931587519579134,5.369492393608487,10.144941584744698,348.3245814859088,0,0,0,0,24,0
100%,2022-09-21,3.545624429839174,6.785646822962066,0.818812611700309,3.2013527809077007,173.44253656489832,0,0,0,0,24,0
100%,2022-09-22,9.964873866870228,13.641391762559195,7.46346814063107,9.834606794981665,190.42301137979015,0,0,0,0,24,0
100%,2022-09-23,7.500018433364943,15.068093848351236,3.526542083599752,4.038647220168058,263.26361764935825,0,0,0,0,24,0
100%,2022-09-24,18.243999026515635,23.400398761268836,13.954745209188431,18.16031609363116,25.314671785586484,0,0,0,0,24,0
100%,2022-09-25,13.002197782620975,18.81584508037588,8.550196259056607,9.306088247599295,320.1671576254544,1,0,0,0,24,0
100%,2022-09-26,20.74042349320294,24.930099666599876,16.159186372024248,15.962564187908617,288.2095868392283,0,10,2,1,24,0
100%,2022-09-27,16.441415467368206,22.171617177358645,10.030843817068803,15.816177752897122,309.4160123416027,1,2,8,2,24,0
100%,2022-09-28,9.945261806937486,16.268249919785973,5.982315530204928,9.819155719562396,319.1202313702831,1,0,4,0,24,0
100%,2022-09-29,4.23014132996821,8.325110453646511,0.5420977009903355,3.976317614737581,352.0159742644555,0,0,0,0,24,0
100%,2022-09-30,16.370416498070277,31.891236897703415,1.733931974090188,15.079020288370101,211.07511027460006,1,3,6,2,24,0
100%,2022-10-01,19.572073460323097,26.101277892998496,17.673616856009733,18.89002073253938,264.0667750923633,0,0,0,0,24,0
100%,2022-10-02,14.004605994495051,18.975215897421798,7.6769558523204475,13.383516689887015,296.6450192074515,0,0,6,0,24,0
100%,2022-10-03,9.165255901937831,15.355335488026364,4.93815053487801,7.456253624520476,235.20390234487124,0,0,0,0,24,0
100%,2022-10-04,18.5065125815285,20.863138494755702,15.474831913434935,18.413609210369472,213.4361060207856,1,0,9,0,24,0
100%,2022-10-05,25.040129365296682,29.167967154400753,20.421815170530248,23.39340869379805,224.77643057424746,1,16,10,6,24,0
100%,2022-10-06,19.850853151798713,23.81653862859082,18.54988166970206,18.88267156694028,242.77486690009692,0,2,9,0,24,0
100%,2022-10-07,21.79003790547294,23.48854150142287,16.795985590706163,21.03680062194907,230.32889550332936,1,14,16,13,24,1
100%,2022-10-08,14.22931035011716,19.969925542693304,5.567078541860941,14.05237522193277,284.40244443336564,0,0,0,0,24,0
100%,2022-10-09,14.463457735693071,17.98940490199803,6.036437121234435,14.146410800598558,175.60815833651623,0,0,0,0,24,0
100%,2022-10-10,14.856922631155818,17.063946474148548,11.058377896992216,11.13457871306298,286.42088770314047,0,0,7,0,24,0
100%,2022-10-11,6.987303920041889,11.83758592321607,1.3998330954782057,5.579454157910746,276.4906000553489,0,0,0,0,24,0
100%,2022-10-12,11.337119511752858,14.655656858194988,8.271280335554312,11.265989952816993,203.52726471715044,0,0,0,0,24,0
100%,2022-10-13,7.628060189363038,15.028586391825636,0.5979047793682654,4.545141583508928,259.54702096257535,0,0,0,0,24,0
100%,2022-10-14,9.287069663925788,14.720123346238573,4.2200950981726875,8.40373762463865,228.76810903646194,1,0,0,0,24,0
100%,2022-10-15,17.6487572019579,23.81555624457852,10.147699308337714,17.02930883745659,222.04413302508001,1,5,8,5,24,0
100%,2022-10-16,17.155676700292656,24.323263701577734,8.227823942130357,13.341614116244388,211.2439792478448,1,8,5,5,24,0
100%,2022-10-17,15.886585997120456,19.646278588811377,9.17474921994567,14.260965985154504,212.3575717242989,1,0,10,0,24,0
100%,2022-10-18,8.223200507740282,11.187724765194796,3.793476924850654,5.303246100607582,338.7676423967936,0,0,0,0,24,0
100%,2022-10-19,17.554779252905764,21.8457515095255,11.052296192900082,17.35469268860025,99.80090131503249,0,0,0,0,24,0
100%,2022-10-20,16.244339111784136,19.590125244737337,9.991180369773598,14.18593094953767,159.8085404951571,0,0,0,0,24,0
100%,2022-10-21,13.86116591873475,18.655431510681275,9.132890414634183,13.748338353253258,186.81710735334957,0,0,0,0,24,0
100%,2022-10-22,16.293599822222266,20.048197470604272,11.022615333293047,15.447939640048599,213.41101961134618,1,0,2,0,24,0
100%,2022-10-23,16.590390153986956,21.875655838492648,7.7705656361588265,15.007320825974544,156.55933105756048,0,0,0,0,24,0
100%,2022-10-24,22.213494862248524,27.663551576223384,17.62403387635056,21.486395246186103,221.40065999968976,1,3,9,0,24,0
100%,2022-10-25,14.959432697495094,18.11625185462686,11.794862845471535,12.94628673176532,218.43012130174526,1,0,1,0,24,0
100%,2022-10-26,17.76642754682862,21.03887645606001,13.162060693944554,16.10316193060622,197.11173957663908,0,0,12,0,24,0
100%,2022-10-27,16.39185860245224,21.554940813044468,10.848808009687504,15.73841660140558,183.1966155486127,0,0,0,0,24,0
100%,2022-10-28,13.912822513988083,17.928169595608104,8.984962371119268,12.737714206601737,210.45168089984233,1,0,3,0,24,0
100%,2022-10-29,13.000151553853959,17.383789059931246,6.728631126454385,11.40572513810555,179.75807756548704,0,0,3,0,24,0
100%,2022-10-30,13.866039967161909,17.970599660585325,11.075227979489265,13.705731336324433,217.01984676283044,1,0,10,0,24,0
100%,2022-10-31,15.412750035310182,23.835172680469668,12.427459754448506,13.263401400071327,164.26518103797343,0,1,2,0,24,0
100%,2022-11-01,28.593925955355047,33.111770356762584,25.528682224369707,28.14116000846677,212.16642897582048,1,7,8,2,24,0
100%,2022-11-02,25.57274678526768,28.71298045513984,18.92036996740003,23.041502196959083,221.40532591817868,1,8,3,2,24,0
100%,2022-11-03,16.53753875535155,27.54480391442321,3.252250259471988,13.133983576952755,211.89461066912145,1,5,0,0,24,0
100%,2022-11-04,12.822331138101092,16.152496782029537,6.065115845703671,12.125906323718548,317.8570411672815,1,0,2,0,24,0
100%,2022-11-05,19.021808328303546,25.92122084354078,14.651225778157437,17.693758578200814,231.43601728812385,1,6,4,1,24,0
100%,2022-11-06,23.208396057498785,26.373471071749375,19.22661291921745,22.28853469365376,208.88776989420484,1,13,2,0,24,0
100%,2022-11-07,22.955662176937754,25.580498652111046,20.527261461163143,22.4212496299761,217.63269437049152,1,12,8,2,24,0
100%,2022-11-08,24.82024169179203,26.784900621166422,22.52437525667314,24.368324404530377,197.7482183424029,0,18,2,1,24,0
100%,2022-11-09,21.405226343499326,25.392201432456307,18.284446896668946,20.629799069351915,235.1066355459086,0,4,9,2,24,0
100%,2022-11-10,22.290991393420736,24.653971337796474,18.53820567746188,22.039221587650232,227.85194583753824,1,16,12,12,24,1
100%,2022-11-11,20.040302837309234,24.654462560995345,13.095148210777156,19.971015621713672,209.75334546989174,1,12,15,11,24,1
100%,2022-11-12,10.882730559415897,12.91681488201556,8.738290991249118,10.246541233984207,176.037992644396,0,0,1,0,24,0
100%,2022-11-13,10.148357788807886,12.467132515378873,8.558054853530685,10.069691475288593,128.47812600000486,0,0,0,0,24,0
100%,2022-11-14,11.143765924898146,12.937621208471167,10.15947829492544,10.31764916479648,151.94079615604778,0,0,0,0,24,0
100%,2022-11-15,20.5782739925936,25.624012384850694,13.993673128606702,19.776288295245056,177.47840810546825,0,4,0,0,24,0
100%,2022-11-16,20.019909468001902,30.74492599482775,15.53541535423857,17.214611468473137,169.0567527790347,0,3,0,0,24,0
100%,2022-11-17,24.01688145958191,31.66615846240972,14.41431117587134,18.164183914496217,192.46124841840833,0,6,0,0,24,0
100%,2022-11-18,10.667031738298109,21.219781006292813,4.094541098301294,8.160959187799914,233.01975610448903,1,0,0,0,24,0
100%,2022-11-19,14.594351821870617,21.16572649160917,6.886447018336358,14.329012951223326,92.8043676794623,0,2,0,0,24,0
100%,2022-11-20,10.751371654586437,15.748596286763686,3.9731877149762544,4.335687608391682,210.48052834665285,1,0,0,0,24,0
100%,2022-11-21,16.355049656445676,29.676215287622984,8.361362891758294,10.410241428725488,176.30786195181634,0,2,0,0,24,0
100%,2022-11-22,19.132483960088145,23.997885163181035,14.470979289560455,18.36200943835137,209.97491224003338,1,6,0,0,24,0
100%,2022-11-23,20.25037095743529,26.97916920020545,13.86655956374522,18.513998150954233,212.07322091850978,1,3,2,1,24,0
100%,2022-11-24,21.047470269492262,26.435861809872755,16.444687976037148,18.950763228502666,212.94961444858495,1,1,2,0,24,0
100%,2022-11-25,17.15687664849997,21.271652285219215,14.34096324185022,16.17993227337498,245.33307879824025,0,0,2,0,24,0
100%,2022-11-26,17.403712611993164,24.010535412730977,13.612624794222114,16.18269161088696,207.17139711287183,1,1,1,0,24,0
100%,2022-11-27,18.631178339911916,25.33012089578053,9.668328546096099,18.497014783848858,189.9560138427959,0,8,0,0,24,0
100%,2022-11-28,6.916203925536613,11.670256362035179,2.4036803344478854,6.52245441698636,246.7085911080432,0,0,0,0,24,0
100%,2022-11-29,6.791451555634542,8.707496028202863,4.027747317269174,6.711655177751714,6.993754456522254,0,0,0,0,24,0
100%,2022-11-30,6.168746713454673,7.488732804011984,5.328529780747084,5.951010751872735,42.60645831949046,0,0,0,0,24,0
100%,2022-12-01,8.087668839393322,10.93440185329116,5.350209160343497,7.902163780999809,63.40733118031727,0,0,0,0,24,0
100%,2022-12-02,16.905942743003497,21.953119383188632,10.59402785054098,16.86730250881729,64.76511915503824,0,2,0,0,24,0
100%,2022-12-03,19.084263723625806,22.840522017642833,16.320966929827843,19.00548537036889,76.57928156217736,0,2,0,0,24,0
100%,2022-12-04,17.435330958582316,19.648665012568195,15.617061556310372,17.341379999492432,80.90756230265538,0,0,0,0,24,0
100%,2022-12-05,18.08354222901872,19.968335329528813,16.22402784066813,17.68859968301689,53.09414915667378,0,0,0,0,24,0
100%,2022-12-06,15.383811902444299,17.57230357668743,12.633793650305707,14.3650993261502,350.9803384071893,0,0,4,0,24,0
100%,2022-12-07,16.89133826191105,18.803115519767665,15.205914734151806,16.45982070933179,325.4552845915724,1,0,11,0,24,0
100%,2022-12-08,13.277990386647,19.565035694479313,6.345304128948209,12.785051322243318,321.1487750290172,1,0,5,0,24,0
100%,2022-12-09,6.383003099274693,9.591578790362258,2.7085842629270322,5.813067624171485,308.92657033728705,1,0,0,0,24,0
100%,2022-12-10,7.069337003837255,10.548780166595115,3.7418401966204033,6.962175253142506,266.14012242655014,0,0,0,0,24,0
100%,2022-12-11,6.580758780269892,11.256590236096402,2.926872813806356,6.164394013689879,177.26207322863877,0,0,0,0,24,0
100%,2022-12-12,11.156670040138147,12.86715089201758,9.610476211817993,11.113750339389975,175.40974266803994,0,0,0,0,24,0
100%,2022-12-13,10.154169636206076,12.642272058646908,8.638854973648643,9.688526204377844,139.28871034221515,0,0,0,0,24,0
100%,2022-12-14,10.09380562979493,13.37274643654177,7.019956735154418,7.319586528906935,17.013215551143162,0,0,0,0,24,0
100%,2022-12-15,14.974971071879038,18.659568494793195,10.901139596517108,11.633228035437002,323.97361621893896,1,0,2,0,24,0
100%,2022-12-16,8.899423586517688,16.27912892567831,2.057735879518353,6.322480799405233,16.00434464916873,0,0,0,0,24,0
100%,2022-12-17,16.400480261287466,19.971711753137107,10.210748038753273,16.039727177440973,210.27701808459562,1,0,0,0,24,0
100%,2022-12-18,20.07543453923196,26.142792104988462,16.152320424859738,19.761939043622828,168.5594274699199,0,7,0,0,24,0
100%,2022-12-19,25.32534713478007,26.138618416963617,23.341445895392027,25.126479709158186,199.1710343644838,0,24,0,0,24,0
100%,2022-12-20,18.57826088789895,25.502682516736243,10.920309992130662,17.49620253400919,215.82437139566312,1,10,0,0,24,0
100%,2022-12-21,16.171604472492497,20.112084635950335,10.466699190902084,16.034496955001835,218.63990967717652,1,0,15,0,24,0
100%,2022-12-22,9.936773553775309,15.013898299386417,5.738485566551937,8.681767575305775,248.3444704711516,0,0,1,0,24,0
100%,2022-12-23,8.66175780350748,22.58270362900816,1.7139407801986004,3.859041265950592,225.69203798828784,1,0,2,0,24,0
100%,2022-12-24,16.906555597881113,20.24702343542198,13.389684250156016,15.660676924453911,232.4087263242456,1,0,0,0,24,0
100%,2022-12-25,15.441355357822394,19.061149668123086,12.156636257396698,15.261810604631274,201.58489957375835,0,0,4,0,24,0
100%,2022-12-26,21.225996123167224,25.11776045936156,17.447740751656532,19.371277040650345,253.37622256012153,0,6,6,3,24,0
100%,2022-12-27,20.845022771339725,27.495364056011347,14.834389814034305,18.671227323871197,231.06808707779442,1,7,1,1,24,0
100%,2022-12-28,26.27388255751293,28.893415328148617,20.84683629372051,25.883668584896654,214.75338525718854,1,12,13,6,24,0
100%,2022-12-29,25.402515166598928,28.943855837260433,21.31079873525353,25.0426756564605,233.59640957001074,1,15,7,5,24,0
100%,2022-12-30,25.253705874215992,31.320717762958466,19.329633577243687,23.21070368043464,204.59155412980576,0,9,9,6,24,1
100%,2022-12-31,25.234603114059386,30.568588322877268,18.975690256648036,25.138676891935887,218.5003650268047,1,11,23,11,24,1
100%,2023-01-01,20.500890053119118,28.644719626096336,4.82702793859105,20.135320866353336,217.6945124975376,1,12,14,11,24,1
100%,2023-01-02,11.468310908309428,15.661107271229316,3.3606910923057107,11.097560474816294,265.6374803060206,0,0,0,0,24,0
100%,2023-01-03,19.635322867002984,29.88133606137634,8.46309077459052,19.12263711900417,199.21104193546654,0,6,0,0,24,0
100%,2023-01-04,26.06453591563727,29.84264704017351,21.58038121616751,25.336371947897874,237.85221121818768,0,14,8,0,24,0
100%,2023-01-05,18.406588398774606,23.162256176769432,13.404074589243535,17.226971514052753,243.10795444347195,0,4,10,3,24,0
100%,2023-01-06,20.425556871057278,27.08580927162677,17.32592257098763,19.77631220152744,223.98485618707488,1,6,7,4,24,0
100%,2023-01-07,25.164193346959255,26.656503240819085,22.782449404339662,24.705954516041206,194.6261159895644,0,24,1,1,24,0
100%,2023-01-08,22.829505698608013,24.06820582892622,20.428549673269238,22.4229987422084,206.52678504799383,1,16,4,4,24,0
100%,2023-01-09,18.05910426897329,21.39027090164657,11.786145998168273,16.71475818808579,262.0916342637356,0,0,2,0,24,0
100%,2023-01-10,23.316602956419754,29.933636550293556,16.359290030604317,21.076692532976434,218.31605559017027,1,5,4,1,24,0
100%,2023-01-11,23.697403398117178,28.270052238055133,18.950779520220436,23.374450542219943,240.05765461319385,0,14,4,4,24,0
100%,2023-01-12,26.50554001829315,30.798029422649602,23.49287561313244,26.25219510839917,235.6912800476186,0,18,6,5,24,0
100%,2023-01-13,26.41231688993201,29.41096071622046,19.868818308868104,25.83464251778111,250.9882110952006,0,7,0,0,24,0
100%,2023-01-14,24.599383210747558,32.27980857712667,18.71048740433963,22.237538425245763,226.21377936809571,1,10,4,0,24,0
100%,2023-01-15,24.599405163276007,32.299811607282024,13.082084224506895,24.412130499813653,248.85513385744608,0,5,0,0,24,0
100%,2023-01-16,17.38704161166537,25.569543660056897,9.44657039563493,5.299296016763019,345.74916180655254,0,3,5,3,24,0
100%,2023-01-17,14.170550721472459,19.800315823742388,11.58219529763205,13.97979999813335,287.96999770692764,0,0,0,0,24,0
100%,2023-01-18,20.443652168952443,24.0028125043756,15.91016941337238,19.905839993380027,270.7820437864863,0,2,0,0,24,0
100%,2023-01-19,16.21509523686432,23.71875911881151,11.541631484936703,15.961203222414648,292.9652706103192,0,1,0,0,24,0
100%,2023-01-20,15.495066501984747,19.411686312236263,12.811954084588656,7.989707613501449,339.2145483929531,0,0,0,0,24,0
100%,2023-01-21,7.516218604433793,12.228867569799641,4.770140741987718,7.385890991019031,69.63232693293293,0,0,0,0,24,0
100%,2023-01-22,9.637371089468543,11.436217336629076,6.6037982805252975,9.494572762625788,41.257488229294665,0,0,0,0,24,0
100%,2023-01-23,7.930729949188842,9.777184088427461,6.61324166420001,7.806184134383571,77.46175091382344,0,0,0,0,24,0
100%,2023-01-24,5.49671068542282,8.213544442080995,2.115740380953904,5.175746988572708,89.7968446883076,0,0,0,0,24,0
100%,2023-01-25,9.779220753799521,13.65235771667631,3.3710953940057253,7.554423967891461,252.11146058124086,0,0,4,0,24,0
100%,2023-01-26,18.18780957740524,21.703762989997767,14.805432933078192,18.137537673819565,9.043209552441226,0,0,0,0,24,0
100%,2023-01-27,13.760542085598095,18.118982598426616,7.637966486681129,13.541328291183918,42.23662025864553,0,0,0,0,24,0
100%,2023-01-28,6.154109439155491,8.669658875341138,2.9762188299482757,4.388004114554554,312.92229978274213,1,0,0,0,24,0
100%,2023-01-29,17.445390310797915,23.169533162676306,10.503872676268633,17.354220185448753,249.14019764788995,0,2,0,0,24,0
100%,2023-01-30,21.206441988729647,25.538192986027443,11.619551133090127,20.368780005088897,290.7976589168625,0,12,2,0,24,0
100%,2023-01-31,20.290272050336295,23.066731393465854,16.40803994512021,19.85938775390542,264.2182554027539,0,7,0,0,24,0
100%,2023-02-01,23.2993771443209,25.445759313584905,19.639700830954254,22.94906908187445,270.63725311644805,0,13,0,0,24,0
100%,2023-02-02,18.948759690407908,21.4270286605972,16.203470919077105,18.713944516262465,265.39821934888215,0,3,0,0,24,0
100%,2023-02-03,17.454704761175172,22.55580774805504,9.848884197414543,16.343760678315597,282.3087975531264,0,4,0,0,24,0
100%,2023-02-04,7.5520090150525645,11.878601101127455,4.342685392203446,7.111752156650954,282.77612737335426,0,0,0,0,24,0
100%,2023-02-05,16.79218974211352,23.865916003337322,9.533184239317643,15.334738804382336,347.55481971309007,0,2,0,0,24,0
100%,2023-02-06,5.369398564426248,9.131372174788758,1.1039587704095017,0.14710187146456427,194.38594581809846,0,0,0,0,24,0
100%,2023-02-07,6.07387046083673,7.648985191353785,5.122310933367352,5.99352160870945,184.29940306064034,0,0,0,0,24,0
100%,2023-02-08,10.059566882609499,15.116644926044774,4.693613862213093,9.782853611846255,187.66105267287926,0,0,0,0,24,0
100%,2023-02-09,12.512535625881057,16.372037325640846,8.916812356517376,11.139857798984837,259.11535059519827,0,0,0,0,24,0
100%,2023-02-10,15.146239512459083,18.77006641727773,11.487770903916479,14.814592244064126,247.6371319931536,0,0,0,0,24,0
100%,2023-02-11,10.963077610066799,15.11980183069393,4.690367572529158,10.850467736910321,269.7209072031564,0,0,0,0,24,0
100%,2023-02-12,4.48953905057668,6.2581840912456315,3.2261724234631597,3.508440012254398,201.7265527354526,0,0,0,0,24,0
100%,2023-02-13,7.170797187538324,8.107252900147138,6.108560604627962,7.052785043827283,143.55750277258812,0,0,0,0,24,0
100%,2023-02-14,6.716457700970866,8.55286036830556,4.9349082132175495,6.509504215800343,186.19805842680708,0,0,0,0,24,0
100%,2023-02-15,12.372747357386059,16.56701246340359,6.232484998212144,11.365734953214712,199.15438393466601,0,0,7,0,24,0
100%,2023-02-16,16.63018986787986,19.704296459182693,12.522625414303398,16.337381765954575,224.95765324146205,1,0,7,0,24,0
100%,2023-02-17,18.717148864834808,24.50923461817324,8.09494670262354,18.299592559091018,248.54698028781624,0,10,0,0,24,0
100%,2023-02-18,18.666061078595195,23.548629743105195,11.73376267136682,18.44344898916038,251.56197264717412,0,6,1,0,24,0
100%,2023-02-19,13.668718411803782,19.71541277538015,7.015945684689586,11.125761738410574,276.50243210968375,0,0,5,0,24,0
100%,2023-02-20,18.78373525060395,21.43906292558972,14.931262547841891,18.742212214043523,247.06460166668856,0,0,0,0,24,0
100%,2023-02-21,10.486899985843339,15.064397072306955,8.52708194559991,9.384030697013861,231.30562773807685,1,0,0,0,24,0
100%,2023-02-22,8.499270114662615,11.731581242273263,5.478823720176398,6.274883322039461,207.77052605866095,1,0,0,0,24,0
100%,2023-02-23,11.386883491375196,17.499473741682745,6.994716160533771,10.46741092622896,358.69854615284464,0,0,0,0,24,0
100%,2023-02-24,18.700708457807206,22.502713106507304,10.981356778476243,15.796428093091915,316.56997606626845,1,5,1,0,24,0
100%,2023-02-25,20.14850067827351,23.82771941668781,15.399922453939935,19.54457553205216,10.822657534868938,0,5,0,0,24,0
100%,2023-02-26,17.54992742596105,19.24266454774211,14.781189549067834,17.3440738379566,44.34628487671108,0,0,0,0,24,0
100%,2023-02-27,13.612274244816868,16.650596967377805,11.823127635249694,13.575834868714654,53.22623158952109,0,0,0,0,24,0
100%,2023-02-28,10.951344283488423,14.092331812787288,8.363916316158772,10.623779076180638,48.63250972573536,0,0,0,0,24,0
100%,2023-03-01,10.787453531919917,14.995092578355303,8.607762545335989,10.533499731944802,56.821082374439015,0,0,0,0,24,0
100%,2023-03-02,15.58827009083005,17.593278186560354,14.232403442130844,15.225108850838765,51.38430684391511,0,0,0,0,24,0
100%,2023-03-03,13.617131775540107,16.28174474649729,10.204329546025152,13.119345570500668,19.024787523636064,0,0,0,0,24,0
100%,2023-03-04,13.810568577716884,15.504092921763318,11.914096629238749,13.722366502062744,346.43750081775624,0,0,0,0,24,0
100%,2023-03-05,10.692350866998604,12.909895992876589,7.344265341327213,10.551463980789482,318.8554598242422,1,0,11,0,24,0
100%,2023-03-06,14.509607530414739,19.55155137706039,6.296742139087191,12.409608488334412,266.2894793320553,0,0,0,0,24,0
100%,2023-03-07,13.66247806431407,16.897240348033474,8.023649410913535,13.502827507457274,304.81939460528196,0,0,4,0,24,0
100%,2023-03-08,13.169087738969962,18.868192395969764,0.9138518014964712,12.357891593837358,86.55204335164484,0,0,0,0,24,0
100%,2023-03-09,16.02109280677217,22.329994944828954,11.133478593009587,15.734613374506623,84.75560092467555,0,2,0,0,24,0
100%,2023-03-10,22.68798436310624,28.20878115128401,15.993082462259846,16.907279809138597,24.992635350749367,0,11,0,0,24,0
100%,2023-03-11,8.98953428772826,15.23403536994069,4.67214337823665,3.7471686176604346,267.34222113963307,0,0,0,0,24,0
100%,2023-03-12,19.141298473309597,22.866062018633272,15.04760622383344,17.087608171250405,216.42822664512025,1,6,4,3,24,0
100%,2023-03-13,28.73301849696793,33.03146089638447,23.609269851257785,28.656834610506344,219.32508847169876,1,10,22,8,24,1
100%,2023-03-14,19.619441981592416,23.582904173857003,16.792136766409868,15.096655203589473,299.73585465154923,0,6,4,2,24,0
100%,2023-03-15,11.79882295528841,16.692549190628366,3.404111363122715,6.5805096618582395,225.4317503286404,1,0,1,0,24,0
100%,2023-03-16,19.623776171184353,21.608166929104115,17.502696223782287,19.579451448860784,182.78794627754021,0,6,0,0,24,0
100%,2023-03-17,11.441147911095412,17.523537756764007,6.386139406389654,11.271422885055738,201.44303948973797,0,0,2,0,24,0
100%,2023-03-18,12.172936200933739,13.548732073575778,10.35911269034657,11.62564131135637,192.13005126325567,0,0,3,0,24,0
100%,2023-03-19,8.974203987762577,13.216289946182512,5.664017470017698,7.608055418768909,256.13109421408967,0,0,1,0,24,0
100%,2023-03-20,15.16851897698393,17.05034172678561,12.939284467700674,15.141451394295053,226.53716119787694,1,0,18,0,24,0
100%,2023-03-21,18.752831989332268,22.4549716142317,15.433283194902971,18.66267903695002,211.038950639368,1,3,12,3,24,0
100%,2023-03-22,23.608349045882175,26.471103567096936,21.41684036171059,23.583321663514436,208.845178480377,1,24,10,10,24,1
100%,2023-03-23,22.259956383731634,26.516721133128865,18.974623518343158,21.895140225020008,213.691221018852,1,15,14,10,24,1
100%,2023-03-24,22.12090797111463,24.071326799762385,18.98070938614503,21.9133680741052,225.91046705934892,1,16,16,12,24,1
100%,2023-03-25,19.378905540598474,24.972606583040655,4.991180914121377,18.561909445108892,248.4784137149237,0,15,4,4,24,0
100%,2023-03-26,14.60325410647318,19.384325724340652,1.3640497257522741,12.568719926374161,30.24622847085311,0,0,0,0,24,0
100%,2023-03-27,15.434941280664754,19.25471250841927,4.070448600404719,15.245860321162676,331.0290410059963,1,0,8,0,24,0
100%,2023-03-28,16.582835455581854,21.309886111412435,5.066313549822944,16.16843780360757,193.64614851768602,0,1,0,0,24,0
100%,2023-03-29,15.19425187605299,19.070841191278145,11.36965781111525,14.80796752188278,207.97771320010247,1,0,7,0,24,0
100%,2023-03-30,21.34458160790571,23.395484825447276,17.09782827547915,21.200527886128768,227.03052050403275,1,12,12,6,24,1
100%,2023-03-31,14.434902856116404,20.921942628646153,4.071254207207677,11.164782254592538,194.99051045560097,0,0,0,0,24,0
100%,2023-04-01,16.76899764321571,19.425592455305217,12.82622964334017,15.749952451054435,358.6923859979439,0,0,0,0,24,0
100%,2023-04-02,17.836477704634103,19.59900757540144,15.192028557717837,17.632803836337597,46.46416087878907,0,2,0,0,24,0
100%,2023-04-03,13.806595355526113,15.794291151090091,12.347344909046923,13.690916263179856,89.21728236369728,0,0,0,0,24,0
100%,2023-04-04,6.6569868190121895,12.91089610626256,2.08358456521003,6.295934050959465,114.17886362368682,0,0,0,0,24,0
100%,2023-04-05,6.6722694658323976,10.168543768977726,4.785547205669434,6.479526563174693,159.67836114083968,0,0,0,0,24,0
100%,2023-04-06,11.718939346736285,15.556880833605526,8.622570412861903,7.797636347382513,209.5977624412542,1,0,0,0,24,0
100%,2023-04-07,12.705440954739784,15.474978407620299,6.3183612674306096,12.490071495152428,329.29497700747373,1,0,8,0,24,0
100%,2023-04-08,6.424162926282391,8.9631861908816,3.585550241671724,5.742320205677077,41.47225607747771,0,0,0,0,24,0
100%,2023-04-09,8.424130681680605,15.089311368672334,6.181345723632913,8.108915914293073,127.1986325486306,0,0,0,0,24,0
100%,2023-04-10,20.331156664102473,25.138643058989157,15.767013379504906,17.59813481708101,199.01535197200073,0,9,0,0,24,0
100%,2023-04-11,20.17639229191107,26.826560591514923,16.40800423793161,16.967020266876222,229.07135526198252,1,3,0,0,24,0
100%,2023-04-12,19.301748904768314,27.205790575959348,13.204708625671032,18.415337969578196,208.02989047437399,1,4,0,0,24,0
100%,2023-04-13,19.82566175305111,24.442354591904014,13.831427465383323,19.158241835527466,241.8649848916595,0,9,8,0,24,0
100%,2023-04-14,11.558009433904568,14.42225337503568,8.502182604110558,7.569179059270257,146.76581889621468,0,0,1,0,24,0
100%,2023-04-15,12.897943264256256,15.188839224001274,10.658970770790873,11.721177144913959,30.362717426523318,0,0,0,0,24,0
100%,2023-04-16,8.791245248842943,13.234690510086402,5.302962470973531,8.426890150794641,5.526327855323473,0,0,0,0,24,0
100%,2023-04-17,10.250332786025925,13.781547243353392,5.241535640682552,10.166378058988913,36.54610486781917,0,0,0,0,24,0
100%,2023-04-18,17.56414766007469,20.290526933464026,14.542284045858313,17.43437460665272,62.252155187453184,0,1,0,0,24,0
100%,2023-04-19,19.05662657084647,21.137351371637976,16.330025671044655,18.699160109263424,66.29444945115506,0,7,0,0,24,0
100%,2023-04-20,17.635239149398316,19.67548111292156,15.651396003780619,17.30485057792711,51.896483579699634,0,0,0,0,24,0
100%,2023-04-21,10.446362308628254,15.503792968688117,7.103035204869137,9.473024902916865,81.29986136999855,0,0,0,0,24,0
100%,2023-04-22,8.43223431626212,12.703322272508043,4.354498375777602,8.29195034806171,192.64673704711987,0,0,0,0,24,0
100%,2023-04-23,11.691246867268068,17.50981411840609,3.682739998783129,8.600667584393937,190.07383359348262,0,0,0,0,24,0
100%,2023-04-24,18.190060718739087,20.620116009887536,13.328561381230049,17.5984181944491,314.3080272860881,1,0,3,0,24,0
100%,2023-04-25,13.853253659437302,16.807874064901014,5.977119066441447,13.794347492553056,336.785395020747,0,0,0,0,24,0
100%,2023-04-26,4.088888917540243,7.187623146753943,0.2326011716663456,1.4075390625029254,303.6466417720793,0,0,0,0,24,0
100%,2023-04-27,11.637705533075746,17.73402238035924,6.842136435965365,10.89565974962295,132.74753278152212,0,0,0,0,24,0
100%,2023-04-28,12.224314102974686,17.76001891010203,5.210073519059222,1.6499351860151383,63.48522153243681,0,0,0,0,24,0
100%,2023-04-29,6.500066582101348,11.055021856059723,1.567257413025645,5.168534352402829,19.744261447211272,0,0,0,0,24,0
100%,2023-04-30,7.134796473392913,8.168272938866728,5.619481504037271,6.920626166911585,124.27201970361432,0,0,0,0,24,0
100%,2023-05-01,6.257030617126634,12.672566454613301,2.568598879652865,3.6395519494159085,299.8451567983406,0,0,0,0,24,0
100%,2023-05-02,9.414905750924605,13.940466864925487,6.172687637569931,8.760393528316607,23.035945147946848,0,0,0,0,24,0
100%,2023-05-03,12.007481870163724,18.634409146205524,6.651469594169203,11.773306245722715,77.314711613317,0,0,0,0,24,0
100%,2023-05-04,15.404013850213934,17.957882009353,7.265072359467495,14.690522858737124,86.33657373155722,0,0,0,0,24,0
100%,2023-05-05,10.655577775571897,13.385738694524631,7.356080417092666,10.291985282585955,210.46752815971607,1,0,2,0,24,0
100%,2023-05-06,6.33098671320678,9.222514878404946,3.0920189086441994,5.347659017750487,170.48955050426582,0,0,0,0,24,0
100%,2023-05-07,5.240568414451277,9.407608634595995,1.723296993382139,4.628091943706298,172.67230237363435,0,0,0,0,24,0
100%,2023-05-08,9.847740041101822,13.717976942831713,4.405454285323722,9.718136112558975,200.69271335515316,0,0,0,0,24,0
100%,2023-05-09,9.54969518248087,14.76574448975248,4.255235719665081,7.586903143417272,209.85182920252313,1,0,0,0,24,0
100%,2023-05-10,4.973121622845335,8.279551000728688,1.758581595921209,4.024324880490876,278.9295418745908,0,0,0,0,24,0
100%,2023-05-11,5.706904748351903,13.202657433232675,1.3556824361686395,4.853625295723779,53.255553722963555,0,0,0,0,24,0
100%,2023-05-12,17.286608242037982,19.61812041599342,13.835044646299957,17.221112640121234,19.88804502055359,0,0,0,0,24,0
100%,2023-05-13,15.83872728984669,17.037321478457866,12.33455920525769,15.80456402978393,7.866348387121036,0,0,0,0,24,0
100%,2023-05-14,7.7505618636746085,13.207067807152574,1.6206739390949045,6.9606500234160285,359.7420422369004,0,0,0,0,24,0
100%,2023-05-15,14.39808489368427,21.207490622161945,3.850378031129377,13.139849759183852,334.10380789511606,1,2,1,0,24,0
100%,2023-05-16,11.463239865013739,14.305448221433476,8.09674138394836,11.281215837777108,320.20015713064214,1,0,1,0,24,0
100%,2023-05-17,7.844460287921938,9.874067493120506,5.379407008934459,6.488277138809591,20.403661052009,0,0,0,0,24,0
100%,2023-05-18,6.997929864612349,11.146822012093436,4.672653720231059,6.692482366250862,80.08847294902898,0,0,0,0,24,0
100%,2023-05-19,11.340637034936094,16.295754647904594,7.773776913239998,10.801210872077187,48.264848490350005,0,0,0,0,24,0
100%,2023-05-20,15.6350545533926,17.250400202784995,14.258352709620302,15.580800468182844,42.349434412180244,0,0,0,0,24,0
100%,2023-05-21,13.958594190666245,15.181316352250104,11.75283408203537,13.687262433533409,16.092471188642378,0,0,0,0,24,0
100%,2023-05-22,14.018757776089009,18.51719330831087,10.209247292971078,13.971677365351029,345.58255164572216,0,0,0,0,24,0
100%,2023-05-23,14.833412411232201,21.14567856755389,4.118797095208292,14.764619209339283,356.406653851523,0,0,0,0,24,0
100%,2023-05-24,5.231615286720064,7.314089586943132,3.354193102390266,3.636535532134267,354.30725588686124,0,0,0,0,24,0
100%,2023-05-25,12.583694125836915,16.78451836550674,7.503148785014697,12.520135855474276,39.54493164519192,0,0,0,0,24,0
100%,2023-05-26,14.727257565364349,16.9028748727744,12.201630337955311,14.62195700194998,52.303744213494724,0,0,0,0,24,0
100%,2023-05-27,10.957527080892667,13.79003145107747,9.111424554999932,10.311355495489734,58.835886821038685,0,0,0,0,24,0
100%,2023-05-28,14.652567760565404,20.04094536563988,9.683321995407011,14.637290105247134,35.38039250950084,0,4,0,0,24,0
100%,2023-05-29,17.718391483226522,19.388281380441597,16.562025027740763,17.68913729085483,37.206925831150556,0,0,0,0,24,0
100%,2023-05-30,15.799161304980759,18.273999095278313,13.322637299754078,15.69611886136965,33.695373063586544,0,0,0,0,24,0
100%,2023-05-31,15.414860580173261,18.53703684121836,12.182036221140162,15.182926089877762,40.6844285180909,0,0,0,0,24,0
100%,2023-06-01,15.48655295693316,18.462412480227282,12.56713481502154,15.237814442133335,20.641739110873175,0,0,0,0,24,0
100%,2023-06-02,15.320621267025146,17.031144335412236,13.675355045505965,15.261988773222091,25.127777503992093,0,0,0,0,24,0
100%,2023-06-03,13.009346811000887,15.849811795692508,11.085468949001706,12.960107545998609,41.47164326378635,0,0,0,0,24,0
100%,2023-06-04,14.062306205167003,16.51895630283311,12.58360330814157,13.980054633795577,36.2633445209961,0,0,0,0,24,0
100%,2023-06-05,13.274977611292625,15.693862460630221,10.855907882026921,13.16893123906264,28.82273089106667,0,0,0,0,24,0
100%,2023-06-06,14.756682520709816,15.874306142560535,13.39135812578813,14.712119641939692,34.83190015744492,0,0,0,0,24,0
100%,2023-06-07,14.058029420147411,16.48124910295858,12.290419638596342,14.017878809064173,37.78210236530265,0,0,0,0,24,0
100%,2023-06-08,15.71611286838315,18.294488270093932,14.22606429945288,15.679695579243662,43.98573982041438,0,0,0,0,24,0
100%,2023-06-09,15.871414425031476,18.020095553144667,13.522184240796092,15.669474245451957,57.131621324118896,0,0,0,0,24,0
100%,2023-06-10,15.447334897353988,16.613696729670735,14.061371405786524,15.12797542953895,81.23156060890682,0,0,0,0,24,0
100%,2023-06-11,10.486584814250817,14.06996317022524,8.87356408404972,10.046793010519194,89.63267686481748,0,0,0,0,24,0
100%,2023-06-12,11.65597644486165,14.091651394440104,8.81846651971162,10.085484833726976,82.14708122078332,0,0,0,0,24,0
100%,2023-06-13,14.680297083991375,17.161400841588694,11.610261117215646,14.065826274857365,62.95153161920132,0,0,0,0,24,0
100%,2023-06-14,13.308608737400755,15.421099211205563,11.6850880909091,13.22397845416912,61.31814390123429,0,0,0,0,24,0
100%,2023-06-15,9.615438830221196,13.197440152932346,7.599358207075573,8.995779585203213,54.54585627664778,0,0,0,0,24,0
100%,2023-06-16,7.31596620740066,8.773164001714894,4.650645314628988,7.233331106147759,31.36763806431776,0,0,0,0,24,0
100%,2023-06-17,6.22467620018174,10.503753743142715,2.7853253422924014,5.8100942747431725,57.14930932522532,0,0,0,0,24,0
100%,2023-06-18,11.27139786796945,12.232430455723296,9.233696712945644,10.809560164162558,120.56150737809776,0,0,0,0,24,0
100%,2023-06-19,11.006358319427273,17.442809863098006,5.820730119515498,9.118030006369283,208.07108572210578,1,0,1,0,24,0
100%,2023-06-20,11.150663007537593,15.173863977499048,8.348744822787042,8.084073327556327,154.03348239725517,0,0,0,0,24,0
100%,2023-06-21,9.802339926863079,13.461320108239644,5.681721039287776,9.427549537726863,222.80392285446396,1,0,4,0,24,0
100%,2023-06-22,7.2815055379121425,11.852315209473852,3.7044959619587496,4.574142529956807,33.81153803247787,0,0,0,0,24,0
100%,2023-06-23,6.099990472402047,8.586054108126724,2.121515021204473,3.0210923926120548,234.2578736353746,1,0,1,0,24,0
100%,2023-06-24,6.5231556616531,8.389111845654066,3.691830172277801,5.755063629842846,216.7665266813961,1,0,0,0,24,0
100%,2023-06-25,9.343608714855801,14.278401608266527,7.206878381536735,7.923473971746483,161.7810908510735,0,0,0,0,24,0
100%,2023-06-26,11.279395509488118,16.612764783203467,6.697201063755515,10.908965587559688,272.4339055078309,0,0,0,0,24,0
100%,2023-06-27,8.802747561435867,10.782555674627591,6.562303280922345,7.2782235028951945,254.18195900926364,0,0,0,0,24,0
100%,2023-06-28,10.273976962182033,11.630329443377075,8.867183036907253,10.070054934766056,218.49916260745007,1,0,0,0,24,0
100%,2023-06-29,8.60463989684206,13.53835006485082,3.760439444071976,6.509777634127345,297.39476232474755,0,0,0,0,24,0
100%,2023-06-30,13.427101859130959,20.469881838267273,7.148932776721745,13.16224641713379,223.12652758371803,1,0,10,0,24,0
100%,2023-07-01,14.699837243059449,19.18460709461123,11.465109446978374,13.74260021159711,257.9398989149339,0,0,3,0,24,0
100%,2023-07-02,16.68800431995137,19.80638132503911,13.613034866533106,16.25770966965287,261.9367766181538,0,0,0,0,24,0
100%,2023-07-03,18.92124942937607,22.80723329246549,17.184757897345985,18.41183688041761,251.91371988717097,0,3,0,0,24,0
100%,2023-07-04,14.459406019496528,18.964636924507236,6.499092923215255,9.365315652671251,234.3284824853593,1,0,0,0,24,0
100%,2023-07-05,17.114187808522367,32.33605045538077,8.592357052710792,14.14974517651635,267.0406765223166,0,1,1,0,24,0
100%,2023-07-06,11.59454167786207,13.082058975240372,9.868993937100957,10.400756947762373,219.04870934627849,1,0,0,0,24,0
100%,2023-07-07,11.86617577022163,17.532603468679255,8.342344224116474,10.289281212381647,127.30738469752526,0,0,0,0,24,0
100%,2023-07-08,9.289584307907102,17.71260244483181,2.806113167188379,8.443012002323973,103.86347114390264,0,0,0,0,24,0
100%,2023-07-09,5.698195950299874,9.484706715892177,2.997478879881726,5.056500190126428,242.08010433502614,0,0,0,0,24,0
100%,2023-07-10,11.575764549813186,13.340942024370149,9.463654053457727,10.559053470848498,214.86125300918056,1,0,0,0,24,0
100%,2023-07-11,15.86334835949244,19.24269917542787,11.556585362208208,15.033330638992885,210.96842152162,1,0,10,0,24,0
100%,2023-07-12,15.172974389406098,17.638730308157243,12.456879019063663,14.824422217846706,240.00898031777112,0,0,1,0,24,0
100%,2023-07-13,13.005934080788286,16.35857281528501,10.739186929285816,12.547236324831044,241.0635742858177,0,0,4,0,24,0
100%,2023-07-14,12.608374726882941,17.45263657280955,9.736785163357553,8.825010454968568,170.8501052081208,0,0,4,0,24,0
100%,2023-07-15,21.443792443526934,28.18300909536963,16.7230079839746,21.23828603986275,208.66935134780144,1,6,13,6,24,0
100%,2023-07-16,23.594379122177468,29.398486670754178,18.709028280671,23.54435990250144,222.68371895095396,1,10,22,10,24,1
100%,2023-07-17,14.7807372531052,20.054605801155844,7.899169880339093,14.689228790076317,240.72613162444839,0,0,0,0,24,0
100%,2023-07-18,4.64515007593763,7.677273613521516,1.3523507030107784,4.124363621685308,221.60471624965984,1,0,0,0,24,0
100%,2023-07-19,4.652066348071689,9.880153257472182,1.6697134176133475,3.9516213491146606,319.7506365792029,1,0,0,0,24,0
100%,2023-07-20,4.535557263845017,9.00872793866659,1.2625484237776936,2.858474415123196,290.98748309610517,0,0,0,0,24,0
100%,2023-07-21,9.388024093784999,12.95305845443197,3.6692450621447104,9.148224845279545,279.2296359043648,0,0,0,0,24,0
100%,2023-07-22,16.617248069974394,23.192228795232754,9.56055772517222,16.047726669743685,225.2100791855115,1,7,10,5,24,0
100%,2023-07-23,20.473485865948092,24.96012397581505,13.472717863649518,20.212325557451933,220.7069087760794,1,8,7,1,24,0
100%,2023-07-24,13.38927328127618,17.482718736052785,9.29790308852514,10.045013681779679,319.50456889966904,1,0,0,0,24,0
100%,2023-07-25,10.13742527397551,11.72402537068081,8.109989446001652,8.94883205074004,306.08976792943605,1,0,0,0,24,0
100%,2023-07-26,12.570352332878933,15.830477977827623,9.382553402472412,10.578441514696935,248.65836910216584,0,0,0,0,24,0
100%,2023-07-27,15.596745010072311,17.6762780165828,12.482145309569589,14.58190337492696,231.0690901496286,1,0,0,0,24,0
100%,2023-07-28,10.80886365594318,15.365049266867645,8.026403728634593,10.247452073676268,229.0099115008443,1,0,4,0,24,0
100%,2023-07-29,14.866638133194606,16.272911412168806,13.084103482095802,14.761325009509907,231.8971597022906,1,0,7,0,24,0
100%,2023-07-30,19.185413161108453,21.637772509581808,17.022439656121865,19.0544230237696,246.02904468300812,0,2,0,0,24,0
100%,2023-07-31,18.99374838602385,22.438367211879743,14.647459667756745,18.792182590724376,242.78800134084076,0,2,0,0,24,0
100%,2023-08-01,16.851380112750082,21.503463104818753,7.973406242783656,15.98501561498753,263.49113220394884,0,4,0,0,24,0
100%,2023-08-02,18.56420812345383,22.780108462864362,12.868922194761884,15.582230722069806,208.3810553003487,1,3,8,1,24,0
100%,2023-08-03,18.5546686254304,22.934964045527558,13.270419637878678,18.207162445070267,318.880141625358,1,3,16,3,24,0
100%,2023-08-04,11.4884713204679,16.05033868852156,0.965000201134157,11.242265799052372,328.0070701201211,1,0,11,0,24,0
100%,2023-08-05,11.912070846656583,15.93855108073076,3.0030779111728396,7.771790370661123,166.148343674359,0,0,0,0,24,0
100%,2023-08-06,21.90726830462884,26.4387811230124,12.27239639252967,21.58153290802205,324.1023492260949,1,5,14,5,24,0
100%,2023-08-07,16.63202913072207,24.7833984211417,11.025746295843945,15.87419004615887,300.6632814127239,0,0,4,0,24,0
100%,2023-08-08,15.373580897995422,18.167765116988814,9.099436464576732,15.098504240995991,277.05873920036595,0,0,0,0,24,0
100%,2023-08-09,9.03221287358665,12.55883868653392,4.252341725222467,8.128460114186694,285.0804770368879,0,0,0,0,24,0
100%,2023-08-10,9.450843029592395,12.551296493746303,6.134574900614645,8.481547453359926,194.15892003948167,0,0,3,0,24,0
100%,2023-08-11,13.72975603923299,16.207758445991296,11.835938062779027,13.196058982195805,205.7912948437734,1,0,4,0,24,0
100%,2023-08-12,15.57601154189753,19.942915410072537,10.96608271612905,15.411625188147033,222.09214590465174,1,0,9,0,24,0
100%,2023-08-13,16.460966212008927,18.355972767239596,13.527290995742078,16.363874323776415,217.20655449427895,1,0,17,0,24,0
100%,2023-08-14,13.0771685472156,14.533854359480802,11.67494825268919,12.472452695253216,194.51979192612276,0,0,1,0,24,0
100%,2023-08-15,9.120179323158146,12.555151647853542,3.276071235853634,8.871910042109585,237.7025010613645,0,0,0,0,24,0
100%,2023-08-16,7.719678062929041,15.135569623621233,2.6454901820097088,6.010202214310063,81.31966825799464,0,0,0,0,24,0
100%,2023-08-17,15.025803036162875,15.914525071552461,13.75421383000698,14.991268347378861,60.184941116928826,0,0,0,0,24,0
100%,2023-08-18,11.718178335561143,14.776030204900959,8.233139645673107,11.480720090713758,90.5883691355441,0,0,0,0,24,0
100%,2023-08-19,14.909996637497706,16.987779985461813,10.88733816043603,12.819305744145849,208.6705504514821,1,0,6,0,24,0
100%,2023-08-20,9.423630923237111,12.722104047220398,7.975072368677798,9.191250628286511,224.10419586591152,1,0,4,0,24,0
100%,2023-08-21,8.730604476027347,10.998438706950473,6.996041990170266,8.187544468445534,226.7542189498054,1,0,0,0,24,0
100%,2023-08-22,10.869794768520224,13.017023638819113,8.751417765041328,10.57789780427033,229.8124075987221,1,0,3,0,24,0
100%,2023-08-23,5.476493107626329,9.04346282179804,1.1502103365313097,2.6167715408500354,258.4247056763462,0,0,0,0,24,0
100%,2023-08-24,10.531583388028446,12.584068831229372,7.967010364572797,6.7301093437401045,164.45524341335022,0,0,1,0,24,0
100%,2023-08-25,7.693016115950975,11.655939384583691,2.312008295661767,4.981854893469151,307.90303736349654,1,0,0,0,24,0
100%,2023-08-26,11.91875451238514,13.513520770495166,9.893054205185067,11.742303826228213,228.16704867491976,1,0,4,0,24,0
100%,2023-08-27,12.58692205413203,15.31846099856411,10.273597184615962,11.928673900522504,271.2684284802616,0,0,0,0,24,0
100%,2023-08-28,7.041024465029065,12.72378375743303,2.0923864594796173,6.818932462164783,321.56386303410017,1,0,7,0,24,0
100%,2023-08-29,8.51194474358679,12.632329419504448,3.887183530558234,8.163236093706777,253.94606895665086,0,0,0,0,24,0
100%,2023-08-30,12.750331936216938,15.591523562660807,8.884858806643846,12.332020610191243,287.7274297655773,0,0,0,0,24,0
100%,2023-08-31,9.480698652144829,15.473722075061854,3.757637514907094,6.993548408309847,274.34174515606617,0,0,0,0,24,0
100%,2023-09-01,7.888639109452403,10.259731750465244,5.107200536793651,7.022311291214979,122.76525822467045,0,0,0,0,24,0
100%,2023-09-02,8.91754892165144,10.612287375315368,6.06679066516266,8.784119842593682,58.27522171389933,0,0,0,0,24,0
100%,2023-09-03,4.211024586888083,7.0988887289695235,1.032372973543136,3.7356382319598844,122.47618075655816,0,0,0,0,24,0
100%,2023-09-04,9.320879719820587,12.242361268980064,7.298985057301569,8.591217601668532,103.71111266874664,0,0,0,0,24,0
100%,2023-09-05,9.128029557619175,11.641175944358366,5.630545422264172,8.999603525401927,87.79036992810853,0,0,0,0,24,0
100%,2023-09-06,4.449516868137462,8.33000085231058,1.4531531560456648,3.9170252108851935,97.08834839916233,0,0,0,0,24,0
100%,2023-09-07,8.830076883945617,10.680378377496096,6.773365592307971,8.716198143819135,105.81739186723877,0,0,0,0,24,0
100%,2023-09-08,2.753765672475121,6.551891021664639,0.8094401877541939,2.2304583006866787,198.48142364609942,0,0,0,0,24,0
100%,2023-09-09,4.734938417455626,6.2870210878118735,2.689442268444345,3.294664576834435,173.8054100253613,0,0,0,0,24,0
100%,2023-09-10,7.931188460890766,9.93097203337434,6.5465220722832145,7.163872105922187,144.28070195300842,0,0,0,0,24,0
100%,2023-09-11,9.8435469126409,11.449585482642092,7.791205600906114,9.217610108622427,229.5169665076894,1,0,2,0,24,0
100%,2023-09-12,3.8752382531877143,7.998534721734069,1.0130022398405842,1.7062329074387372,330.93456487048485,1,0,0,0,24,0
100%,2023-09-13,12.567016748469205,24.054516982234357,4.362289748886124,11.463091020818103,25.816115089315304,0,0,0,0,24,0
100%,2023-09-14,8.641659387750929,10.806078980390266,5.194528314608158,8.28252223479966,179.6483250353008,0,0,0,0,24,0
100%,2023-09-15,10.590113679076486,11.414835587187534,9.479678287251438,9.959878425625366,136.03360042085978,0,0,0,0,24,0
100%,2023-09-16,9.11363433104267,15.572367487898973,5.749183207632895,7.863873401955401,68.43346644645601,0,0,0,0,24,0
100%,2023-09-17,11.62159301611309,15.104236117110748,6.7897403483517325,10.288830515162596,89.5896796803899,0,0,0,0,24,0
100%,2023-09-18,19.79462337552223,24.477407140751517,12.41398642264725,16.312142051671785,223.16285358993323,1,8,3,0,24,0
100%,2023-09-19,27.647855329071717,32.76302689383768,24.09209588643853,27.04683614833969,230.3274664226072,1,11,16,3,24,0
100%,2023-09-20,25.652843590807915,27.738704071584518,23.28768381095302,25.41458998358504,201.9471880353898,0,22,5,5,24,0
100%,2023-09-21,9.952851612142767,26.68118561475043,5.236194570161823,9.091968280048869,225.18943247231303,1,0,0,0,24,0
100%,2023-09-22,9.88321418040425,13.430795345723581,7.083743720538665,9.374876700382481,250.1222649160421,0,0,0,0,24,0
100%,2023-09-23,11.859981297077312,15.364608937436861,6.116219762229767,11.033933746018846,277.8418834442633,0,0,1,0,24,0
100%,2023-09-24,20.440763179106135,22.569360294022907,14.683577655242782,19.78294416694605,191.17408096778672,0,0,0,0,24,0
100%,2023-09-25,14.692586911971155,22.771194492802085,9.10375517044668,14.60598865639964,199.13867339393894,0,0,0,0,24,0
100%,2023-09-26,13.395991520219011,15.73749031171037,9.449245741002137,12.653864385129184,188.73556589717487,0,0,0,0,24,0
100%,2023-09-27,12.37372254534906,21.672206177259447,3.905188335920776,10.198283334365286,176.42787835622676,0,0,0,0,24,0
100%,2023-09-28,18.117308255564605,23.26486898447737,14.385403360586231,17.52923714190843,221.850489998585,1,4,5,3,24,0
100%,2023-09-29,15.088371916971093,18.88779789250252,10.689351735014169,11.086462306773955,258.71515133368183,0,0,0,0,24,0
100%,2023-09-30,9.501181043586682,14.83873367074508,5.751922781014528,8.344383861604838,233.12829372113146,1,0,0,0,24,0
100%,2023-10-01,15.156632069058611,17.949870154040457,11.364264976692615,15.112566355663965,216.9183068979298,1,0,15,0,24,0
100%,2023-10-02,8.449001068865945,16.04171483514478,3.089162693106737,5.580255829125747,199.4717567468152,0,0,2,0,24,0
100%,2023-10-03,19.818922794042923,23.399695344828878,15.047793457797583,18.003549242854156,276.59561256782854,0,3,0,0,24,0
100%,2023-10-04,19.350356382859463,22.29775957738748,16.54411514923142,19.07611718956289,256.06256050818985,0,0,0,0,24,0
100%,2023-10-05,17.567287477780685,22.379573207700467,12.667865371246117,16.54172999307451,248.0632427398681,0,1,6,1,24,0
100%,2023-10-06,21.365450828510607,23.477995652018212,19.43360922558179,21.23348182854568,237.01502741576877,0,11,8,8,24,1
100%,2023-10-07,17.669582507757625,20.02546323462845,10.242836958091143,17.136604294287523,254.69397273207312,0,0,0,0,24,0
100%,2023-10-08,9.351086742099364,14.12091059959669,5.61158749851694,3.1253788081201916,146.09092434333303,0,0,0,0,24,0
100%,2023-10-09,9.663197431108356,14.67115833650037,2.460772670872195,8.514978910175136,276.4749804096597,0,0,0,0,24,0
100%,2023-10-10,14.990756471158432,20.55000990285457,9.374797470273133,14.59469823903226,222.49102089658146,1,0,5,0,24,0
100%,2023-10-11,18.828021653239553,22.006302035820898,10.599275193034758,17.727342212136616,243.3704034923366,0,0,2,0,24,0
100%,2023-10-12,6.972727149070212,15.967354860968117,2.345593092214944,1.9846428254050772,97.97724612936145,0,0,3,0,24,0
100%,2023-10-13,23.91556109031156,30.217132610076096,16.78722434147346,20.408956974216643,231.2764553171706,1,9,12,3,24,0
100%,2023-10-14,21.529564637279563,23.679373939568215,18.881630416547775,21.433534499832877,295.2066538024636,0,10,0,0,24,0
100%,2023-10-15,18.5895507044111,23.380075885336176,10.827708154439476,18.370084586301946,320.3931704411947,1,4,16,4,24,0
100%,2023-10-16,9.053023551622369,13.792508208741623,4.532418642046933,4.515350263758706,50.901764866850044,0,0,0,0,24,0
100%,2023-10-17,18.17416657577397,21.844063228012175,13.991248172806065,18.111240071619758,103.30232735636577,0,0,0,0,24,0
100%,2023-10-18,23.657989254168246,27.4307100223799,21.223587035182053,23.464164900256755,110.6956996646357,0,20,0,0,24,0
100%,2023-10-19,17.493824063448418,21.841773771157673,13.96110591755136,15.183527018654692,165.3006329734642,0,1,0,0,24,0
100%,2023-10-20,19.975474059875456,26.370132880005027,10.488162848124787,13.047986524143925,110.59830610820427,0,10,0,0,24,0
100%,2023-10-21,20.433749621849316,25.895720782448723,10.253186076818336,20.112842173942763,191.94018156995156,0,7,0,0,24,0
100%,2023-10-22,14.048060954126393,20.216466480715212,7.824848546596552,13.804850100227856,257.78867859901146,0,0,0,0,24,0
100%,2023-10-23,12.435528406803032,19.755712486545054,5.608797976812069,10.322502663808132,117.48386327485935,0,0,1,0,24,0
100%,2023-10-24,14.647696910217755,19.748865840576165,2.5472383720585103,11.685041575822936,243.3238717329763,0,0,0,0,24,0
100%,2023-10-25,6.416275836545058,13.930097036167568,2.4792692961444533,0.792132005616711,142.48546941089927,0,0,0,0,24,0
100%,2023-10-26,12.36511720325886,18.74971019347289,3.15220500991189,12.033061292557054,146.672771474525,0,0,0,0,24,0
100%,2023-10-27,8.458793841221047,12.49638748587443,5.296078640980049,6.755977112777531,198.29118979917453,0,0,4,0,24,0
100%,2023-10-28,17.92203906508763,22.96210948465939,12.828016118194633,16.3878762233548,188.35837250705052,0,1,1,0,24,0
100%,2023-10-29,24.281685127009826,28.197238276854993,19.104976412676802,23.571625797252654,220.3057942440809,1,11,10,7,24,0
100%,2023-10-30,14.653680246033511,24.539153197666284,5.50866642456186,13.555187168541575,221.4972023727413,1,2,11,2,24,0
100%,2023-10-31,8.629570034254657,11.76982865748701,3.607348004473243,7.057530180064723,254.35106073430774,0,0,1,0,24,0
100%,2023-11-01,21.697281282136135,25.055545790840675,12.02966067812643,21.29837586333937,201.57771253920532,0,13,4,3,24,0
100%,2023-11-02,29.58645709733113,35.37197637878992,25.447306935882466,23.96426377604245,187.48164900517196,0,3,0,0,24,0
100%,2023-11-03,25.398068194655014,28.268521995280214,17.054228444944172,24.77927335850577,242.01697930723753,0,7,3,0,24,0
100%,2023-11-04,20.925350866509284,27.25816398393456,14.976121752620264,18.503896419978627,195.1635628616692,0,8,3,0,24,0
100%,2023-11-05,19.185049836253373,26.868654119892827,9.98358521469859,16.89819813465165,259.31240199098966,0,4,0,0,24,0
100%,2023-11-06,20.317117548857897,21.65395630981574,19.293955352531803,20.264823830419044,245.5184595049227,0,0,0,0,24,0
100%,2023-11-07,19.298270990911835,20.98846905827745,17.293226678497295,19.150957239677233,250.11445860585602,0,0,0,0,24,0
100%,2023-11-08,20.375409110338488,30.510774869368895,8.839428891008406,18.524244605548265,224.59375777968637,1,3,1,0,24,0
100%,2023-11-09,17.399879129260047,21.656543315269076,8.355906224551681,16.394048004002045,230.3878219122476,1,4,8,2,24,0
100%,2023-11-10,16.426097295962162,21.568169830627596,8.294699170995333,13.215209435730133,277.27996286273174,0,2,3,0,24,0
100%,2023-11-11,14.890589017514273,19.436507795672203,6.0715612312103975,14.743349255024293,301.7672801706576,0,0,1,0,24,0
100%,2023-11-12,7.6904606038886145,16.398769592993737,0.6658559886722547,6.487568564635145,188.4387129273176,0,0,0,0,24,0
100%,2023-11-13,23.78048116585194,31.090339463218513,13.101988716003596,20.287422036346836,220.41930489147742,1,3,0,0,24,0
100%,2023-11-14,21.972339924188237,30.888863026984517,15.335287695893912,21.12962737129283,263.2791392276432,0,0,0,0,24,0
100%,2023-11-15,21.79957704673636,24.39352186034668,18.75121235134341,21.58577359977656,271.07899343165195,0,5,0,0,24,0
100%,2023-11-16,9.556839550816482,16.995923570276336,2.0370214689020303,5.48947250056055,69.94183961076851,0,0,0,0,24,0
100%,2023-11-17,6.661426889734629,9.146075151222325,3.865068234249548,6.326503733219284,244.83639401296324,0,0,0,0,24,0
100%,2023-11-18,20.337993818928805,25.739047847626072,11.352534512353884,18.27486545558401,200.86090554223335,0,5,0,0,24,0
100%,2023-11-19,24.092593565373374,25.528028313452975,22.005768890237903,23.94837206969341,242.65552563987578,0,24,0,0,24,0
100%,2023-11-20,15.217565103049537,22.90097589752263,9.546791773127852,13.998298427297925,273.04856703913526,0,1,0,0,24,0
100%,2023-11-21,15.431917251219504,18.762465226008757,10.500214240013465,14.842966307473809,21.689774976667195,0,0,0,0,24,0
100%,2023-11-22,13.183930747438572,20.566289702469017,1.8018069274416848,10.83014993287174,253.27297106572342,0,0,0,0,24,0
100%,2023-11-23,23.708949454327783,26.852855327906397,20.897601699872435,22.66743818059052,278.67875552514874,0,14,2,2,24,0
100%,2023-11-24,29.890159595330562,34.97190394748862,25.139735976168495,29.34607311663607,328.63339782074746,1,7,15,3,24,0
100%,2023-11-25,23.692378077003116,28.14160747717216,14.692160529162548,23.4434391456361,336.2188188977304,0,12,6,2,24,0
100%,2023-11-26,12.742721633089495,15.134285443244972,10.75218812166957,10.483854205899975,282.39191080699686,0,0,0,0,24,0
100%,2023-11-27,12.211387055997335,23.30139929727214,1.6966342374200658,8.068165128368863,41.56840617976218,0,5,0,0,24,0
100%,2023-11-28,16.275605319734588,23.36639570353482,3.800899200594966,8.315493908527877,338.2373479957978,0,5,0,0,24,0
100%,2023-11-29,12.855331266397904,25.28558091374359,3.982324938183712,11.722703643362474,318.8586881266546,1,4,1,0,24,0
100%,2023-11-30,9.662138553350468,12.106074774262247,3.6502005507277677,8.979908383112985,39.417029238467705,0,0,0,0,24,0
100%,2023-12-01,9.613076648774255,13.251808638450733,1.9982521309781902,9.31132255443368,77.97197298914006,0,0,0,0,24,0
100%,2023-12-02,6.914785749600887,10.013180137032142,2.741446107885086,5.210838252480326,313.9469917048301,1,0,0,0,24,0
100%,2023-12-03,18.573115513162943,22.968138893905053,9.381322378305073,17.990403906147467,184.06574387568642,0,7,0,0,24,0
100%,2023-12-04,20.546447393353564,22.9394719742209,17.2933679569342,18.16618966664401,143.62834257054715,0,0,0,0,24,0
100%,2023-12-05,17.738417013554546,19.27548385121751,16.490333158736966,16.603323478891248,34.25010549128672,0,0,0,0,24,0
100%,2023-12-06,10.687088742212763,16.26932081726679,1.0693356606604436,10.081309668743225,341.8990566137031,0,0,3,0,24,0
100%,2023-12-07,18.341207621696764,24.71132848951365,5.4280113502624925,17.966644829483922,153.71159675924173,0,6,0,0,24,0
100%,2023-12-08,15.647158160686791,21.807844030533186,9.009670189484579,13.956063812449077,204.92246911711572,0,0,12,0,24,0
100%,2023-12-09,23.140487809775703,30.238132920231077,18.529698096759986,18.820464595976954,211.3520334151952,1,11,2,0,24,0
100%,2023-12-10,24.41151059345711,32.368337442710605,17.506728684764923,22.63690278773484,248.13960259731738,0,4,0,0,24,0
100%,2023-12-11,20.186490774892324,28.18214750262218,9.97316417607609,18.94617485067429,267.10728199280356,0,6,0,0,24,0
100%,2023-12-12,12.379147190098854,16.679179992824757,5.150027979315859,11.157000029437445,196.02281250632757,0,0,2,0,24,0
100%,2023-12-13,11.056679295942496,20.010052298792758,2.773939836859392,7.74917713196049,15.844278312942095,0,0,0,0,24,0
100%,2023-12-14,11.701638119248512,16.20161967296042,8.145222478179834,7.850002264177799,301.85051864196265,0,0,0,0,24,0
100%,2023-12-15,14.19457779062531,16.59803791904952,11.84266663405659,13.68455434385332,269.64079374275343,0,0,0,0,24,0
100%,2023-12-16,17.55332703296092,19.62327384951765,16.295748367151106,17.4708422922153,245.61481601700854,0,0,0,0,24,0
100%,2023-12-17,20.33651265820478,22.690697571093782,17.48339697856255,20.17360878878856,230.7949627384023,1,8,11,8,24,1
100%,2023-12-18,20.503841174526144,23.165066329708804,17.938225656722317,20.44417799153451,231.34825305317136,1,9,11,9,24,1
100%,2023-12-19,16.627530557888868,21.495850490112783,11.320390328468706,14.840916940762284,268.9474433179046,0,0,0,0,24,0
100%,2023-12-20,23.971198748817542,25.848047786792158,22.14637741836669,23.84259333807602,268.401917601811,0,19,0,0,24,0
100%,2023-12-21,28.319565652623282,32.16662547437041,22.191199343557415,27.220210264002276,283.292045369564,0,7,0,0,24,0
100%,2023-12-22,27.091488969209404,30.373463302056514,21.983219804296137,26.905617310096268,291.5898848100609,0,8,0,0,24,0
100%,2023-12-23,24.383997748647314,27.986264949455098,21.35910177800764,23.950371050438033,264.77292906787557,0,16,0,0,24,0
100%,2023-12-24,25.15864092317098,28.10877783064141,22.44858730957405,25.100976685325772,246.89034977935538,0,19,0,0,24,0
100%,2023-12-25,19.592998146399,23.441704479430815,16.19435518449651,19.38305169365774,251.1470233141167,0,3,0,0,24,0
100%,2023-12-26,16.32087789705242,23.603331598497334,3.0143354119416306,15.310541798809554,270.3269902500523,0,3,0,0,24,0
100%,2023-12-27,21.03383021838636,29.782944320546505,7.474870863960989,18.20616812103088,185.624963444955,0,5,3,2,24,0
100%,2023-12-28,29.44178618951521,32.048690490241306,27.032092530238387,29.360067958301315,224.68684168869302,1,3,23,3,24,0
100%,2023-12-29,24.109023464898016,28.235550612512917,17.947994590121926,23.856216670672843,245.79674365915866,0,8,0,0,24,0
100%,2023-12-30,21.174641299076402,26.68377333006822,13.437957544171974,18.00105085776786,217.15613256890413,1,9,0,0,24,0
100%,2023-12-31,26.045364568752543,27.133547930296373,24.286251372949707,24.2744639353038,200.63662276813292,0,10,6,5,24,0
100%,2024-01-01,22.815609223415326,25.88970555496315,16.9629821153756,20.31674578037215,238.3641669834829,0,12,0,0,24,0
100%,2024-01-02,24.985196229001346,37.720686665262214,15.31108140448707,21.73408616246074,220.5358703652069,1,4,1,0,24,0
100%,2024-01-03,19.217749996688266,28.097860602145232,13.429030890321705,18.308409463135664,262.6469383607736,0,0,0,0,24,0
100%,2024-01-04,12.619464482298648,18.89819660415432,8.224334567953147,6.193454499230344,251.8535953400969,0,0,0,0,24,0
100%,2024-01-05,13.019220363984795,17.462904596155145,2.383137476682337,5.2745481404931045,8.074036129360195,0,0,0,0,24,0
100%,2024-01-06,17.015544193014524,18.18890728266934,15.927347069804235,16.882701549964125,16.33747482711783,0,0,0,0,24,0
100%,2024-01-07,20.205289728240896,21.535223477702385,18.841497720307398,20.00852670548687,53.984619601728866,0,11,0,0,24,0
100%,2024-01-08,23.125705443917585,25.35090860551333,20.614134170613763,22.667377614708634,68.71577654683779,0,20,0,0,24,0
100%,2024-01-09,22.683116620397687,24.006138947488523,21.389910321087093,22.58599346531045,77.98349565394369,0,23,0,0,24,0
100%,2024-01-10,18.466590179328936,21.51395833994325,13.848890557107472,18.392292466039937,73.56745676556869,0,0,0,0,24,0
100%,2024-01-11,15.364563413672954,19.44228394156102,11.205984200715537,14.239131729580109,27.324484572419692,0,0,0,0,24,0
100%,2024-01-12,12.967667988944251,17.08303858693781,8.08587798607467,12.161026024467297,1.9434756847325048,0,0,0,0,24,0
100%,2024-01-13,15.154267936862004,17.115684884796757,9.700555513639731,15.031669380656844,284.7456202117527,0,0,0,0,24,0
100%,2024-01-14,17.532693121651576,22.370345839939734,13.550349998579504,17.231563194356116,300.48112340136515,0,2,4,2,24,0
100%,2024-01-15,24.714167156412817,27.843159482237944,20.202625980149946,24.60702571563792,314.3263155827532,1,19,13,12,24,1
100%,2024-01-16,17.718007235811722,21.828384445970848,15.227066323448229,15.889707310635291,259.9303790115332,0,2,4,2,24,0
100%,2024-01-17,12.953460599365476,20.876917294282826,4.066741616826461,4.73953220725296,304.48864265302115,0,0,0,0,24,0
100%,2024-01-18,14.502971420639398,18.972661236644818,11.44053647449885,13.617269434655388,325.61326418388757,1,0,1,0,24,0
100%,2024-01-19,17.895857924701577,19.99985873803308,14.628364757914891,16.680681919174553,272.46766739655084,0,0,0,0,24,0
100%,2024-01-20,22.794611628736547,24.59859344636627,20.34339062379694,21.615046060840495,219.6480226172519,1,18,5,5,24,0
100%,2024-01-21,28.897687330816822,36.86914536891629,24.97711965291236,28.681879487634685,203.0402852005813,0,10,3,3,24,0
100%,2024-01-22,28.03400426265185,37.34960665883941,23.30013431310568,26.89086780341955,239.39850044832409,0,16,3,0,24,0
100%,2024-01-23,24.652105377126997,31.371223882748808,16.645025865144653,22.56311001492249,233.8529461855057,1,9,8,1,24,0
100%,2024-01-24,25.35480236799412,31.836319056014297,17.66051571670364,24.921352322902617,258.829845840738,0,5,0,0,24,0
100%,2024-01-25,14.285402020123884,20.7721487811509,8.093299584847488,12.337726709487752,225.03945606324575,1,0,7,0,24,0
100%,2024-01-26,21.57320243234263,26.381928505676424,15.18766211297325,18.62743316399535,257.3712076504916,0,12,6,5,24,0
100%,2024-01-27,14.260362197772503,15.819743901072053,12.791157198584486,12.987436290452099,221.8654981612233,1,0,4,0,24,0
100%,2024-01-28,17.18497809316815,18.541788615196253,15.388028533666342,16.933825868948684,181.06210023669306,0,0,0,0,24,0
100%,2024-01-29,13.47390874819952,16.01251078242968,12.030926283633256,13.147615878002025,201.94411652454082,0,0,5,0,24,0
100%,2024-01-30,16.25410911575283,20.000775648086982,8.85232227891694,12.359546351823722,245.36795601346876,0,0,3,0,24,0
100%,2024-01-31,17.577078905810314,24.30848120008793,8.046611872486853,16.929831495214078,231.27510387939137,1,8,14,6,24,1
100%,2024-02-01,15.193406363371361,19.783157947372914,11.924921664758685,14.126007189075825,283.71959109473147,0,0,1,0,24,0
100%,2024-02-02,18.977957875373914,20.18060142741668,17.99908261940513,18.893611479197226,251.10592882437703,0,3,0,0,24,0
100%,2024-02-03,17.7380785354611,19.33449674614557,14.846813189221535,17.627735944281927,256.0757260328269,0,0,0,0,24,0
100%,2024-02-04,19.995607662509556,24.201221010537992,14.972130604433566,19.862063492381928,261.18095358847836,0,11,0,0,24,0
100%,2024-02-05,23.38826482473532,24.651638159317297,21.578607300924016,23.124687040448908,247.43486475740366,0,24,0,0,24,0
100%,2024-02-06,24.60631030965762,28.114751034265105,13.511083581161284,22.61028390572537,245.95138418970276,0,12,0,0,24,0
100%,2024-02-07,6.784510957332685,12.999631729697075,2.000628100116,5.025840556904841,19.97003576104322,0,0,0,0,24,0
100%,2024-02-08,13.989887426772741,24.22995031571129,1.9969900298906504,13.370142408241259,108.20163090770802,0,2,0,0,24,0
100%,2024-02-09,18.83156346770474,22.839531743115707,14.576387134251362,18.391159430333225,193.3437440920834,0,3,2,0,24,0
100%,2024-02-10,10.954028086540196,15.506585493580062,5.598444197596501,8.381199187220949,159.0917335719114,0,0,0,0,24,0
100%,2024-02-11,10.20934427286508,12.166601968058094,6.44869440931842,7.982853454536276,230.8495810092789,1,0,0,0,24,0
100%,2024-02-12,12.650126308602092,16.32365494530281,11.503809610492334,12.489805563608554,259.0450562952419,0,0,0,0,24,0
100%,2024-02-13,18.55774498986618,22.243349427007733,16.53007399557677,17.55614101080438,216.1146165874629,1,2,5,0,24,0
100%,2024-02-14,19.59103557987944,22.409966850462276,17.138085435606026,19.512040335137375,227.6615297658977,1,0,16,0,24,0
100%,2024-02-15,15.980090900001917,17.434249940594558,13.789055738409608,15.401274068004255,194.2631995428941,0,0,1,0,24,0
100%,2024-02-16,12.548780988010002,14.615583352755577,11.097312926279443,10.971672479881828,252.3645763886741,0,0,0,0,24,0
100%,2024-02-17,11.492190307902277,21.023957746580887,4.434413976718895,9.577143626294061,224.16207595364958,1,0,0,0,24,0
100%,2024-02-18,18.028966594346496,22.07725042463574,12.916937915473907,12.676847737392212,248.05167334812091,0,2,1,0,24,0
100%,2024-02-19,14.91676688459143,17.549957598273654,12.79013173356938,14.118978507135616,280.28305484405126,0,0,0,0,24,0
100%,2024-02-20,16.77135866643175,20.858333115178887,10.310719161547453,15.919116155992363,239.0819565619157,0,4,9,2,24,0
100%,2024-02-21,20.507167618776183,26.244368821901304,14.426159447042162,19.616210697434102,211.21733404971926,1,9,1,0,24,0
100%,2024-02-22,20.158608719722004,29.64502346780042,15.210215656501996,15.9593198469943,224.59905083483537,1,3,2,0,24,0
100%,2024-02-23,19.273676096170234,27.371048036619918,13.617411272273987,18.632676042571024,225.80680068320086,1,0,6,0,24,0
100%,2024-02-24,11.3118565956989,13.594700245324619,6.175274956519767,11.080816806476996,213.60899127107476,1,0,2,0,24,0
100%,2024-02-25,8.363181224855806,20.35760068927307,1.1302212695282756,5.345429747087589,98.89147923749829,0,0,0,0,24,0
100%,2024-02-26,23.366002675178105,25.349857037483183,18.285623745364912,23.126183164476558,41.094571682208425,0,19,0,0,24,0
100%,2024-02-27,9.764684889449986,17.398827770611422,1.110939778019241,2.176762713934471,356.25345763607436,0,0,2,0,24,0
100%,2024-02-28,14.112186670222847,22.252217216656483,5.549389856875952,12.893576843575698,212.17451626983015,1,4,0,0,24,0
100%,2024-02-29,16.767132487794537,22.48298870751593,3.013493684057004,16.533877476808996,198.19555321413714,0,6,0,0,24,0
100%,2024-03-01,17.536743843232944,27.385454641926028,5.172743476416271,15.037940114962852,181.16948501221106,0,5,0,0,24,0
100%,2024-03-02,17.90721470179798,22.427916177095405,8.93307047332992,17.256058078790343,167.5352571481218,0,0,0,0,24,0
100%,2024-03-03,5.870321683963113,10.560787500811475,0.25851480772992924,4.482868725312163,311.3939720530036,1,0,1,0,24,0
100%,2024-03-04,7.536156662757229,13.064225526608174,1.1000457646319615,2.1229778233783025,159.7374430087906,0,0,0,0,24,0
100%,2024-03-05,5.526034037503894,12.67404722870716,0.4257002468064312,4.484048131489026,119.83433028023285,0,0,0,0,24,0
100%,2024-03-06,4.99225137861984,9.413843659654598,1.2198460246654275,4.246073041276691,128.31064997298108,0,0,0,0,24,0
100%,2024-03-07,15.559174021412247,19.943971048996172,9.733812348767453,15.511638625750953,87.10288846275841,0,0,0,0,24,0
100%,2024-03-08,19.789785043184818,21.244890417890282,18.447322921472136,19.752439818103827,96.5314265627635,0,1,0,0,24,0
100%,2024-03-09,17.53763893018057,20.162017694739752,15.854842868942288,17.39986662080066,106.60139324649685,0,0,0,0,24,0
100%,2024-03-10,15.673790994400028,19.05360832047056,10.49625878178476,15.44904926474283,82.44713621571623,0,0,0,0,24,0
100%,2024-03-11,11.696613240754937,13.139776156528162,10.105744632131122,9.55362626860033,17.985438500901978,0,0,1,0,24,0
100%,2024-03-12,11.448249179069144,15.16295623386755,8.433390626554546,8.461026736287485,226.59673776593783,1,0,0,0,24,0
100%,2024-03-13,18.033518892917215,21.018874885270456,13.042958498102294,17.87012831531964,224.4676449337418,1,3,17,3,24,0
100%,2024-03-14,17.59840192102417,19.374765233749546,15.945984510425058,17.384996281352336,203.35463980613383,0,0,6,0,24,0
100%,2024-03-15,19.84646400044424,22.911073412368403,15.413292218204056,18.860067682367838,226.31142753168848,1,3,19,3,24,0
100%,2024-03-16,10.979348201153359,16.76800282837935,4.948017815694795,5.926633097132691,296.90752829864823,0,0,8,0,24,0
100%,2024-03-17,14.60205329713424,15.922709960598244,13.41202842836289,14.067894128524705,173.57169919441958,0,0,1,0,24,0
100%,2024-03-18,10.841717295233513,14.08264811337287,7.97801984085878,10.209754190050885,223.02411030573876,1,0,0,0,24,0
100%,2024-03-19,14.476796012843364,17.777250103532058,9.591577436432367,14.40584797631551,213.69846301589052,1,0,9,0,24,0
100%,2024-03-20,8.338237140185932,10.922556528666986,5.3531715857577815,6.771617460631884,227.05804357029177,1,0,4,0,24,0
100%,2024-03-21,12.360203959089672,16.862496157548936,3.8686704011255553,7.488594967195822,253.68827465932898,0,0,9,0,24,0
100%,2024-03-22,13.404543326269303,17.682010326998476,8.201174233162604,12.618507227918633,263.2137245104884,0,0,0,0,24,0
100%,2024-03-23,20.399461530150457,23.606018619864027,14.095860251850814,20.21397826143998,266.6662123199113,0,9,0,0,24,0
100%,2024-03-24,22.571903577666347,27.437154161886408,10.926638994976713,22.109527226187634,300.5622436077118,0,15,6,0,24,0
100%,2024-03-25,10.689797014013243,16.60103621998123,5.398591864746266,7.161802189267131,152.38153196519818,0,0,0,0,24,0
100%,2024-03-26,12.10215656726379,16.86790984827345,6.684760523323924,11.835898268564616,120.43944517510221,0,0,0,0,24,0
100%,2024-03-27,16.763470470301097,18.35305646499896,14.918688842340893,15.735993967160265,182.72941238420663,0,0,1,0,24,0
100%,2024-03-28,21.39987477004394,27.86857670330376,16.01559118448644,19.15554560702878,182.32601123058186,0,7,0,0,24,0
100%,2024-03-29,20.007598653315995,28.105689829416068,14.317854580244314,19.851604291057757,198.20193950626705,0,4,0,0,24,0
100%,2024-03-30,6.396784804581305,13.675109333611616,1.9859964907435665,5.2245531944228,187.79242504226457,0,0,0,0,24,0
100%,2024-03-31,12.567323418869767,19.379038510158068,6.978058332018334,11.919408845163867,92.94243768250948,0,0,0,0,24,0
100%,2024-04-01,14.536677183762025,17.549089578940496,10.734330063500604,13.712629535310423,210.89509015775118,1,0,8,0,24,0
100%,2024-04-02,14.59092593665279,18.251841139665455,11.356533659779421,14.432398185083196,219.72635148040217,1,0,5,0,24,0
100%,2024-04-03,17.77924739324111,21.82659577450755,14.376347828749449,16.640827224623827,207.9882782970294,1,3,3,0,24,0
100%,2024-04-04,16.117447406661928,22.138399504710573,10.531357615985725,15.513222663211588,230.13813213076324,1,0,9,0,24,0
100%,2024-04-05,20.6369992997477,24.044599983857065,15.321295164251246,19.8424520547495,210.02573353921724,1,11,11,9,24,1
100%,2024-04-06,20.419126498346326,24.24623471137082,14.254946458732771,19.70268753490177,187.27174881286953,0,7,0,0,24,0
100%,2024-04-07,21.34878823414239,25.652751860313145,13.45865390691141,21.250583666468152,210.96729670391454,1,12,9,4,24,0
100%,2024-04-08,10.843594764424259,14.02014908706331,7.188269534659537,9.036198876805116,161.46587600553403,0,0,0,0,24,0
100%,2024-04-09,24.0025848801466,29.570990667037176,16.777475547246063,21.411267013410978,227.12966130152915,1,11,2,0,24,0
100%,2024-04-10,17.799513241444412,23.914410382251248,10.32052999372506,15.188782237742812,231.43507188185876,1,2,3,1,24,0
100%,2024-04-11,16.201117311082452,22.147531834530522,11.87567130868356,15.917529196105868,220.83795835004187,1,1,7,1,24,0
100%,2024-04-12,17.409683135752612,20.186242376263653,14.485606097924517,17.2929813537967,226.64689060252576,1,0,15,0,24,0
100%,2024-04-13,16.995997525580872,19.95737207986133,13.270392101418638,15.705084196910523,235.1279489572184,0,0,7,0,24,0
100%,2024-04-14,11.083357070979366,15.09847476440251,6.127204674666622,9.264092338465442,264.26622823220805,0,0,2,0,24,0
100%,2024-04-15,24.333641624600435,28.392931897959482,14.45697812979704,22.07323231764074,259.12153433925084,0,16,4,4,24,0
100%,2024-04-16,23.51627612393516,30.368753494668006,15.894732649608375,21.473917393961546,326.3031050071011,1,13,5,3,24,0
100%,2024-04-17,13.950002725237463,16.435568550932228,9.543106531240886,12.617538190739683,326.95399671857473,1,0,5,0,24,0
100%,2024-04-18,14.187780403797591,23.142759663395147,10.081330956160311,8.231965144716481,305.1940909924485,1,2,2,0,24,0
100%,2024-04-19,24.988047211811473,28.33434319989487,22.444492986714938,22.799556986453304,321.43593440824657,1,16,2,2,24,0
100%,2024-04-20,22.877134161122587,24.84941194966137,19.96029431956016,22.800509952867852,346.3263993031025,0,23,0,0,24,0
100%,2024-04-21,19.951471153715076,25.79648633308076,15.482748910978641,19.260791556263353,19.618223739023847,0,9,0,0,24,0
100%,2024-04-22,12.549578468232918,14.910965023253922,8.476072287296525,12.30862505539559,28.155110330554123,0,0,0,0,24,0
100%,2024-04-23,11.031086409599297,20.716773431471957,1.6874328585055816,8.713400920722279,329.1318803814799,1,0,0,0,24,0
100%,2024-04-24,20.60774097677378,23.051517828957,13.732453917295482,20.591012386950702,338.94542242404157,0,16,0,0,24,0
100%,2024-04-25,12.474915326465956,15.738384111819792,9.406618084419833,11.007511117498693,275.93049999221023,0,0,1,0,24,0
100%,2024-04-26,7.1046297569074985,14.277591924017818,1.3630717545107984,4.904821493043181,305.4910952751735,1,0,0,0,24,0
100%,2024-04-27,9.671353374597702,15.613272803735722,2.533670821745368,9.008854506287916,76.94532201025936,0,0,0,0,24,0
100%,2024-04-28,19.326494517041084,22.577071277308065,13.301160070179336,16.64652330236491,195.88471572632938,0,2,5,0,24,0
100%,2024-04-29,11.906903063159843,15.559433811340766,6.755710419014485,11.391398358357113,186.16217235423514,0,0,1,0,24,0
100%,2024-04-30,8.386340408974013,10.917596128050553,5.238086146410058,7.802182496915965,134.16352459805967,0,0,0,0,24,0
100%,2024-05-01,9.985534252602557,14.337543395322534,2.4170773485388706,7.778411064415585,39.291547237675104,0,0,0,0,24,0
100%,2024-05-02,9.36916882597039,14.165835334522262,1.6335529967213889,5.798943234341432,57.84406032731249,0,0,0,0,24,0
100%,2024-05-03,14.52115435942177,19.832296116966063,7.186996471194935,13.866169013872785,235.96721953705156,0,0,7,0,24,0
100%,2024-05-04,8.703004996067707,15.16065856624037,2.5216793330404075,6.61453271217876,173.1506532316139,0,0,0,0,24,0
100%,2024-05-05,5.092657679890428,7.8621484472077645,0.6366178595667191,2.294608263504984,196.89382138634187,0,0,0,0,24,0
100%,2024-05-06,8.881139484754689,11.164613113529407,6.403071191844661,8.320928565765161,73.36723059449696,0,0,0,0,24,0
100%,2024-05-07,10.455402547038785,14.026559500285318,8.292333619829915,9.943001260727515,11.36450212650226,0,0,0,0,24,0
100%,2024-05-08,8.418800756509231,12.497125878966093,2.653661437789267,7.793915674215526,2.9953531003844205,0,0,0,0,24,0
100%,2024-05-09,4.740370396456012,7.844861967367302,1.1580094814973507,4.486984509550789,205.57655033177284,1,0,0,0,24,0
100%,2024-05-10,5.8067876982441975,10.860619303481784,1.189497526598504,5.749190923744184,59.41082921419405,0,0,0,0,24,0
100%,2024-05-11,12.025660063543853,14.707541314664727,10.415030556971884,11.937670141992506,71.96831277887765,0,0,0,0,24,0
100%,2024-05-12,13.252138349686248,14.952635241708032,10.006907675905742,12.97622820507717,101.23797546449873,0,0,0,0,24,0
100%,2024-05-13,9.155792575907594,11.386329728437596,4.930341515713878,7.426932883310051,167.40677470661285,0,0,0,0,24,0
100%,2024-05-14,10.486239790917407,16.834297981039146,1.0363237692702492,7.904925740794849,149.29128861978427,0,0,0,0,24,0
100%,2024-05-15,3.5775629251440875,6.2172010131413105,0.5639606488834426,3.046660522003807,50.82940217008576,0,0,0,0,24,0
100%,2024-05-16,6.667620277321816,9.692505055404565,2.58390423516323,3.0537234293772086,317.6656890311304,1,0,0,0,24,0
100%,2024-05-17,6.0152271046390196,10.310630522656423,0.2547574018018307,5.703193257544908,346.0871617979839,0,0,0,0,24,0
100%,2024-05-18,8.61917590212112,10.846257945896015,5.673482857405393,8.334384218008738,335.74681097092014,0,0,0,0,24,0
100%,2024-05-19,11.838956866058497,15.001484522341132,7.51767979752944,11.786488382359984,11.442555673246261,0,0,0,0,24,0
100%,2024-05-20,13.10022973658772,16.027918229081756,8.407524899097652,12.97308579868625,12.31053853375073,0,0,0,0,24,0
100%,2024-05-21,6.803725437498737,9.244345923957166,2.432330897608395,6.638270706930045,44.739096656259846,0,0,0,0,24,0
100%,2024-05-22,13.832697406118015,17.318493006535295,4.708654484585809,12.73702249254312,221.82327216798151,1,0,12,0,24,0
100%,2024-05-23,12.928435478872983,16.650775119756435,7.624900485083907,12.802165214185704,220.32460492787644,1,0,9,0,24,0
100%,2024-05-24,5.113433487571068,10.484354217742636,0.9558340825707999,1.5114856462787543,316.773086810442,1,0,0,0,24,0
100%,2024-05-25,9.18419338032396,12.773974776053603,3.8138637416257426,3.061177762952127,327.19658675386887,1,0,0,0,24,0
100%,2024-05-26,12.071031067782371,15.44563805161812,9.317540149046318,10.564197435070705,173.51963937748042,0,0,3,0,24,0
100%,2024-05-27,13.084623307077178,16.276632000988084,10.673000025758641,12.98386665948814,221.3328214604894,1,0,16,0,24,0
100%,2024-05-28,14.52009414559763,20.540275048950882,10.479614998225056,13.768778277029336,209.1976874949247,1,0,6,0,24,0
100%,2024-05-29,13.514667377478766,20.04797654756633,8.120048339530173,13.278030044592628,246.54425763410524,0,0,1,0,24,0
100%,2024-05-30,14.383710675551788,19.2673647664908,11.013851150143719,13.552443334481074,302.26716552079046,0,0,4,0,24,0
100%,2024-05-31,18.52792395550159,21.655395899639863,12.0725670877807,16.72631170615481,348.59536055639285,0,8,1,0,24,0
100%,2024-06-01,21.544352431337497,23.97240197082189,18.107959695365555,21.504984119679477,354.0999846716145,0,22,0,0,24,0
100%,2024-06-02,13.4372349740427,18.762482161596065,2.0992671870671047,13.27890311886711,354.17485717933505,0,0,0,0,24,0
100%,2024-06-03,5.99536404816821,7.986552058280736,3.420587132227911,5.504537911081861,259.3835295850905,0,0,0,0,24,0
100%,2024-06-04,13.074036466770552,18.923226748492606,7.3341429223035615,11.502147312305361,225.5094059445233,1,0,2,0,24,0
100%,2024-06-05,12.316406231558332,17.701900772113014,6.163841610807897,11.598945933824943,275.4882916348097,0,0,0,0,24,0
100%,2024-06-06,6.923460808566939,10.519006543104279,2.2996430808505512,6.194622204129895,253.69445687767174,0,0,0,0,24,0
100%,2024-06-07,10.789137875786666,16.25480386737423,7.07680122156409,10.251841458086906,230.60581868845009,1,0,2,0,24,0
100%,2024-06-08,12.166848095191943,16.512114150075497,6.022742130762062,11.175580162749165,263.44487285521257,0,0,2,0,24,0
100%,2024-06-09,13.738557082244272,17.67255585855618,10.549847235962373,13.641045530498678,273.3272683399237,0,0,0,0,24,0
100%,2024-06-10,16.538572821461383,25.562197835740204,7.826153173812498,12.607782854969019,319.7792807664964,1,4,2,0,24,0
100%,2024-06-11,16.5135531447155,17.69865985406174,15.244188577060722,16.20141159654944,313.156598834463,1,0,2,0,24,0
100%,2024-06-12,11.172429873622454,15.42501105881073,4.928582385591852,9.865313148855783,303.42845179167716,0,0,11,0,24,0
100%,2024-06-13,12.874655470369973,14.265967524024468,10.000997359322213,12.393682230093898,207.33819440790634,1,0,8,0,24,0
100%,2024-06-14,16.582795636939277,19.042262229547813,8.223679904957095,16.505481685701785,192.28897842405516,0,0,0,0,24,0
100%,2024-06-15,19.28449739675669,25.71704144950045,9.216340117968738,18.968739119884642,218.61537372789098,1,4,11,0,24,0
100%,2024-06-16,16.82857768040019,21.076781895700808,12.394987933168325,16.78720463389909,214.12256458908007,1,0,10,0,24,0
100%,2024-06-17,11.433914388831795,14.541519466650511,7.766501261874106,11.319213766613471,221.56860138808742,1,0,5,0,24,0
100%,2024-06-18,5.594044080845323,13.105758732278055,1.3859664271332195,3.7683611453830377,15.901884766587045,0,0,0,0,24,0
100%,2024-06-19,12.085690740422608,14.42700241238393,7.0850719428635385,11.778332100262954,15.32823026525466,0,0,0,0,24,0
100%,2024-06-20,7.782855663591623,10.221723474432062,5.414803826855119,7.5793238200572,54.84420455278905,0,0,0,0,24,0
100%,2024-06-21,6.3435576121800965,14.005832389986525,1.4662896254906508,0.24042103215981833,57.53766258557073,0,0,1,0,24,0
100%,2024-06-22,10.439696332822438,15.433516328131828,7.363154240815151,10.031456027321463,238.01342451887655,0,0,3,0,24,0
100%,2024-06-23,4.651876928285368,8.553303588429515,0.6078113776885747,4.026110080957293,245.4480830689197,0,0,0,0,24,0
100%,2024-06-24,4.469108269786767,7.74448312032009,1.5363404457870202,3.239669025493041,121.12012636754497,0,0,0,0,24,0
100%,2024-06-25,8.788916406641066,12.840163706601597,4.826301059006961,8.267888899815784,61.305843957398054,0,0,0,0,24,0
100%,2024-06-26,8.181942151769574,12.01032994354364,3.3478492114677603,7.990078665948039,46.967434475566506,0,0,0,0,24,0
100%,2024-06-27,11.51876085734267,15.763542241541064,3.7176581570722984,11.224872404926987,226.36706087875575,1,0,3,0,24,0
100%,2024-06-28,13.378762078817106,16.88135091511257,7.5055205310125395,12.79397996250748,242.27576132413535,0,0,1,0,24,0
100%,2024-06-29,5.555267818052964,7.9554446486949555,1.3265608400284825,1.1011522036618975,200.1492625043756,0,0,2,0,24,0
100%,2024-06-30,10.66900184043076,12.348263615975005,7.199852009493528,10.495607697035501,331.16737798421013,1,0,5,0,24,0
100%,2024-07-01,11.54879465744577,14.495221296830817,8.619472451241178,10.837398490498432,286.7193464589353,0,0,1,0,24,0
100%,2024-07-02,12.403326604144558,15.668532177389677,7.397432392620132,11.10645199353287,325.10774339973534,1,0,2,0,24,0
100%,2024-07-03,13.576334615490405,18.74985213756071,10.376493548389957,12.295055405980177,243.37673174197698,0,0,6,0,24,0
100%,2024-07-04,17.335486430085215,21.094942194476488,13.96256765439802,16.536702969687074,268.5442092216238,0,0,0,0,24,0
100%,2024-07-05,15.70866916772591,18.54580334112174,10.90850991349742,14.82244260861032,232.2932727966368,1,0,1,0,24,0
100%,2024-07-06,19.498947392820135,24.37860258964796,15.005962454324129,18.100948596131257,238.3033138649468,0,1,1,0,24,0
100%,2024-07-07,16.830451466363485,18.901492048635117,14.897232189250174,16.494426029541792,227.99267104951906,1,0,12,0,24,0
100%,2024-07-08,8.190871835548514,14.286868846781815,2.575219126655243,4.507930574419577,208.60898331813092,1,0,1,0,24,0
100%,2024-07-09,9.980136696343429,16.252963219221535,1.8031777393139479,7.616970920074181,135.13076656566676,0,0,0,0,24,0
100%,2024-07-10,15.469827883019418,18.21880917403692,12.712950857808982,15.329179931561201,214.0939252402445,1,0,9,0,24,0
100%,2024-07-11,9.63901381078071,13.02756917607285,4.978656557053216,6.299337165319524,276.48245220847383,0,0,0,0,24,0
100%,2024-07-12,15.285989735215024,18.57154146822772,11.947273924416113,13.549807186604687,344.6836495454893,0,0,4,0,24,0
100%,2024-07-13,16.49611191828475,19.120923133510612,12.419955064842753,15.650438332417524,282.629659642683,0,0,0,0,24,0
100%,2024-07-14,12.084645704701025,18.194620820094386,3.2329237583836434,11.890107946911233,245.58954319845384,0,0,0,0,24,0
100%,2024-07-15,6.58093306272503,11.881681748037634,2.089346999727384,5.387791341572432,110.26885655637318,0,0,0,0,24,0
100%,2024-07-16,15.282666692183717,19.970384023688744,10.897351946901688,12.802282514879305,236.57487088094337,0,0,9,0,24,0
100%,2024-07-17,6.972473903845756,11.729365432071633,0.8125586488856151,5.357349755252057,266.2679762224072,0,0,0,0,24,0
100%,2024-07-18,7.227315665629233,10.72946678638223,5.113448131307508,6.7966744009012485,124.81897072780401,0,0,0,0,24,0
100%,2024-07-19,8.181837445607366,10.814748593716004,6.62989022552558,8.113257409582664,124.88134960595568,0,0,0,0,24,0
100%,2024-07-20,8.261869445714614,11.47710056619603,2.0853063423589178,7.341129600632614,173.84668541415533,0,0,0,0,24,0
100%,2024-07-21,8.38010373566371,11.009762294321463,3.456561629263348,6.9761985278678225,305.41884275469494,1,0,0,0,24,0
100%,2024-07-22,12.606757677334302,18.41773629419592,3.5885069880943177,12.4631849905485,213.6478946830234,1,0,5,0,24,0
100%,2024-07-23,12.456437372565988,16.365907025903347,7.447633211987849,9.284368679956927,302.20705190966925,0,0,1,0,24,0
100%,2024-07-24,7.21222338666096,13.53123680835526,1.5164209920418454,1.03396241256618,204.56958854757406,0,0,0,0,24,0
100%,2024-07-25,15.065425574931618,17.078097025385595,13.077859219515277,14.895389857797598,206.88808291303627,1,0,4,0,24,0
100%,2024-07-26,10.07150323046897,14.953255049087891,6.148633381109387,9.022726323594208,245.00306534287506,0,0,1,0,24,0
100%,2024-07-27,6.531734938623565,10.719268405073041,5.249352930676106,3.8522347664124226,266.26294991630084,0,0,0,0,24,0
100%,2024-07-28,5.709860503773425,10.777449495365337,0.7621994186521602,2.790590748196953,321.1262024734495,1,0,1,0,24,0
100%,2024-07-29,8.704536296117938,10.49262437357843,6.5223366341564315,7.8352041019457355,109.89273412476541,0,0,0,0,24,0
100%,2024-07-30,7.488975604758114,11.35702577126418,4.025486026270018,6.856220600115998,53.91937778191556,0,0,0,0,24,0
100%,2024-07-31,12.47574570977644,13.772837416298538,10.076929121159713,12.453224196021795,54.4136728081437,0,0,0,0,24,0
100%,2024-08-01,11.328126828540162,14.349426588563396,7.3237944965838855,11.032687932826189,63.89646140574678,0,0,0,0,24,0
100%,2024-08-02,6.669724904344027,8.569062739024053,3.645143026007284,5.337365504896765,130.08463845712964,0,0,0,0,24,0
100%,2024-08-03,10.074025712264929,13.018021954179753,8.162765714073926,8.283699372107753,250.2804442309486,0,0,0,0,24,0
100%,2024-08-04,7.480796555697071,10.006219700392586,5.208649940418138,4.075701112242926,266.8898870845036,0,0,6,0,24,0
100%,2024-08-05,10.67726488812464,12.932556302124336,9.204744209332414,10.380223004076582,199.29265461567084,0,0,2,0,24,0
100%,2024-08-06,10.197770787631441,11.890559868095211,8.12145868950529,9.519227756388446,202.79020778180433,0,0,0,0,24,0
100%,2024-08-07,11.11500018482085,13.761270857924394,7.745691784810102,10.56665848545869,240.65074714912708,0,0,0,0,24,0
100%,2024-08-08,15.036574525757727,23.553694579042432,10.728605750427763,13.763275400342591,223.683736273952,1,2,2,2,24,0
100%,2024-08-09,14.489088826886166,23.176304412777807,5.3220096889334805,14.058058533070897,236.89000555353977,0,5,5,5,24,0
100%,2024-08-10,11.531709762697345,15.566764471956562,4.798165145880726,11.133137368849072,245.33378598206127,0,0,0,0,24,0
100%,2024-08-11,6.780259996655842,14.848869914473697,0.5729539976618707,5.452191490455104,56.37432645997137,0,0,0,0,24,0
100%,2024-08-12,14.311948071077792,16.101461351964655,11.125568738687097,12.464672098494379,126.26885118515332,0,0,0,0,24,0
100%,2024-08-13,6.2029820522578305,11.633142088766895,0.9628811482081471,5.097288023105545,223.30978268488377,1,0,0,0,24,0
100%,2024-08-14,5.1223901023400975,8.316784099705016,1.0443044550129368,3.846949205262844,349.20676807445915,0,0,0,0,24,0
100%,2024-08-15,15.369456983474578,22.43915576772251,1.4398472635661812,15.131194660433128,216.85654546042903,1,6,12,3,24,0
100%,2024-08-16,8.416913405903877,18.08026179003846,2.2688989332097482,4.086707648694524,311.59525358608084,1,0,0,0,24,0
100%,2024-08-17,4.095068044299483,7.216901429688623,1.0726373145173724,1.477876087452214,70.75047460598995,0,0,0,0,24,0
100%,2024-08-18,5.0208465109671225,9.86461301311202,1.9356698717710912,3.4163802786425657,298.61937558442975,0,0,0,0,24,0
100%,2024-08-19,10.343313012330325,17.406130297398565,0.2530527689535853,9.728559163597343,198.7204272991286,0,0,0,0,24,0
100%,2024-08-20,16.290323898618027,18.103074331843345,12.990945885898922,13.099750555797693,222.06252730411762,1,0,1,0,24,0
100%,2024-08-21,18.47085334096508,21.137248586599306,15.247923600501334,17.225542590182926,256.4816944370655,0,0,4,0,24,0
100%,2024-08-22,24.848321693800916,28.65496384734602,21.051346143949065,24.770611034435465,219.19065654990774,1,17,24,17,24,1
100%,2024-08-23,19.59097266012586,30.376422356745042,8.933738076123605,18.814121683031587,223.92676748615443,1,5,5,0,24,0
100%,2024-08-24,12.089212591798374,20.268963468385568,6.319685861230584,10.467197215841674,231.28593886462738,1,0,2,0,24,0
100%,2024-08-25,19.015590647525975,22.399759912587776,14.480784617198761,17.814817712501576,242.74615603900935,0,5,9,4,24,0
100%,2024-08-26,16.733100518906777,22.09114237298552,13.860188387079573,16.42232796507422,223.49882984144625,1,2,5,0,24,0
100%,2024-08-27,12.08106913534143,15.578829705890318,8.774257560355881,11.031874696539433,185.25048585634892,0,0,0,0,24,0
100%,2024-08-28,7.719125769914659,8.704106722351812,6.821208676242744,7.022474383829497,148.61727995343756,0,0,0,0,24,0
100%,2024-08-29,6.931095646579348,11.396557924651063,0.8828764409672744,6.022939440156612,284.3915814520597,0,0,0,0,24,0
100%,2024-08-30,8.80607533069914,15.671949744666616,2.3198819129429813,7.295724617811126,36.27098949393587,0,0,0,0,24,0
100%,2024-08-31,18.681551264954887,20.59057180015782,16.37871537356961,18.62998373563095,66.33140583494173,0,2,0,0,24,0
100%,2024-09-01,14.006999826563678,17.58195004066293,10.045281843845622,13.64643841422899,89.48671556238327,0,0,0,0,24,0
100%,2024-09-02,10.173017490711944,12.488148511629426,8.042500010432981,9.750497791259962,205.4818082904102,1,0,0,0,24,0
100%,2024-09-03,9.98224323558094,13.462620432229633,5.340444194271254,9.803025000273355,209.06211269590153,1,0,0,0,24,0
100%,2024-09-04,7.651618253516681,9.456311829614444,5.067881555702142,6.004343015177598,325.7111168377605,1,0,0,0,24,0
100%,2024-09-05,15.508847997698537,20.88285324580143,9.154087467317316,14.660115087180113,52.197541139409395,0,2,0,0,24,0
100%,2024-09-06,10.41866063554694,16.247661101774955,4.961848771227512,9.191963815970867,91.23078436222715,0,0,0,0,24,0
100%,2024-09-07,7.535601700586763,13.025075938037423,4.834905831243855,5.243937119210934,123.31348434318875,0,0,0,0,24,0
100%,2024-09-08,14.735468648094004,18.969168706374,6.29738959737872,14.336250647912967,184.05770466296005,0,0,0,0,24,0
100%,2024-09-09,12.58058286202106,20.837966511906284,1.1239315155450293,11.325446669257074,315.26468331502633,1,0,5,0,24,0
100%,2024-09-10,20.594745564833595,25.486429836148552,16.753874195128716,19.23702538032657,258.7075234573392,0,9,0,0,24,0
100%,2024-09-11,18.600755559161737,23.55002213753692,11.368426134009372,18.311544673602583,290.2033891336171,0,9,0,0,24,0
100%,2024-09-12,13.517628540391927,16.345478066154556,10.56270526768707,12.381155627840535,331.3461690796522,1,0,1,0,24,0
100%,2024-09-13,12.66094918402056,16.261115811739593,5.021158181710183,12.412819685286092,358.569797569184,0,0,0,0,24,0
100%,2024-09-14,8.706497902865356,12.766782293510444,4.467078382991325,8.116779468248637,244.27320963252754,0,0,0,0,24,0
100%,2024-09-15,11.50142704333846,12.907487630702946,9.55428699639347,10.970613666501313,247.23567430943388,0,0,0,0,24,0
100%,2024-09-16,14.327090668601677,16.671563395824354,10.754579777616685,12.994886589285496,5.869176598421575,0,0,0,0,24,0
100%,2024-09-17,16.97072405349589,19.228375733352035,14.420714708959784,16.879270400729876,48.24585026865509,0,0,0,0,24,0
100%,2024-09-18,16.85282314397553,18.049154049981006,15.555816781328879,16.784086843628792,60.124019969319306,0,0,0,0,24,0
100%,2024-09-19,15.233018805293483,16.677632836837596,13.262043336578856,15.115594541514637,62.27561925748512,0,0,0,0,24,0
100%,2024-09-20,15.062046008287986,16.805085698158695,13.46434041954779,14.991806030428666,74.844474592756,0,0,0,0,24,0
100%,2024-09-21,10.385567803794977,12.889638479803876,8.985325943711434,10.332731906137282,90.88911586198083,0,0,0,0,24,0
100%,2024-09-22,10.434028786512597,12.346286237929796,8.36848599664762,10.25681512972425,105.02678041946467,0,0,0,0,24,0
100%,2024-09-23,15.145955725283246,17.280504918094238,11.843252695136181,12.769044088886346,182.0116267539479,0,0,0,0,24,0
100%,2024-09-24,15.465185631159365,18.82566536621917,13.827269991460696,12.50909813573908,248.63678121789565,0,0,0,0,24,0
100%,2024-09-25,12.589348653937401,17.184629344623513,5.47737089157228,9.474845153497721,221.87047188189499,1,0,0,0,24,0
100%,2024-09-26,18.981795974052616,28.80869345322163,9.434674273725072,16.70632797462891,216.98073198848746,1,2,6,1,24,0
100%,2024-09-27,25.041788325068183,28.989494524263833,12.235143858159892,17.16338247058829,298.928110394823,0,7,5,4,24,0
100%,2024-09-28,15.767741674896213,23.473960798081702,5.607060238077794,15.439659955093218,315.7711823214236,1,3,13,3,24,0
100%,2024-09-29,14.8640202106946,23.356713400190237,5.146375463831173,13.419578414969967,161.61821527996665,0,0,0,0,24,0
100%,2024-09-30,22.910453932906265,24.986283052285977,16.08523798035514,17.046674768165854,164.161031778837,0,20,1,1,24,0
100%,2024-10-01,14.211586743757236,21.10933240382231,4.07150220593466,12.451959367873263,249.3230508795008,0,2,0,0,24,0
100%,2024-10-02,16.865604671658698,22.040679947105637,4.259651583412197,16.819820773166064,56.635060603732086,0,0,0,0,24,0
100%,2024-10-03,13.709312561151913,17.26076359574768,11.573503143748166,13.583346019836739,63.91012979914757,0,0,0,0,24,0
100%,2024-10-04,7.60491650377669,10.811553741618997,5.7023449809903335,7.099021553952347,112.25272147173541,0,0,0,0,24,0
100%,2024-10-05,11.880621030769426,17.03604234948005,8.199501883645636,11.713026490464744,151.45775099256264,0,0,0,0,24,0
100%,2024-10-06,18.78722184126416,20.379685500797443,16.193822803815117,18.218539727418857,149.75057900168161,0,0,0,0,24,0
100%,2024-10-07,16.39897834750686,20.254237835102956,11.648585569648537,13.516876675672753,203.1092854656226,0,0,2,0,24,0
100%,2024-10-08,17.09367598483569,18.915957327922982,14.494702056471088,15.915144666006668,193.8758352164537,0,0,4,0,24,0
100%,2024-10-09,15.009722924464471,21.05969410840101,5.415519388652397,10.23170624517718,214.24863926029647,1,0,0,0,24,0
100%,2024-10-10,20.17229633447319,27.279160204845656,13.610187771655898,19.966205612992006,338.730094544411,0,8,7,0,24,0
100%,2024-10-11,11.588135562235022,13.593222594713808,8.91957312130468,8.90010753362412,270.21206663593273,0,0,3,0,24,0
100%,2024-10-12,17.527888333574797,28.89486193572091,10.719050689292244,13.15281735483728,211.9363510638825,1,5,0,0,24,0
100%,2024-10-13,17.89095420952324,29.883788470751604,1.6596436863741262,17.59673276010163,297.8134608365191,0,0,1,0,24,0
100%,2024-10-14,9.196989792823254,12.845818837687279,1.9178666361591914,8.819284190538298,121.49663669596936,0,0,0,0,24,0
100%,2024-10-15,17.587787395918806,20.96692457525318,14.84219563802145,17.563146599236394,119.59676452211443,0,0,0,0,24,0
100%,2024-10-16,19.189270549584016,21.275031006264836,16.682148540126565,18.8708774715608,144.27682678276534,0,2,0,0,24,0
100%,2024-10-17,9.964259870685558,18.04006834758501,4.094288244186853,8.504307083006982,211.08030308570403,1,0,3,0,24,0
100%,2024-10-18,4.893454859424795,11.876688820697927,0.6335608861505262,2.7491705869438308,212.6312425693878,1,0,0,0,24,0
100%,2024-10-19,14.238391921569885,18.357356912198476,10.332032515215166,13.841300473812776,202.5415056918644,0,0,0,0,24,0
100%,2024-10-20,21.074831015739097,28.707993955155683,9.760138843442483,20.153025018207153,197.18966482623364,0,11,5,5,24,0
100%,2024-10-21,16.679643648565136,24.529568603124552,10.067428540420376,16.366702350012616,231.7392118589574,1,3,13,3,24,0
100%,2024-10-22,12.98385561158271,16.397845109052284,7.024538612767826,12.888103349844014,248.35071190705114,0,0,0,0,24,0
100%,2024-10-23,10.316350570429126,13.493534338678574,6.395979776726825,9.546058143156458,199.6236885206115,0,0,5,0,24,0
100%,2024-10-24,14.910012880205224,17.056868626126136,12.531120951693055,14.857653095632866,151.73878198995112,0,0,0,0,24,0
100%,2024-10-25,9.147825498678005,12.12186496746053,6.585898573327815,9.124635917250938,159.45293093923283,0,0,0,0,24,0
100%,2024-10-26,4.94846208692896,9.677313865399785,1.0395831018779564,2.40168796248781,222.4616638125488,1,0,0,0,24,0
100%,2024-10-27,10.441653955125515,16.59373904777027,5.786726378625378,8.670997882429623,265.59494579628006,0,0,1,0,24,0
100%,2024-10-28,19.432309585746996,21.817506416197197,14.614587621816296,19.313917590469778,232.90112635769378,1,0,7,0,24,0
100%,2024-10-29,10.165839676340296,13.723041547345453,6.4681816594329105,8.936679345744261,265.02346427098905,0,0,1,0,24,0
100%,2024-10-30,4.904650974093367,7.012981350099376,1.5257344362020036,4.456912152376338,326.47582332294814,1,0,2,0,24,0
100%,2024-10-31,10.340644350516785,13.181417245868172,5.681242063307011,10.234678145135732,243.97156929783335,0,0,1,0,24,0
100%,2024-11-01,12.140256258866605,15.194384783757986,8.08285558575697,9.479939083548636,281.52573962702695,0,0,1,0,24,0
100%,2024-11-02,10.459952451657847,14.574424431204875,8.38388259167129,9.759238935698336,79.50001168687004,0,0,0,0,24,0
100%,2024-11-03,7.087133276633871,9.595086662759979,5.173143977128893,7.0213338107521155,115.045397837917,0,0,0,0,24,0
100%,2024-11-04,10.962997200011964,12.603060301811032,9.148498972311613,10.914434755301397,118.22348701496776,0,0,0,0,24,0
100%,2024-11-05,5.47998371800168,9.196098916435853,3.288780594025027,3.865038331296111,166.57892107613065,0,0,0,0,24,0
100%,2024-11-06,4.278068047543891,5.410099398905866,2.5598436655815835,3.1853577149116927,346.60797148021834,0,0,0,0,24,0
100%,2024-11-07,9.524245296155392,11.831716202375938,5.129797547662866,9.476580308082212,111.54846823127099,0,0,0,0,24,0
100%,2024-11-08,10.646749528303138,12.070961112812064,7.763581651797635,10.575192269454542,118.90240075573956,0,0,0,0,24,0
100%,2024-11-09,6.01016397615616,8.63705915397187,4.083205403320192,4.899879454049031,180.8565046988638,0,0,0,0,24,0
100%,2024-11-10,8.5129702532427,13.287462769477976,7.087511098436074,8.4681753951181,259.644756454483,0,0,0,0,24,0
100%,2024-11-11,21.004600248048686,25.9808028728954,13.782903277429654,19.28193231489158,338.87961472122765,0,12,2,0,24,0
100%,2024-11-12,17.516773745330514,25.874873020291353,10.43926159829879,16.93436635683786,40.90769366042622,0,4,0,0,24,0
100%,2024-11-13,10.609379954135024,12.709476181105266,8.572556817416464,9.221458355958777,348.2676742150233,0,0,4,0,24,0
100%,2024-11-14,13.247515648025058,16.318451673449143,9.201873747276494,13.016969031259018,354.3140465163641,0,0,2,0,24,0
100%,2024-11-15,9.860218779439318,16.0328490941137,5.768231122219491,8.079422678002471,263.87577545494787,0,0,1,0,24,0
100%,2024-11-16,17.361693732660303,18.497146395053242,15.77755605984559,16.684758631720534,264.0947559692574,0,0,0,0,24,0
100%,2024-11-17,20.123819147401324,21.93154598020957,17.25811735846698,20.03759810725391,291.7308206643858,0,0,0,0,24,0
100%,2024-11-18,12.539607418639113,19.560534140083586,4.503014024307786,11.105991105259356,298.957576558694,0,0,0,0,24,0
100%,2024-11-19,19.865542585484288,27.037390510394555,13.429585360286849,13.039688515945722,19.001064479221895,0,7,3,1,24,0
100%,2024-11-20,24.86164727666259,28.970825711221426,21.779727350554634,23.82492724540783,311.58911610953703,1,7,3,0,24,0
100%,2024-11-21,19.0642602988609,22.256663367605547,14.827838768427442,18.90120374035666,292.97519536555,0,2,0,0,24,0
100%,2024-11-22,22.67024017092903,30.763156813434453,14.27618053910635,21.592948143825883,289.48171285915515,0,9,2,2,24,0
100%,2024-11-23,25.248453973209532,33.086848402073066,15.142137654603964,23.803875010749515,200.57774305263476,0,4,1,0,24,0
100%,2024-11-24,31.800972694144747,33.26140627704076,29.63517037638305,31.71066616610109,203.9597954647674,0,0,5,0,24,0
100%,2024-11-25,22.35667374254326,29.760763476952825,20.113194182072814,21.794464058141852,227.8500996919342,1,7,2,0,24,0
100%,2024-11-26,15.409680192219703,21.50824519437832,5.367098206078173,15.121138994179129,247.23437865604836,0,0,0,0,24,0
100%,2024-11-27,20.338020243411464,30.253115240888874,5.691117565188074,4.5436529784872866,277.25724709577827,0,2,5,0,24,0
100%,2024-11-28,12.188759977557645,21.70642295276864,1.1603197785733923,11.009999448461414,331.30604023545203,1,0,5,0,24,0
100%,2024-11-29,16.392830723944112,21.015461199209874,7.9630019966923555,16.301896989944744,169.277554401011,0,0,0,0,24,0
100%,2024-11-30,15.659075216552777,19.642552997067444,13.52425931941376,15.540559581986782,194.3031489600641,0,0,0,0,24,0
100%,2024-12-01,19.227980475181603,21.46051372218701,14.52245485399234,18.6298425437828,192.89191546477994,0,0,4,0,24,0
100%,2024-12-02,17.4611627593012,23.402022001309316,13.851071482231752,12.91236998909605,259.83916947953014,0,0,2,0,24,0
100%,2024-12-03,14.861546557020594,22.23491930224214,7.782190638330454,14.644316479641239,336.3648244479471,0,0,3,0,24,0
100%,2024-12-04,10.977943312806262,19.733114119511594,4.47727392769879,8.84875683353756,248.5455692599041,0,0,0,0,24,0
100%,2024-12-05,23.519258433622614,27.61224388212605,16.54448756906695,21.53251284353451,208.5331079681984,1,11,1,0,24,0
100%,2024-12-06,24.252782510712077,32.64817659557724,10.443199212411717,19.534364324899666,286.13223591466385,0,0,0,0,24,0
100%,2024-12-07,22.699537878483408,29.703757521405418,14.194055068717065,13.426229094162451,226.94323481650991,1,6,2,2,24,0
100%,2024-12-08,23.383974688976465,25.062568030081653,21.564434993617002,22.905956701820234,33.68124423052802,0,10,0,0,24,0
100%,2024-12-09,24.640200913895814,28.273875691269403,22.330170829400807,24.582927226161686,50.77798704932701,0,22,0,0,24,0
100%,2024-12-10,20.106215907999694,22.23406758577385,15.22106995749147,20.08572359140191,55.56434200119497,0,9,0,0,24,0
100%,2024-12-11,11.456516296382626,15.860576772210342,3.1225176727932915,11.386411428151694,53.55541486096121,0,0,0,0,24,0
100%,2024-12-12,8.507512739446778,11.677456141676371,2.0459905555687583,7.969202273880672,66.22911612439634,0,0,0,0,24,0
100%,2024-12-13,8.577660175941451,9.991217202233944,6.537342902456355,6.277703757389202,154.85147850952,0,0,1,0,24,0
100%,2024-12-14,16.07100010912519,18.88061476289951,10.063763541797702,15.478382519728715,287.4788840377497,0,0,0,0,24,0
100%,2024-12-15,18.843234822347416,20.357443372531613,17.142260918578483,18.6544496156022,259.76644304907705,0,0,0,0,24,0
100%,2024-12-16,20.031369631071946,20.78281045483803,19.002897804536726,19.997488096260106,250.84752723133,0,0,0,0,24,0
100%,2024-12-17,17.409815817021013,22.54158638879605,13.406889728170365,15.540706885852405,222.63989511751222,1,0,1,0,24,0
100%,2024-12-18,25.45765849515961,30.627305854471878,20.274711292474763,24.809974470064653,215.56670252565286,1,13,12,4,24,0
100%,2024-12-19,24.514912239988174,28.63780024494212,20.371862059352733,20.148588874658675,295.4258523465161,0,18,5,4,24,0
100%,2024-12-20,19.8234101264009,23.911047448244204,16.06232502664656,17.719783653904095,263.2522914422775,0,0,0,0,24,0
100%,2024-12-21,21.755659292136993,27.45853091334007,16.76455727988224,20.88595136007775,249.77470099521753,0,9,3,3,24,0
100%,2024-12-22,27.247561488097762,30.536334899736683,23.38219064711052,26.346936868311527,286.9362798976208,0,12,1,0,24,0
100%,2024-12-23,22.8972785336192,30.60228893351896,11.229012652966631,22.45799229552785,320.52063750388487,1,7,4,1,24,0
100%,2024-12-24,11.867649416140376,14.503656841233285,9.743457687100744,11.542516264723195,247.56070533047767,0,0,2,0,24,0
100%,2024-12-25,9.003567239894535,10.700585249780442,7.255077518282627,8.801301559981521,230.4503562789791,1,0,7,0,24,0
100%,2024-12-26,6.965315295174514,7.831185109696473,5.271757960253951,6.746760730279668,194.2569009263821,0,0,0,0,24,0
100%,2024-12-27,4.264405321869883,6.829160604555053,2.6441192426169144,4.1394050481213505,182.60795936140374,0,0,0,0,24,0
100%,2024-12-28,7.8672826026504135,10.459616045524234,5.513012923513479,7.347726524906355,227.93203330183675,1,0,4,0,24,0
100%,2024-12-29,14.280868044533896,18.951519841547963,9.65937793976826,14.07923332751165,256.8750634150557,0,0,0,0,24,0
100%,2024-12-30,19.45074518004063,20.314069668429525,16.996309424213013,19.394590380391268,239.31454138326217,0,0,2,0,24,0
100%,2024-12-31,24.33582176773881,30.434300266196146,17.73739709038985,24.174592021992524,220.12356455822265,1,7,20,7,24,0
100%,2025-01-01,28.0879741797628,34.81246799248447,16.866487052150667,25.655654296696714,236.36247611169773,0,1,13,0,24,0
100%,2025-01-02,16.862442597425463,20.75259850753244,13.887356765606352,16.7815084445579,321.17853628168115,1,0,23,0,24,0
100%,2025-01-03,19.52710917808519,23.59877908567815,11.26636032569418,19.162100242213377,302.3289549195897,0,7,3,0,24,0
100%,2025-01-04,12.302247735577057,16.413807254274825,8.938103724252205,8.807977870389339,233.10347304311182,1,0,0,0,24,0
100%,2025-01-05,22.6911282729843,26.726338824897276,17.18678529583611,16.60237937838616,178.99439431360156,0,15,6,6,24,1
100%,2025-01-06,28.306133461684485,31.47724326990946,23.90821608943408,24.761096423702412,224.24086447465146,1,5,0,0,24,0
100%,2025-01-07,20.436753915771185,24.798311661929393,17.894010817284826,20.36408588440847,259.5366259608084,0,2,0,0,24,0
100%,2025-01-08,12.512742902784417,23.43283635057953,1.5853956568276932,8.449722303368045,278.5642021677704,0,2,0,0,24,0
100%,2025-01-09,15.724727250440182,23.479912055209557,3.72636259013802,13.585551013718272,314.35662637761965,1,2,0,0,24,0
100%,2025-01-10,13.889478519843943,20.26158825076243,7.795628876646716,12.926042266510459,305.81763697303774,1,0,1,0,24,0
100%,2025-01-11,10.29049717412211,13.74806809876303,7.330270557695709,9.963727469758112,349.7864139395903,0,0,1,0,24,0
100%,2025-01-12,6.462604169327309,11.000622880083725,2.9585265646877303,4.507651313060168,322.19699707301095,1,0,0,0,24,0
100%,2025-01-13,15.296614250599752,18.472655186530893,8.72120897497885,15.2293452222673,213.14526974951707,1,0,5,0,24,0
100%,2025-01-14,14.295262532443061,18.53143402409561,9.574693363665148,13.321457752085719,254.2714744317129,0,0,0,0,24,0
100%,2025-01-15,5.87718962705781,9.25459681316252,3.6769922009806577,5.224438764227119,274.950499694528,0,0,0,0,24,0
100%,2025-01-16,9.891374114113015,12.84326715766948,5.6303018883184395,9.824521268399916,195.462147159527,0,0,0,0,24,0
100%,2025-01-17,10.134912917132398,13.912231520280155,4.909495704314465,9.86844976649408,208.74020572457522,1,0,13,0,24,0
100%,2025-01-18,8.373467188182852,12.62898778841652,4.7070490028534495,7.927084495415519,143.89811628458233,0,0,0,0,24,0
100%,2025-01-19,7.798226966134809,10.419262504666463,6.34744319053193,7.531764171351447,192.99895756768285,0,0,2,0,24,0
100%,2025-01-20,9.597414663856176,12.844594029857337,5.911404481244864,9.580695758871084,226.6126645018806,1,0,1,0,24,0
100%,2025-01-21,12.471519033382819,14.771405794773973,8.408146055600724,11.46849197325154,207.0958787987879,1,0,3,0,24,0
100%,2025-01-22,7.505934094853635,13.36366679084162,2.987505516683206,2.064677794061284,205.55916792115835,1,0,0,0,24,0
100%,2025-01-23,19.64653209221158,24.889326064053325,14.198810085597966,16.45108639755594,241.50387404696693,0,6,0,0,24,0
100%,2025-01-24,23.989664650469873,31.95590407425152,15.853474409060246,22.87845981303455,214.35012950259272,1,6,6,1,24,0
100%,2025-01-25,11.369709062765969,16.2849918429045,3.7882015037413206,9.234494027005189,243.965000507794,0,0,0,0,24,0
100%,2025-01-26,18.405297224397234,31.125242659858266,1.0279562753051594,17.245485890121873,166.92008278879325,0,4,0,0,24,0
100%,2025-01-27,25.61001658365086,29.095118589912477,22.758785388611123,24.367528905147,200.0830969500683,0,18,4,3,24,0
100%,2025-01-28,21.685709058240793,25.091248666388903,14.434596351621144,19.88363716293762,192.89870973066465,0,15,0,0,24,0
100%,2025-01-29,15.466048781845133,22.87540874962588,6.561662627962464,14.579056009140073,266.4649650741507,0,1,0,0,24,0
100%,2025-01-30,13.020655078474844,14.433204123067705,9.438471031879535,11.873160161856466,322.5186175562742,1,0,2,0,24,0
100%,2025-01-31,11.243354523945944,12.478052181331458,8.662328841789531,9.509793191760801,212.73003569964453,1,0,0,0,24,0
100%,2025-02-01,10.063659836981193,14.321474070876535,7.616386670776789,9.801375947953405,169.41879151259343,0,0,0,0,24,0
100%,2025-02-02,10.987192711436274,13.925315196265776,8.584074649102202,10.492524027691115,176.06555947018705,0,0,0,0,24,0
100%,2025-02-03,12.833440723016102,16.05395891635586,8.980957264448945,12.68451822136395,214.53947016669213,1,0,1,0,24,0
100%,2025-02-04,19.17141121179175,22.202686070696455,15.335799115888427,18.828843545237618,205.7475824383953,1,2,1,0,24,0
100%,2025-02-05,10.220238763849533,17.435633759977343,5.432748111856126,9.449066357001069,271.5056983808405,0,0,0,0,24,0
100%,2025-02-06,14.078046127828863,20.096882084145197,8.125368750684077,13.517679861842835,51.276443972188304,0,0,0,0,24,0
100%,2025-02-07,24.115847440396394,27.633332603090302,19.512159017110662,23.82905295992994,84.67323088497938,0,20,0,0,24,0
100%,2025-02-08,13.281568589038253,22.382690356821914,6.986832575394033,12.839035796089004,115.40226890210937,0,3,0,0,24,0
100%,2025-02-09,13.745747082661259,20.192139090297196,6.137502270367265,13.545521646554878,71.35749537069967,0,0,0,0,24,0
100%,2025-02-10,21.958781752071303,23.348612393796586,20.67568905010058,21.920894661266853,76.35337306096721,0,20,0,0,24,0
100%,2025-02-11,10.465761896421977,20.35206203595246,3.4684373588297284,10.078273454033695,83.09808420470483,0,0,0,0,24,0
100%,2025-02-12,8.499096068721876,12.995922698985595,4.61258397848319,8.059909156101323,37.81879890698576,0,0,0,0,24,0
100%,2025-02-13,13.547265858046003,15.938472562203216,8.779154406233934,13.3419617887856,43.90570764515945,0,0,0,0,24,0
100%,2025-02-14,9.31812081620417,13.146560011739508,7.133919623029331,8.200020512441787,129.91973617292,0,0,0,0,24,0
100%,2025-02-15,11.936359361774374,12.996082102060408,10.878540691299532,11.45712684965374,148.92431771359804,0,0,0,0,24,0
100%,2025-02-16,16.173105460138643,17.851043598221317,12.35829986329204,16.128353966353554,99.68717093015812,0,0,0,0,24,0
100%,2025-02-17,12.253589518487898,14.87632207438389,10.030345710390325,12.17318000157494,97.37772567899225,0,0,0,0,24,0
100%,2025-02-18,17.112025397436597,19.852816439148327,13.384086367345056,17.00074085361815,114.95693901865423,0,0,0,0,24,0
100%,2025-02-19,17.63434082706475,20.13335500440746,12.971947978056543,17.144051449887048,140.1203493360025,0,0,0,0,24,0
100%,2025-02-20,18.666658015622946,22.645618524408228,12.298099894469456,18.25521013521935,194.99061477466478,0,0,1,0,24,0
100%,2025-02-21,19.435723568797616,22.16674154918955,16.490582662863908,19.28632215430873,186.55012921810322,0,0,0,0,24,0
100%,2025-02-22,12.541121375759417,15.800248618751356,9.5167053994709,11.488580442217232,213.59762237230024,1,0,0,0,24,0
100%,2025-02-23,19.37701701607274,25.62364160250249,13.032664801253839,18.882997889777585,199.28438754981158,0,6,4,0,24,0
100%,2025-02-24,20.060955280014827,25.858309694142115,13.055221772373615,19.4966850393433,211.74530173185985,1,9,4,0,24,0
100%,2025-02-25,8.092685930018389,13.858142160614504,4.082306362387014,6.377796699999127,240.143992037291,0,0,5,0,24,0
100%,2025-02-26,12.937964544024517,20.215829980838897,8.845363049257697,10.788279377666187,223.00280934973264,1,0,1,0,24,0
100%,2025-02-27,15.91022338317353,20.281734314813974,11.893140163871472,13.512921849280506,311.2334227651058,1,0,0,0,24,0
100%,2025-02-28,11.305236457854248,16.826475863904076,7.076417304885868,11.130664449811261,8.171208360782089,0,0,0,0,24,0
100%,2025-03-01,4.669834621086761,7.362380514777894,0.24052508466230063,4.58069991313968,22.179884333244047,0,0,0,0,24,0
100%,2025-03-02,4.770269926975655,6.22074431061597,2.5576245676174483,4.662114999561967,214.96398538176103,1,0,4,0,24,0
100%,2025-03-03,7.048196395022374,8.41488509809734,5.5155523159841255,6.8600985957698555,231.3418924295244,1,0,3,0,24,0
100%,2025-03-04,9.066084311219095,13.176522346568198,6.43756428092547,8.669392399577555,221.3621862407115,1,0,2,0,24,0
100%,2025-03-05,13.173011126429337,15.647215465481844,10.554410212425376,13.042120884921033,216.6459395936234,1,0,15,0,24,0
100%,2025-03-06,12.166850931871847,15.463041057399314,9.672407411274104,11.985828603132918,191.3165697850637,0,0,0,0,24,0
100%,2025-03-07,12.514941858782842,14.881888102996026,10.379752365126887,11.858359328535405,175.96961166430003,0,0,0,0,24,0
100%,2025-03-08,12.642878502858293,14.711836844232149,10.938914913529798,12.117953673267468,118.6900167726119,0,0,0,0,24,0
100%,2025-03-09,10.80888951726292,12.471386300093211,9.355724987866783,10.574697219730963,95.01029816341395,0,0,0,0,24,0
100%,2025-03-10,10.904270969979839,15.547794648890099,7.547835548742421,10.157162842538218,38.82233629844029,0,0,0,0,24,0
100%,2025-03-11,15.684531157512717,17.669652530002725,13.190408271631805,15.174787563713599,350.0944221760222,0,0,1,0,24,0
100%,2025-03-12,12.876335524433122,15.599932857977999,9.065107638915638,11.943869711550288,317.78380081814004,1,0,0,0,24,0
100%,2025-03-13,12.282135647718425,13.919916710478734,9.675494500493206,12.066821371019877,11.465824271868769,0,0,0,0,24,0
100%,2025-03-14,9.901333403545793,14.724675969715307,7.50870397726404,9.516982798656434,32.47319888548168,0,0,0,0,24,0
100%,2025-03-15,15.50864589239812,17.80819420304094,13.840167766782058,15.437321385219212,50.34236424372034,0,0,0,0,24,0
100%,2025-03-16,12.354280816684435,14.541183843788616,9.589771350581236,11.978804128359693,30.118449260326372,0,0,0,0,24,0
100%,2025-03-17,14.499690871234057,17.264204394827633,11.232989338533077,13.901628967471096,70.96091758680399,0,0,0,0,24,0
100%,2025-03-18,15.165225040045014,16.108356070365517,13.749195257804226,15.022715545079805,103.79606961573808,0,0,0,0,24,0
100%,2025-03-19,9.465898218725611,13.122090829796747,6.428355409175837,9.010406795866466,148.87098252366235,0,0,0,0,24,0
100%,2025-03-20,6.309462622159074,13.339288655580717,2.9185426538406674,4.282815933501079,142.08716874819487,0,0,0,0,24,0
100%,2025-03-21,15.979244758357494,17.703642367586873,12.831530330260634,15.714271575763844,113.89378847689431,0,0,0,0,24,0
100%,2025-03-22,11.980591391649156,16.535060916170632,7.81421154135896,11.776004085712476,120.19362105311143,0,0,0,0,24,0
100%,2025-03-23,5.365671505100271,9.15945684445095,0.7729487490090196,3.340501134169147,113.9323228186268,0,0,0,0,24,0
100%,2025-03-24,9.941730138569685,12.715497269617295,4.642066313879038,9.624322929922407,344.8048476320379,0,0,0,0,24,0
100%,2025-03-25,9.673358432156233,11.29777769581622,6.982302758218554,6.964314978767525,286.8572216645011,0,0,0,0,24,0
100%,2025-03-26,5.655428732219691,9.559362091875357,2.003705309713155,2.04877981339607,321.79967312821094,1,0,0,0,24,0
100%,2025-03-27,11.890155597551725,14.990098346898634,8.898034230295133,11.796647033027844,208.96727343597064,1,0,7,0,24,0
100%,2025-03-28,12.588064355130058,16.063885723528614,7.492514080522612,10.062565172187083,241.62607634291737,0,0,11,0,24,0
100%,2025-03-29,13.347761004899453,22.669002313984294,7.447492008792072,9.440593228815722,259.1756357107892,0,2,4,2,24,0
100%,2025-03-30,19.350940164757223,22.641703158710346,15.136041953710988,16.20169685717017,292.47236027176376,0,6,0,0,24,0
100%,2025-03-31,10.054424327686705,13.966294779377586,5.8630936863241265,8.555816271363067,12.5531486522803,0,0,0,0,24,0
100%,2025-04-01,13.548190707486228,16.686383452022486,10.445710931364035,13.418225342806483,76.11820231336316,0,0,0,0,24,0
100%,2025-04-02,17.648247621212352,19.28674871224932,16.088259631306883,17.46050483280886,75.32646132777182,0,0,0,0,24,0
100%,2025-04-03,14.566411011140525,18.096924742442678,11.957529241667551,14.499878317417306,93.0361669547109,0,0,0,0,24,0
100%,2025-04-04,13.596614058071788,19.345522296663738,9.658462672336219,12.977674358275742,61.210512795832244,0,0,0,0,24,0
100%,2025-04-05,17.509726660324883,20.701040093616765,15.18659538784448,17.371056739938904,50.56946457012009,0,0,0,0,24,0
100%,2025-04-06,16.777917148848122,18.456485476620603,14.487750372498441,16.39883891017505,76.39248944182123,0,0,0,0,24,0
100%,2025-04-07,11.257344329426287,15.327576490500272,7.960912560872052,11.078145271924168,69.38565613378398,0,0,0,0,24,0
100%,2025-04-08,11.227334356167312,12.621798051516187,8.662679383867342,10.60112652605499,61.89510916969812,0,0,0,0,24,0
100%,2025-04-09,13.19252294176504,15.65821542968371,11.507281022354691,12.85608594202629,18.18875007914994,0,0,0,0,24,0
100%,2025-04-10,9.841863623248704,14.631930820221378,3.400200070780699,8.648156594910068,340.68596786070134,0,0,0,0,24,0
100%,2025-04-11,6.303381720190568,10.942510918935765,0.29687565669472227,4.706068721833448,255.6972343763907,0,0,0,0,24,0
100%,2025-04-12,10.95201819907137,15.63768651154758,6.143599281448197,10.143734372768439,129.49060654526647,0,0,0,0,24,0
100%,2025-04-13,12.81924779549974,16.227559130731926,9.079861373443714,12.045948658677679,227.9944164402389,1,0,1,0,24,0
100%,2025-04-14,10.15068267139107,14.535817988294161,6.675437893600329,5.459824631292898,167.51817413294987,0,0,5,0,24,0
100%,2025-04-15,10.696254722540628,14.559276444473763,6.072502404941977,8.486237165260233,146.57318168725692,0,0,0,0,24,0
100%,2025-04-16,16.111353862610418,18.978962561703106,10.567192002409831,15.988764628057137,202.45154736932633,0,0,0,0,24,0
100%,2025-04-17,4.826629333088857,9.524811211695546,1.5218556661764522,2.3781503749226194,248.1627711091913,0,0,3,0,24,0
100%,2025-04-18,8.659694039011885,15.86935360452877,0.8697033580736967,8.160404896815264,95.52595773727921,0,0,0,0,24,0
100%,2025-04-19,14.292133076410122,16.248175927318393,12.997652694053599,13.405142554288119,63.34101545517143,0,0,0,0,24,0
100%,2025-04-20,9.477555913767274,13.24832420010629,6.570346944965786,9.34757393043728,46.45011274290641,0,0,0,0,24,0
100%,2025-04-21,3.5740263144512583,6.218764765368851,0.2596797861862016,2.6060140264638427,81.85946355157682,0,0,0,0,24,0
100%,2025-04-22,7.164080126469916,9.747658797582801,5.205230653016052,6.339189290317575,218.31398663660212,1,0,0,0,24,0
100%,2025-04-23,10.279355143487189,14.24128616915685,6.7035161169640975,5.902964747541486,73.15213093145081,0,0,0,0,24,0
100%,2025-04-24,14.862837348082708,16.823004300969586,10.57101884954308,14.750717513388771,14.703889835270445,0,0,0,0,24,0
100%,2025-04-25,8.704589540602056,10.94418431033466,6.114110265716527,8.464987344635977,45.313873174009245,0,0,0,0,24,0
100%,2025-04-26,9.051087997464068,10.189374960780524,7.80000597857321,8.073695891026524,61.38620807376742,0,0,0,0,24,0
100%,2025-04-27,4.264856982883184,7.482041497638299,2.9615499250285726,3.382515429250393,34.327091132781675,0,0,0,0,24,0
100%,2025-04-28,2.988941166533047,4.888005538573237,0.8235875927915475,2.212119319528322,205.48793480701676,1,0,0,0,24,0
100%,2025-04-29,6.9094569569042505,10.964967646282382,3.165339963597748,6.739877048941527,64.9075234566161,0,0,0,0,24,0
100%,2025-04-30,6.830922652236919,10.30883757265302,3.4224119441148266,6.396158052743572,82.06958634231557,0,0,0,0,24,0
100%,2025-05-01,4.434316426271152,7.4038184118644494,1.715848195909087,3.6970529353925796,140.55076360943735,0,0,0,0,24,0
100%,2025-05-02,9.285803451321312,11.458612402672477,6.478879626775681,6.6586568275792715,5.557821209599922,0,0,0,0,24,0
100%,2025-05-03,9.885979307034985,19.43959876260856,0.9790846204008354,7.586931089629535,353.3441810171238,0,0,0,0,24,0
100%,2025-05-04,16.79988143939659,18.019659064281754,15.226383669078993,16.676760659101184,351.7875935851127,0,0,0,0,24,0
100%,2025-05-05,17.035815436971905,20.125556980172536,11.717341266106706,16.508693381592042,37.235248691053584,0,4,0,0,24,0
100%,2025-05-06,14.29259118410161,16.428617726341656,11.261871513859155,14.184233222027377,18.010614328092856,0,0,0,0,24,0
100%,2025-05-07,13.523568283297058,15.554611340430231,12.30768050760315,13.483463310695287,28.6607621830301,0,0,0,0,24,0
100%,2025-05-08,13.293979380357044,15.426494014338182,11.828433078874767,13.075394569309852,29.542803614465072,0,0,0,0,24,0
100%,2025-05-09,11.12241936785768,15.129524465383032,7.3957895304767,10.635602223129563,69.70720239012587,0,0,0,0,24,0
100%,2025-05-10,13.26617339431805,18.2417464074316,9.091291218797112,12.818513171048016,82.28223180789644,0,0,0,0,24,0
100%,2025-05-11,13.470428858900709,16.69687891182439,11.667193974838659,13.242196332310767,92.09891159397904,0,0,0,0,24,0
100%,2025-05-12,14.133411173788202,17.86498519441932,11.9848499427232,13.442911089603276,91.20942324405507,0,0,0,0,24,0
100%,2025-05-13,13.571194934615628,15.904154991710291,11.56949294957589,12.80178440417571,65.03521773050153,0,0,0,0,24,0
100%,2025-05-14,14.117691195508776,17.561723921062907,11.482415208552409,13.109551536310816,15.003498125164867,0,0,0,0,24,0
100%,2025-05-15,15.797078864471347,17.393358088609574,13.302292668031571,15.526274010447,16.737546982777644,0,0,0,0,24,0
100%,2025-05-16,15.12114006729567,18.23863003562353,12.217843490695396,14.798682397673826,352.830616290089,0,0,0,0,24,0
100%,2025-05-17,14.565770203181884,16.65648863823634,11.639553889478952,13.858859313792124,348.2115024703167,0,0,0,0,24,0
100%,2025-05-18,10.989157496846916,14.609083810114955,6.8079983539119775,10.751271792799,356.62169319857566,0,0,0,0,24,0
100%,2025-05-19,9.227305710522357,12.788197817615785,5.565607409852872,9.108779950264797,29.716077129821315,0,0,0,0,24,0
100%,2025-05-20,9.760972878607229,12.216057341002863,6.603605156254068,8.996674103995256,357.7008474636267,0,0,0,0,24,0
100%,2025-05-21,12.05827217398245,16.09438371517088,7.275424028677521,10.739993807102616,331.2258625112168,1,0,0,0,24,0
100%,2025-05-22,15.637812358674111,17.16228384791451,13.83885000794225,15.523351183420035,334.77824446716727,1,0,2,0,24,0
100%,2025-05-23,13.869601511405905,18.974528305155324,4.090012376393431,10.66441283632018,303.1833956964785,0,0,10,0,24,0
100%,2025-05-24,15.402393424035443,18.34415347148895,13.099334370322019,15.284495148416346,227.64566057671868,1,0,8,0,24,0
100%,2025-05-25,15.265687424686845,21.7457071479673,7.858876705570871,14.853203006968812,237.80283186350377,0,6,6,3,24,0
100%,2025-05-26,16.804058823487964,22.31446872808922,14.116838752841781,15.974188374714196,233.40675367106053,1,3,9,3,24,0
100%,2025-05-27,20.447455743566653,25.81647743974283,13.786821762731158,20.146268693616783,228.16718259544072,1,11,5,5,24,0
100%,2025-05-28,9.838529525544914,22.05968406511736,2.9116686381895085,8.38580432516633,270.58387947392123,0,1,0,0,24,0
100%,2025-05-29,16.81056161448895,21.297766273388252,7.422217291980396,16.444122872133097,216.40081932536313,1,0,3,0,24,0
100%,2025-05-30,13.988892685174337,17.896430671529036,6.529573596989444,13.74651012158759,228.06789899632219,1,0,2,0,24,0
100%,2025-05-31,7.3721401085448806,10.650696039655331,5.587847597397986,7.2364407245819695,209.79599267512054,1,0,2,0,24,0
100%,2025-06-01,13.186967015652826,15.306583761482752,10.996595435393933,12.649346120849907,237.40441895058248,0,0,0,0,24,0
100%,2025-06-02,9.956944673592636,14.80081566896871,2.9977585790614887,6.85718363516529,253.18441569175934,0,0,0,0,24,0
100%,2025-06-03,20.432215089516728,23.741621527878074,15.622651925086869,20.182853251617455,207.46461218707802,1,9,8,3,24,0
100%,2025-06-04,14.512964200731455,17.291785368992308,12.632752899523254,14.36215153436764,225.2359560533783,1,0,5,0,24,0
100%,2025-06-05,17.542694723162025,19.868688745293568,15.227146628902343,17.358854413002845,211.38583376145988,1,0,9,0,24,0
100%,2025-06-06,15.226783661583633,19.87002087400481,7.052410247723846,14.92687732999806,239.02365755837786,0,0,3,0,24,0
100%,2025-06-07,10.142020990806948,12.005316407890085,6.983468805901391,9.822093440637001,232.40769749863185,1,0,4,0,24,0
100%,2025-06-08,16.892920043169173,22.067736295429608,10.105143170896563,16.268679024561933,287.90974828674484,0,2,0,0,24,0
100%,2025-06-09,12.65727455772353,16.466747546302162,10.4010331178359,11.877144993335275,231.50669264882163,1,0,3,0,24,0
100%,2025-06-10,14.97839563810929,20.232748739921043,5.162396311875229,11.293563366344872,264.96204409129655,0,2,4,0,24,0
100%,2025-06-11,8.032803933065265,15.8643277635939,2.075559083224016,6.524034558236664,88.7923914162348,0,0,0,0,24,0
100%,2025-06-12,15.417873832922199,18.703015532219535,6.350733198568347,14.531192644770496,109.33406393865857,0,0,0,0,24,0
100%,2025-06-13,6.1023964479030814,13.675459250802113,1.7557120351588915,2.1477990992130165,67.3029514527957,0,0,0,0,24,0
100%,2025-06-14,13.04868831074448,18.20148208541394,7.483382306248334,11.44682792143346,200.36580689806232,0,0,5,0,24,0
100%,2025-06-15,9.895746604396402,13.507764486257994,6.0519087564198015,9.769897363232356,241.52354173794203,0,0,0,0,24,0
100%,2025-06-16,7.2026528294329815,9.779828096288405,3.962130515729325,4.910528387820212,258.90434511603405,0,0,0,0,24,0
100%,2025-06-17,10.74867231768795,12.06334774570634,9.537453154185272,10.701691718566817,216.19895283320116,1,0,5,0,24,0
100%,2025-06-18,5.131245196055445,8.898443740792082,1.2611236619750823,3.538679134509068,324.80533102088185,1,0,0,0,24,0
100%,2025-06-19,8.11212934495052,11.840565585722587,2.8169362890846688,8.00765864319594,84.33107100264778,0,0,0,0,24,0
100%,2025-06-20,10.032561792718257,11.517976372538552,7.337305796848091,9.694534311637666,102.9970427920494,0,0,0,0,24,0
100%,2025-06-21,9.455751028145476,13.519841276601873,5.765546271179469,9.33692396512462,127.06515931848003,0,0,0,0,24,0
100%,2025-06-22,16.81344320915904,21.89384791825098,10.038615935676981,15.3831540662225,211.65527769057715,1,2,4,0,24,0
100%,2025-06-23,16.50256238274716,21.2302008487054,10.981831025287294,15.806798340720128,259.45386364775925,0,6,0,0,24,0
100%,2025-06-24,17.83259325088735,21.06657630579727,12.69942719687384,17.519304435314364,236.80613758266185,0,2,0,0,24,0
100%,2025-06-25,9.384839949839602,17.222038944097047,4.535841770350256,6.304519899129248,230.95089290504959,1,0,0,0,24,0
100%,2025-06-26,12.826455651430846,20.6245348563891,6.011867382764508,9.358091547907536,226.03884146022614,1,0,2,0,24,0
100%,2025-06-27,13.030126909834635,19.99289205860627,3.3940745458633037,12.50069812775239,218.20916767984372,1,0,7,0,24,0
100%,2025-06-28,16.384036973085312,18.732893057388665,13.375099023307616,16.097587000065637,228.11810497820812,1,0,8,0,24,0
100%,2025-06-29,7.111788358580488,14.390784691463049,2.850853754591021,3.0903755029283246,324.40477104741524,1,0,0,0,24,0
100%,2025-06-30,9.384859455704415,12.301398792877519,7.441378572547582,9.207593045113326,106.00743731856187,0,0,0,0,24,0
100%,2025-07-01,6.801884529151578,12.75112512957795,2.312746239682762,3.22073822260778,158.84452226388237,0,0,0,0,24,0
100%,2025-07-02,10.163100244041607,17.9256595345569,4.0785141358776364,9.073460527383347,305.18619423134885,1,0,1,0,24,0
100%,2025-07-03,9.972424543657846,18.55036926155819,4.089868878641752,7.283126006801179,297.83420273337856,0,0,9,0,24,0
100%,2025-07-04,13.339999298779055,20.63550548306758,8.34932896293987,13.01829273159599,219.96258334109328,1,0,4,0,24,0
100%,2025-07-05,18.803896018592386,20.055815433635736,17.431764192080436,18.575409917135516,232.2558067384802,1,2,10,1,24,0
100%,2025-07-06,8.487845839912232,18.220128333662995,2.693202265489529,7.104586794470612,264.0335245652103,0,0,0,0,24,0
100%,2025-07-07,16.96728949561689,21.19146092662444,9.673145315267867,16.41883445043378,337.4116847950739,0,6,0,0,24,0
100%,2025-07-08,14.514037404768649,18.22910716137129,7.56727401397199,14.18387645643794,322.71856503467893,1,0,8,0,24,0
100%,2025-07-09,5.013585723162424,9.035460078742004,2.393579652983921,3.937183259175089,261.90460976715843,0,0,0,0,24,0
100%,2025-07-10,3.6592006512241713,5.789080215810099,0.7644431073343356,2.657958664012422,51.619499088158875,0,0,0,0,24,0
100%,2025-07-11,3.02539337023151,7.4912525761139905,0.16347565969545752,2.6303683535274427,18.655696643568717,0,0,0,0,24,0
100%,2025-07-12,10.187200014318451,12.24710608351205,8.041811862004787,9.817962895882356,5.939521933623098,0,0,0,0,24,0
100%,2025-07-13,6.865799625292111,9.60746763544123,3.759326329427781,6.353966130681484,22.609933332723813,0,0,0,0,24,0
100%,2025-07-14,11.17788321108308,19.724604517752216,2.7290838805265807,8.924294146284268,210.64256762340733,1,0,5,0,24,0
100%,2025-07-15,15.679969959718472,18.995269764523158,12.492727010249324,15.157068923769383,230.21873111910247,1,0,5,0,24,0
100%,2025-07-16,13.004504523811377,16.325034978959614,5.918814344405095,10.89919669646243,297.9867839185791,0,0,2,0,24,0
100%,2025-07-17,4.587201711268932,7.517774180054074,1.5214003913215521,1.087817071224965,226.91050235052583,1,0,0,0,24,0
100%,2025-07-18,8.363180718250817,12.046921350711875,5.933918842816542,7.874435124454936,144.83491790330368,0,0,0,0,24,0
100%,2025-07-19,12.037368915317574,14.479875900699172,9.935986475959153,8.922855672644127,123.73427879001292,0,0,1,0,24,0
100%,2025-07-20,10.350605707171141,12.707035973916328,8.68035586599359,9.865776717918571,182.25653336467488,0,0,1,0,24,0
100%,2025-07-21,10.68263981006934,13.767818602230438,7.191369001452875,9.443633870045447,191.1225467125908,0,0,0,0,24,0
100%,2025-07-22,10.63739766086853,13.277065513934254,7.830954379636473,10.557233148376948,265.59161032465727,0,0,0,0,24,0
100%,2025-07-23,8.460202948673338,10.215412534101516,7.271372174428455,8.262735137233568,310.97719854154764,1,0,4,0,24,0
100%,2025-07-24,9.795778403239025,14.415502895475823,2.4389114618203416,8.828402228882888,337.8013928265755,0,0,1,0,24,0
100%,2025-07-25,7.514941906561329,12.009670127313157,1.7820137546983994,3.2734223062735754,319.14437831941,1,0,0,0,24,0
100%,2025-07-26,8.025801741292474,9.78336166854763,6.501706309445936,5.224627568896339,277.2702247189162,0,0,0,0,24,0
100%,2025-07-27,9.996120180652104,14.248203496834456,6.300547611593106,9.795759403654866,333.4989526990405,1,0,0,0,24,0
100%,2025-07-28,11.296447365922589,15.220032719386191,4.047835290111951,11.217056025297373,310.0433365067016,1,0,3,0,24,0
100%,2025-07-29,6.5326419419724076,8.046129006393926,5.3140725889367,6.417241641075533,319.7279023426089,1,0,2,0,24,0
100%,2025-07-30,11.24482709270592,13.54734934590177,7.7129073796811705,9.897853394079734,297.82502175752876,0,0,4,0,24,0
100%,2025-07-31,11.230884151720625,12.926881409955026,9.786812140038315,10.966844435712842,299.0502852522569,0,0,3,0,24,0
100%,2025-08-01,17.807191797732866,20.577743371078366,12.350056523448302,17.679020688661733,322.6105289337586,1,1,9,1,24,0
100%,2025-08-02,17.095261070610693,21.96416929127748,8.021267298026325,16.1303250415462,327.84412377897684,1,3,4,0,24,0
100%,2025-08-03,14.13407359584617,16.28067561721677,9.634793348938926,13.595394149568055,260.87937245567525,0,0,0,0,24,0
100%,2025-08-04,16.227235041920054,25.393307428530733,6.770510460102061,13.615243683597813,242.46307948192475,0,6,5,5,24,0
100%,2025-08-05,19.349756225274874,21.578673020251568,17.121495295971155,19.192449622461595,284.70078283004,0,8,0,0,24,0
100%,2025-08-06,11.859342409779908,18.323048814812143,8.265016990296036,9.014743099290948,254.5893911118518,0,0,0,0,24,0
100%,2025-08-07,15.624868505511964,17.92875779935471,13.343876885803827,15.155378431955581,216.91025472185007,1,0,10,0,24,0
100%,2025-08-08,7.943436193715443,14.604780775524198,2.9863273212748105,6.312073877670233,245.44213658004946,0,0,0,0,24,0
100%,2025-08-09,9.228057979447831,11.047282294423425,7.581047964787302,8.742886815673705,228.55685779075728,1,0,0,0,24,0
100%,2025-08-10,6.196570794910041,9.92984477711085,0.380699556183114,1.6892675960934032,11.822403369600124,0,0,1,0,24,0
100%,2025-08-11,7.513948031325614,13.16676463029251,3.268780369185275,5.974243869626307,111.91155567564135,0,0,0,0,24,0
100%,2025-08-12,10.251194670243166,13.925908139276833,8.073010098804382,9.489555780067501,88.07426200202445,0,0,0,0,24,0
100%,2025-08-13,5.789774592607536,9.200869803823293,2.5960328492596414,3.1588374386790163,174.59780398839587,0,0,0,0,24,0
100%,2025-08-14,7.799708374959732,9.7741810676414,5.152364543227648,7.288126437533524,215.4878824619334,1,0,0,0,24,0
100%,2025-08-15,9.758935199598264,14.830183302872207,6.541252129225322,7.42975576774901,337.173890411951,0,0,0,0,24,0
100%,2025-08-16,13.163013216547197,14.660754992955134,11.134742097277938,13.115227667862085,18.567218086642583,0,0,0,0,24,0
100%,2025-08-17,11.170777233736024,13.602879431966409,8.415899103457358,10.991636281203899,18.14472034228328,0,0,0,0,24,0
100%,2025-08-18,10.193019978845557,13.921717039361587,6.4549980909223486,10.038425742625092,51.982559135452334,0,0,0,0,24,0
100%,2025-08-19,15.353019711781023,17.254256779897055,13.002576829617364,14.90905313122386,39.96190345555249,0,0,0,0,24,0
100%,2025-08-20,15.45735367459463,17.457877390919638,12.443554551775058,15.23007909229008,26.66554541989524,0,0,0,0,24,0
100%,2025-08-21,15.916462722260546,18.121794441110676,14.340865901734354,15.606619069709621,12.915062488577462,0,0,0,0,24,0
100%,2025-08-22,10.39897650290437,13.63360673725105,6.840908583642146,9.907579512977655,317.66664255585323,1,0,5,0,24,0
100%,2025-08-23,9.631397565731662,13.943500135532775,0.7888638321123165,9.387337475848911,359.19002314401376,0,0,0,0,24,0
100%,2025-08-24,4.709924753455547,7.978806057963152,0.36685939220735175,4.467220498800747,219.08696659931493,1,0,0,0,24,0
100%,2025-08-25,8.969622149320157,14.492724788275906,5.53796206884298,7.700641261321895,172.8524857768756,0,0,0,0,24,0
100%,2025-08-26,14.949690085270468,16.28835917508885,13.396275081765424,12.695321247825705,185.83591218994127,0,0,3,0,24,0
100%,2025-08-27,13.163372074374953,15.046100034758485,10.582292807968155,12.53099244555871,214.12677552759115,1,0,2,0,24,0
100%,2025-08-28,12.16290229749111,18.994558326779927,8.181746530102947,12.033110247642387,218.98867507384924,1,0,4,0,24,0
100%,2025-08-29,16.43229114647555,18.6289245278021,11.999573864093673,15.32646741682241,202.40731929103242,0,0,2,0,24,0
100%,2025-08-30,16.32727612906225,20.999803153609896,12.298667529574063,14.496062373122587,214.42523228101666,1,0,0,0,24,0
100%,2025-08-31,14.81069251395502,21.44529608215621,12.415240735186122,14.37967382089427,207.7365295171745,1,0,1,0,24,0
100%,2025-09-01,17.404992626102835,21.64517572842034,13.566924892604787,17.32375330261947,205.63046832539666,1,0,3,0,24,0
100%,2025-09-02,17.28351829459453,20.85965476744945,15.436756805591958,16.26964237176617,200.4151685714257,0,0,7,0,24,0
100%,2025-09-03,24.646988796242166,30.209279952365886,19.720961036477288,23.993666017418455,200.79536460992657,0,12,3,2,24,0
100%,2025-09-04,19.808281429594658,22.107307921168484,16.21662012678644,18.554592784989733,220.4837141710346,1,1,5,0,24,0
100%,2025-09-05,10.278548940123938,15.43985665425326,5.658533995625047,9.30526147190679,261.95146648737983,0,0,0,0,24,0
100%,2025-09-06,13.013826724687924,18.510265369587096,9.032247275664313,11.579580042061165,139.50211468348755,0,0,0,0,24,0
100%,2025-09-07,17.23155641117726,20.190579338303923,10.043149786667396,15.737417401469736,138.9828965666078,0,0,0,0,24,0
100%,2025-09-08,9.81534875101497,13.241005969066496,4.8535490039993325,9.541393743789246,243.2438529095715,0,0,0,0,24,0
100%,2025-09-09,5.429442919889627,10.840769870020257,1.3740394721714786,4.793473915292399,135.7638928905078,0,0,0,0,24,0
100%,2025-09-10,15.872709092401445,20.19014719513849,11.021594530320286,15.248005016290845,166.03342374628153,0,0,0,0,24,0
100%,2025-09-11,20.614455579014308,23.294476335131407,17.94573586421419,20.107638019859248,236.93129759071292,0,9,5,4,24,0
100%,2025-09-12,21.881629271754665,23.459252837613192,19.70533924761593,21.60764455708187,230.5805870547483,1,14,11,4,24,0
100%,2025-09-13,19.08926424947059,21.17047306692663,15.455828303242983,18.554521882885602,221.39610626776422,1,4,7,0,24,0
100%,2025-09-14,17.18493305105567,26.4289236159028,11.612004502005671,13.94411839801198,213.6022246532553,1,2,0,0,24,0
100%,2025-09-15,29.919622624003242,32.028977653077696,25.621286454417966,29.71262707073904,238.61847412747127,0,1,3,0,24,0
100%,2025-09-16,24.53714550275036,30.15140275280033,17.976937262448285,24.27941983401021,267.96894825227,0,5,0,0,24,0
100%,2025-09-17,19.71770102665807,25.021696738280742,13.371411987285702,18.556614325055417,232.23603026111084,1,12,7,7,24,1
100%,2025-09-18,20.357212102533914,21.795642898966513,18.070834530753448,20.273362892153653,228.18705200514506,1,3,16,2,24,0
100%,2025-09-19,14.421962269086118,17.111129974642896,11.409338287631302,13.114300846645062,201.36356984098552,0,0,7,0,24,0
100%,2025-09-20,17.27426682173358,28.46542280354485,11.022611616725214,17.002726061031805,208.13792022822534,1,3,7,1,24,0
100%,2025-09-21,21.516073635563487,29.151707438281782,17.05093772166581,14.920370018934975,311.32207566870574,1,1,6,0,24,0
100%,2025-09-22,16.97831651930129,18.375250890810936,12.885260485636898,16.93089478697484,9.767690150448459,0,0,0,0,24,0
100%,2025-09-23,14.598549194050072,17.422943088440746,12.57870454267727,14.0710373962247,30.555522868985122,0,0,0,0,24,0
100%,2025-09-24,17.50634691057098,20.12878976331609,14.109277470319745,17.423507878222093,67.73686204149442,0,0,0,0,24,0
100%,2025-09-25,19.45133204843828,21.42416759979032,16.464564300714336,19.358672211152893,69.80678938750646,0,10,0,0,24,0
100%,2025-09-26,12.25841498781289,17.435343136445184,7.254840558463964,11.738789829496236,102.7685283569441,0,0,0,0,24,0
100%,2025-09-27,7.49003725143051,11.66941575476674,3.7031236248578248,7.376964417569657,141.91446301082078,0,0,0,0,24,0
100%,2025-09-28,7.564838527640032,12.16745444270486,1.422387732059589,7.03717033089262,177.88595725220296,0,0,0,0,24,0
100%,2025-09-29,8.67182099738921,11.807097057196332,4.395664671816358,8.575806575076772,337.65637940500164,0,0,0,0,24,0
100%,2025-09-30,5.957125405271262,8.753992648064042,4.200040423069053,5.1722660665850055,17.834740960846887,0,0,0,0,24,0
100%,2025-10-01,8.135440918088264,11.78879824858357,4.5940749145675355,8.022243358412167,162.50861649451906,0,0,0,0,24,0
100%,2025-10-02,14.413063157075955,20.534432466344413,9.978312870317852,14.376099994662763,176.55101904132334,0,0,0,0,24,0
100%,2025-10-03,24.72643454062621,31.902185564394575,20.484686401032693,24.62645797662078,183.20216444781389,0,6,0,0,24,0
100%,2025-10-04,29.687815533442734,34.74585325296515,25.880005826299463,28.49682700892147,256.9926824755676,0,4,0,0,24,0
100%,2025-10-05,25.428408626339706,30.655501795976775,17.886810293440668,24.89086301309621,291.46938565782824,0,8,0,0,24,0
100%,2025-10-06,13.900025071964569,19.63783068246193,8.259779660277585,13.576794360757813,276.0024903700029,0,0,0,0,24,0
100%,2025-10-07,12.210892577686247,14.631960235365826,8.905308738798825,12.180631968423489,245.179154924474,0,0,0,0,24,0
100%,2025-10-08,10.08659668489317,11.772515382566782,8.143212661540439,9.111899088334866,297.96501222847246,0,0,2,0,24,0
100%,2025-10-09,10.789879808429104,12.709298028461243,8.69698130532138,10.587391425870829,288.0027955535859,0,0,0,0,24,0
100%,2025-10-10,8.698718141364647,10.67128473232238,5.600672327212872,8.569991314437962,289.1372109554806,0,0,0,0,24,0
100%,2025-10-11,6.428842681173343,8.058496746757909,4.620434604025,6.256135606719128,299.0683803661552,0,0,0,0,24,0
100%,2025-10-12,8.242213344476744,11.824036140252627,4.61066675022131,8.018956357244969,356.1034023458177,0,0,2,0,24,0
100%,2025-10-13,10.126124854644326,11.369336238893819,9.046326819407545,9.982755889126746,28.68682505513243,0,0,0,0,24,0
100%,2025-10-14,11.914427130522995,13.531067707080606,8.160970655288828,11.85148647131067,3.084284753105919,0,0,0,0,24,0
100%,2025-10-15,11.902611529601282,12.893835842935923,10.355823664702172,11.808222532616819,13.831422553598259,0,0,0,0,24,0
100%,2025-10-16,12.518173074172196,14.545213275202972,10.483460946076326,12.461642427784659,9.088423019447703,0,0,0,0,24,0
100%,2025-10-17,9.544139679122631,11.217252568099891,6.093094543790235,8.825379750998055,343.52817262173414,0,0,3,0,24,0
100%,2025-10-18,11.611215875421669,15.30567011957003,5.667329860885861,11.233948408568597,131.6821678658929,0,0,0,0,24,0
100%,2025-10-19,18.20493394657444,22.190052224489705,14.95384151687722,18.072407155739228,154.4785594231837,0,0,0,0,24,0
100%,2025-10-20,19.31283839025714,21.22244679363465,14.854697002850761,19.048747021814783,183.46179160315637,0,0,0,0,24,0
100%,2025-10-21,18.27560764786966,20.384937882773478,11.520108504124545,17.589917637037697,242.24944561596016,0,0,6,0,24,0
100%,2025-10-22,13.002191752297298,18.16925044637533,7.116058279531583,8.023903392556985,237.60279330740218,0,0,0,0,24,0
100%,2025-10-23,21.675517660171142,31.779844299469456,1.9091626517702802,9.067104858490886,285.79951784548564,0,2,0,0,24,0
100%,2025-10-24,27.174685900207223,30.77021901918834,23.50804683678007,26.612075588014953,258.37286191543274,0,13,0,0,24,0
100%,2025-10-25,24.423436067383772,27.747633691476366,21.78921981936044,23.038635333075405,292.4652368732085,0,21,2,1,24,0
100%,2025-10-26,27.143842181048417,29.77448427606093,25.027767762550063,26.189300335414803,281.4210724222646,0,12,0,0,24,0
100%,2025-10-27,24.753481961418803,30.753833340096673,16.957016676504097,23.847344279162296,292.6395952278089,0,5,5,5,24,0
100%,2025-10-28,22.938176065752845,26.805810718310312,18.126972880594213,22.654885570052375,257.6314294235867,0,8,0,0,24,0
100%,2025-10-29,17.429366831954123,20.947043467724296,10.914084384490824,15.956737375575113,230.91870968272875,1,0,7,0,24,0
100%,2025-10-30,16.78816632836557,20.40182162600968,10.973929604456071,12.37681950229266,245.7214241266255,0,0,0,0,24,0
100%,2025-10-31,21.234641257161638,23.31626290250415,18.276836706235066,21.188914417104975,179.91049789812269,0,0,0,0,24,0
100%,2025-11-01,21.64305889802544,25.350938657264336,19.089919615598134,20.824156748206274,207.30149234812575,1,11,10,1,24,0
100%,2025-11-02,16.579052866705066,19.23478361453744,14.294535682939554,15.439688638194296,242.50651484794753,0,0,3,0,24,0
100%,2025-11-03,22.520185911146296,25.22141375929232,15.79941668875258,22.261900684029076,218.2590025302099,1,17,15,12,24,1
100%,2025-11-04,21.644899148166036,24.340078529322472,19.571175924062135,21.139223199566747,198.8784728578348,0,10,8,8,24,1
100%,2025-11-05,17.919978386503818,20.95881394217583,15.88753992048447,17.52541479819907,180.31223337579866,0,0,0,0,24,0
100%,2025-11-06,10.033125765538632,15.714115010759558,4.799195178444291,9.248134263767067,175.18949652351876,0,0,0,0,24,0
100%,2025-11-07,10.489849857338148,13.14627124582898,8.060194260391253,9.810956138876856,178.12283409201518,0,0,0,0,24,0
100%,2025-11-08,9.076949216514212,11.034853860354827,7.474645454098835,6.543906766045262,212.56665318353902,1,0,0,0,24,0
100%,2025-11-09,11.655483291002254,16.35767633623149,8.023075524070478,9.418350572670512,231.99904750329662,1,0,0,0,24,0
100%,2025-11-10,20.358775393327797,22.638167381051886,16.952736125357788,19.639022026488448,186.19703513190137,0,1,0,0,24,0
100%,2025-11-11,19.798920665044573,22.8829455234543,15.003849806281107,18.13898274787952,201.81590880575615,0,0,1,0,24,0
100%,2025-11-12,20.224567331327613,23.94705980069796,18.089108214776026,20.182065185674027,195.06344668613815,0,6,0,0,24,0
100%,2025-11-13,14.325417132926354,21.80096935935259,5.181597894352993,13.191985638989257,216.63181969052096,1,1,8,1,24,0
100%,2025-11-14,19.76513631137753,25.392882564553773,8.507845170633065,19.723280477666137,76.18757420467517,0,9,0,0,24,0
100%,2025-11-15,17.380381916105716,23.685817903493394,12.622914673616382,17.188716665099236,78.05715241752995,0,3,0,0,24,0
100%,2025-11-16,15.442339134871688,18.366072438164622,13.199128781921733,14.080660584707509,22.47189585747384,0,0,2,0,24,0
100%,2025-11-17,21.15386781701233,28.509780171951594,12.550458172432178,20.520508856496434,351.58385466649736,0,13,1,0,24,0
100%,2025-11-18,17.40525747914243,19.38364817400183,15.080540078781894,16.580528405764092,270.6537497193721,0,0,0,0,24,0
100%,2025-11-19,18.801601704393583,25.231000683009977,8.246821735527938,14.553609045257723,355.4689592286778,0,8,0,0,24,0
100%,2025-11-20,13.310645288469487,15.21174534168021,11.255448279058617,12.109397986571597,334.5484819875775,1,0,0,0,24,0
100%,2025-11-21,10.765232497977982,16.069483457454645,2.701824810466132,4.410067933108336,357.0234914307154,0,0,0,0,24,0
100%,2025-11-22,22.9708768994534,26.375410692249343,15.32521115742359,21.98071987378747,209.76780765841553,1,17,1,1,24,0
100%,2025-11-23,23.76992791925561,26.004839907580426,20.560335034223613,20.53792605490865,210.19662390544238,1,14,0,0,24,0
100%,2025-11-24,11.109023300291028,19.910730714426272,2.866070474912445,8.095973472437398,263.31294878942543,0,0,0,0,24,0
100%,2025-11-25,20.576910044422338,24.963447444912934,12.459195768333144,20.537251993441394,7.627849632599634,0,3,0,0,24,0
100%,2025-11-26,11.594303080147535,20.903683022693937,3.2229231365237045,3.3354990334438996,307.21233289428153,1,0,0,0,24,0
100%,2025-11-27,22.416965526036037,24.734842538238336,19.75953000508265,22.321141806578883,219.2198245259111,1,11,14,8,24,1
100%,2025-11-28,19.457125631033524,22.319300553630868,16.763272365614633,19.2710323742656,225.1926659070783,1,2,15,2,24,0
100%,2025-11-29,20.290978022091846,25.38264579986072,14.161759420022516,18.70871324356438,204.66766135828118,0,4,0,0,24,0
100%,2025-11-30,19.223112650108714,21.83071283810057,15.180503508578916,18.58579979019711,266.73569345856924,0,3,0,0,24,0
100%,2025-12-01,26.888823580732133,30.392447680097384,17.746133646266745,26.621262534899817,193.06320944992495,0,4,0,0,24,0
100%,2025-12-02,18.66476990369135,28.61733715701618,14.618678581532574,18.50875729896901,197.6802937563746,0,2,0,0,24,0
100%,2025-12-03,13.87010260805137,15.595256700826955,12.304254204639834,13.665872636954425,198.88959162079493,0,0,1,0,24,0
100%,2025-12-04,19.449798455019167,23.799881546027393,15.490390053642155,17.693751416565142,168.91889695775922,0,0,0,0,24,0
100%,2025-12-05,16.082672388946836,29.71238137348565,9.224285175572422,14.785567462220971,183.34725926247287,0,3,0,0,24,0
100%,2025-12-06,22.815042685853523,30.04275273560876,20.452874331553474,20.80782762401916,207.4014602506673,1,9,5,3,24,0
100%,2025-12-07,19.12546769575904,27.9128372424362,13.182199288504757,16.692405443801746,219.0361179665317,1,5,3,0,24,0
100%,2025-12-08,19.708466333232945,22.706222669302317,16.202894687441088,19.523550510595395,225.7266645579894,1,3,21,2,24,0
100%,2025-12-09,22.11226155023419,25.453527349294568,16.612731353689057,21.888360430473742,199.72866960285478,0,10,3,3,24,0
100%,2025-12-10,20.358146249803138,23.016394683610457,18.14579265734271,20.154211137039205,229.86678901443423,1,7,15,7,24,0
100%,2025-12-11,17.562442958299133,19.242806214369843,13.672283898631706,16.703307499670654,212.32777333593663,1,0,3,0,24,0
100%,2025-12-12,14.618420862546097,16.75361984180421,12.944599951717423,13.226460978151698,188.5551937801597,0,0,0,0,24,0
100%,2025-12-13,12.520407037944365,17.62801784304798,9.353494563881377,11.212169270975112,244.8882917533329,0,0,8,0,24,0
100%,2025-12-14,21.31663353928267,23.354004801441626,17.9385556649788,21.21819844096776,208.6454395876535,1,8,9,3,24,0
100%,2025-12-15,20.719602434697247,23.267326096448187,14.597002042940323,20.675941724894173,194.81201054438284,0,10,0,0,24,0
100%,2025-12-16,11.260404467795647,14.756783454594057,3.8628939756842984,10.193656027201966,190.3024946031561,0,0,0,0,24,0
100%,2025-12-17,12.771836014267587,24.56730340394271,4.377621270596783,10.385162302466489,216.52946982040453,1,2,0,0,24,0
100%,2025-12-18,24.95002918754759,29.77432138310068,20.219687293673356,24.55510617527397,193.30579259685848,0,14,1,1,24,0
100%,2025-12-19,16.788664683378144,23.77631868605093,12.950653929098033,16.58500897376333,232.799423851924,1,2,8,2,24,0
100%,2025-12-20,12.38492741288227,17.32909132036122,9.68118592032636,8.84981117912943,151.6577602825305,0,0,1,0,24,0
100%,2025-12-21,13.735514786754466,17.12536314180822,11.429263534924603,12.978055181676934,110.17028034420014,0,0,0,0,24,0
100%,2025-12-22,16.090335545653755,18.368572122165933,13.736110299954278,15.930908386008038,108.68334259119104,0,0,0,0,24,0
100%,2025-12-23,20.17167288007435,22.833762107027447,17.167936889952074,20.093821468540032,86.47012265942993,0,13,0,0,24,0
100%,2025-12-24,24.46281676518053,26.813547599165737,22.697267237014003,24.14177946526916,70.29628194361504,0,24,0,0,24,0
100%,2025-12-25,24.02565412050166,26.462079962970314,19.594105768580935,23.81608342426222,74.05274492895785,0,22,0,0,24,0
100%,2025-12-26,18.023860367637607,19.647153073131715,15.893181645177386,18.004486515559652,82.54812718826872,0,0,0,0,24,0
100%,2025-12-27,16.69743673018191,18.489794024772785,14.84054625477354,16.210113196832175,48.55650591614949,0,0,0,0,24,0
100%,2025-12-28,11.057256314305064,14.975903547015545,7.34664931613408,10.880587196132028,47.09166607932383,0,0,0,0,24,0
100%,2025-12-29,14.041974460535412,19.37305785566688,10.490850433160007,13.826289770870966,13.496409693912824,0,0,0,0,24,0
100%,2025-12-30,16.72525326544293,18.82929964092164,14.340802809947164,16.465908614381163,14.011475409811112,0,0,0,0,24,0
100%,2025-12-31,17.376157144324,22.228116699793553,13.963829338002153,15.921728789425739,301.2147780663314,0,2,5,0,24,0
100%,2026-01-01,26.49219740599898,28.978984006393656,23.00427194149013,25.733243633532833,281.1254823180019,0,19,0,0,24,0
100%,2026-01-02,25.894667252468526,29.73686269670926,20.85240450283463,25.607057284016328,305.51624511034106,1,7,10,7,24,1
100%,2026-01-03,23.691403249380542,26.571270150505725,19.516531671465685,22.752430866398218,309.2159853873191,1,11,9,5,24,0
100%,2026-01-04,22.39377843968664,25.825396474540298,17.514390442585412,22.207260924869384,297.15749595100414,0,14,0,0,24,0
100%,2026-01-05,16.426350186481258,19.815450950013748,13.803197154522728,13.910115152302163,308.6076123576363,1,0,0,0,24,0
100%,2026-01-06,15.626791254970229,23.796921525932873,12.51793222074023,12.299728407876032,263.1821875787972,0,3,0,0,24,0
100%,2026-01-07,21.550109987306673,27.421807693689647,18.95095344368167,18.77633345856586,245.59640048598726,0,1,0,0,24,0
100%,2026-01-08,14.94564907057284,26.617749422469068,7.292583199149902,5.110232248849098,206.41845530629217,1,3,0,0,24,0
100%,2026-01-09,19.282956283031886,26.371868652506535,15.534847374740771,16.64236426801782,57.12961646236636,0,5,0,0,24,0
100%,2026-01-10,16.497432673429977,20.14715369321516,10.99973730642249,15.456578175991101,55.18741695614261,0,6,0,0,24,0
100%,2026-01-11,19.814610554538884,28.55685875114417,9.869764789854583,19.45320854348016,167.4582601550709,0,5,0,0,24,0
100%,2026-01-12,21.168873700468044,28.52591646804666,17.561954458689765,20.672831644725893,204.84811775727826,0,7,6,0,24,0
100%,2026-01-13,16.153567998824442,19.611616968009375,11.055394440400411,14.81935966923439,214.22551848205643,1,0,7,0,24,0
100%,2026-01-14,10.818052885129132,16.807891970833005,6.013879780532767,5.082992983699169,238.68642843063253,0,0,1,0,24,0
100%,2026-01-15,19.927071253018877,24.65370806782438,16.402883463449506,19.210018287727145,189.39750197892957,0,5,1,0,24,0
100%,2026-01-16,14.884038124473415,23.958571328480566,10.854238325140868,13.237600040504994,196.65151871600125,0,1,0,0,24,0
100%,2026-01-17,8.761081264206771,12.75485026019949,4.937384542074773,8.198875135081613,129.11033370766006,0,0,0,0,24,0
100%,2026-01-18,10.963460650126216,13.90762859060423,8.534233784223746,10.303202466082166,109.29769238146832,0,0,0,0,24,0
100%,2026-01-19,12.181978620112956,14.559125051859738,9.785180337441876,11.929117353305731,161.64807300954203,0,0,0,0,24,0
100%,2026-01-20,15.428108331459583,18.946365857104617,12.82506033804355,15.311346746165727,157.09032809114615,0,0,0,0,24,0
100%,2026-01-21,20.472170129447434,22.379380276043484,17.57052943725506,20.109431859338528,147.7889819545764,0,0,0,0,24,0
100%,2026-01-22,18.40081984509087,19.803224687401336,15.516902335809378,18.293542306508257,120.72755562081448,0,0,0,0,24,0
100%,2026-01-23,16.91567627867612,19.16491284505473,14.120156052404914,16.845513530417264,129.25464844421367,0,0,0,0,24,0
100%,2026-01-24,15.485367336358996,19.056761636699974,12.26328832306793,15.302320396675396,134.1736609592719,0,0,0,0,24,0
100%,2026-01-25,15.268820213166082,19.091239998221653,7.11935385983254,14.824034025892068,109.60090981195782,0,0,0,0,24,0
100%,2026-01-26,7.82604523517999,14.974359930649136,3.8684638472089907,6.705562833114144,85.5156564217906,0,0,0,0,24,0
100%,2026-01-27,20.062720796581903,24.834185824359157,10.342982861042477,19.600925676323538,122.87649831801411,0,8,0,0,24,0
100%,2026-01-28,8.332014968426176,12.693588098121884,3.2528045164635753,6.479076351565954,121.31204558391266,0,0,0,0,24,0
100%,2026-01-29,10.542363882168742,12.910299948816993,7.410295866726513,9.999605385430806,105.03309872425592,0,0,0,0,24,0
100%,2026-01-30,18.899537063701835,20.645702319859378,13.242302354550892,18.833026036046984,128.381464471326,0,0,0,0,24,0
100%,2026-01-31,11.373835446925936,18.804915803740442,7.716889792492897,10.954616065193807,158.2535731993579,0,0,0,0,24,0
100%,2026-02-01,12.443733188615239,14.370444704102471,10.596665556487695,11.991664466015573,157.64976354506575,0,0,0,0,24,0
100%,2026-02-02,17.757618032196984,21.922774787371672,12.738160003150082,17.71690224184672,100.5208608277631,0,5,0,0,24,0
100%,2026-02-03,20.763782673081966,24.27503182412886,11.437429758763733,20.318242812160932,102.36673714448887,0,13,0,0,24,0
100%,2026-02-04,14.692549912124731,23.00799128544001,10.66943519533332,12.1777106136993,124.88168739707254,0,2,0,0,24,0
100%,2026-02-05,21.780222980024096,24.407029186394688,17.53051974817119,21.77364961080332,98.58338610995042,0,13,0,0,24,0
100%,2026-02-06,15.877400881883597,18.3658735521081,12.475019593734839,13.245783540659241,120.52461315656814,0,0,0,0,24,0
100%,2026-02-07,15.530993035981433,16.981711186613964,13.341805283230748,14.816895893322195,178.71694900021942,0,0,0,0,24,0
100%,2026-02-08,12.350357140098614,15.348963855360276,10.352986038671794,12.023179053964183,155.45275313099432,0,0,0,0,24,0
100%,2026-02-09,14.051309086019968,15.660411744430714,12.729550576494319,13.961746609152222,142.45609872024727,0,0,0,0,24,0
100%,2026-02-10,12.75403719120073,16.039336564510815,8.558696078130007,12.3728516572476,139.37145500866706,0,0,0,0,24,0
100%,2026-02-11,9.234249496114034,15.712811169377249,3.1646530319962496,6.802642685375297,192.73377749852446,0,0,9,0,24,0
100%,2026-02-12,10.258354583001383,14.647150815909592,1.0361484896990654,8.53078944890727,305.4938925974681,1,0,0,0,24,0
100%,2026-02-13,14.473297634530162,20.256653508368025,7.377049837943708,13.870782454940672,61.51347263335231,0,0,0,0,24,0
100%,2026-02-14,12.525790474799642,19.730114855351893,1.1067752696873747,10.124997749175527,28.949283844829438,0,0,0,0,24,0
100%,2026-02-15,20.268464273706027,25.579613665772108,12.166314224224838,19.651952846199663,178.33399066198285,0,9,0,0,24,0
100%,2026-02-16,16.987219793113358,19.010071956913926,13.18161018884363,16.44232740914058,279.70103962416994,0,0,0,0,24,0
100%,2026-02-17,21.208054499135486,26.65281745144545,9.499808894310007,20.4459243856736,316.4486429872927,1,11,9,7,24,1
100%,2026-02-18,19.47459555053295,28.230054287357575,7.434153681221398,18.760630639695,103.3684839720413,0,6,0,0,24,0
100%,2026-02-19,20.81628156061174,28.79465684081123,6.592035811500828,20.40249941609516,106.43997030430046,0,8,0,0,24,0
100%,2026-02-20,16.751336771892397,24.590337460855185,5.922024442056042,15.76186214111656,230.26885287137867,1,8,6,3,24,0
100%,2026-02-21,17.89310746282822,22.286837199547477,15.5166527881729,17.37596708732709,248.56830283098924,0,4,3,0,24,0
100%,2026-02-22,20.246704772429897,23.040226735048545,16.626556260632526,20.12175715592817,243.04661756652706,0,10,0,0,24,0
100%,2026-02-23,19.652010611442485,22.83625472317124,11.604350293880632,19.552867249444162,250.38777561376241,0,8,0,0,24,0
100%,2026-02-24,10.722589203976923,15.895209412512306,5.409887880388999,9.813878690715432,203.7677039853133,0,0,0,0,24,0
100%,2026-02-25,13.985837595067451,15.741533880249392,12.625759987042214,13.744644366454146,185.22720647287179,0,0,0,0,24,0
100%,2026-02-26,18.93448829433621,23.86251255303045,14.34908326396604,18.814805059563295,217.6607962977842,1,7,18,7,24,1
100%,2026-02-27,18.66069294312523,22.891897546526444,15.35420536284346,18.57738676909906,205.73070851118732,1,5,4,4,24,0
100%,2026-02-28,16.281388163840152,21.130185866035607,10.522348946079404,13.717123765572385,230.5852833588662,1,3,1,0,24,0
100%,2026-03-01,18.79737490443359,21.82527360113446,12.37716121942135,18.557209482360257,201.7096940270367,0,5,1,1,24,0
100%,2026-03-02,16.39834981376031,19.53230561469497,12.03514208829579,16.286705462573714,182.8240301704901,0,0,0,0,24,0
100%,2026-03-03,10.162657146009327,13.676302614588675,5.901779607725344,6.202972715851332,28.40822430192577,0,0,1,0,24,0
100%,2026-03-04,8.663619734132427,12.156621787130694,5.879479649000028,8.213652492308027,106.81020378316947,0,0,0,0,24,0
100%,2026-03-05,11.791193075421189,13.00732472906742,10.45453662664569,11.726688457502284,145.27522616454917,0,0,0,0,24,0
100%,2026-03-06,7.827523201755457,10.704679579140853,4.561631724747396,2.604399185979193,249.99581649973135,0,0,0,0,24,0
100%,2026-03-07,9.376209364579013,11.339608791640345,7.4089866794785335,8.35057288298448,29.741067231619297,0,0,0,0,24,0
100%,2026-03-08,5.662851907978525,9.351050578794025,3.2085361739790206,5.13167442587236,90.75830446363693,0,0,0,0,24,0
100%,2026-03-09,4.119312728290835,5.618562891969801,2.8641779729041184,3.867591533401574,199.2482259382065,0,0,0,0,24,0
100%,2026-03-10,11.652123398380654,20.585031790409815,3.7011182199200015,11.343982187949868,212.273451151458,1,0,3,0,24,0
100%,2026-03-11,16.678234691829065,24.123592909388314,10.840370380550949,14.463371632336791,230.08197379960643,1,5,0,0,24,0
100%,2026-03-12,25.374215735997737,30.83979981759373,13.634805028055132,25.056048356034733,209.08611601409103,1,7,7,4,24,0
100%,2026-03-13,20.508831695929327,32.027185524113904,11.148514958538945,19.774173621796173,224.7557077887652,1,2,7,0,24,0
100%,2026-03-14,10.770953437028943,13.69590857080564,7.212651219563837,9.916424409271153,306.31903164767874,1,0,7,0,24,0
100%,2026-03-15,16.599392874788503,25.626641353499227,6.3553415167514595,15.297685225489625,216.81452278548392,1,4,2,0,24,0
100%,2026-03-16,16.713068950094016,22.282570278486922,11.064403895274507,15.449680346315706,258.86543401732,0,0,2,0,24,0
100%,2026-03-17,15.189172911049134,17.262278535093536,13.563673324204515,14.188487465178984,202.6689572260722,0,0,9,0,24,0
100%,2026-03-18,12.861714155004622,14.59769749008759,10.456567212532867,11.830649965394393,138.08740813570842,0,0,0,0,24,0
100%,2026-03-19,7.175842350065349,10.862069360267366,3.368934437148037,5.723572093662713,58.013864907661684,0,0,0,0,24,0
100%,2026-03-20,11.588667840667343,12.853575062275691,10.461253350095143,11.499739023442704,64.43378654277478,0,0,0,0,24,0
100%,2026-03-21,10.271269651493549,12.780294547944257,8.07511886947636,10.086134713345286,61.01865136148945,0,0,0,0,24,0
100%,2026-03-22,6.850799261567129,11.596446519236586,2.1934562863452802,5.986232324445691,87.90458977576378,0,0,0,0,24,0
100%,2026-03-23,6.148517567078451,14.273498716149215,0.27775645666694193,2.9334255670846754,251.94411100215493,0,0,2,0,24,0
100%,2026-03-24,22.09954193495572,29.464778385391487,15.227428134878627,22.02822518322891,221.86746288933864,1,8,22,8,24,1
100%,2026-03-25,23.973773423037553,29.558115187888852,20.562985888754685,21.84518282579033,293.11499414299453,0,12,5,2,24,0
100%,2026-03-26,18.93600377767881,23.663004988201955,3.992199407242337,18.876081162401107,331.1267790752733,1,7,11,5,24,0
100%,2026-03-27,15.46221726870386,19.640718261221767,4.385863138724438,14.412561015812493,220.83137805132614,1,0,3,0,24,0
100%,2026-03-28,17.826265298168966,19.268603057737774,14.794537406168644,17.51569237753448,307.062240782198,1,0,5,0,24,0
100%,2026-03-29,18.702667402319147,27.74620866727903,10.592042546611548,15.50669845762706,253.92574353135575,0,10,5,5,24,0
100%,2026-03-30,20.212257504364704,24.756755301211793,10.40678580467047,19.4510269806111,310.4106124451245,1,11,4,4,24,0
100%,2026-03-31,8.130645410717275,13.577104343140798,1.0555872761975726,7.805861199811213,300.21814868417493,0,0,0,0,24,0
100%,2026-04-01,4.963927952319142,6.971059017110151,2.9974965958680055,4.721871908683971,195.96658722588117,0,0,0,0,24,0
100%,2026-04-02,11.210290380137211,18.222844757595674,1.900406266336619,8.762994155626519,326.38580632033677,1,0,0,0,24,0
100%,2026-04-03,20.699320428585434,24.84683397963996,10.868014748409577,19.28515793648969,215.00101069271278,1,12,3,3,24,0
100%,2026-04-04,16.509896355180803,30.395102908102206,7.573007623172779,13.96024096748368,218.95444018260022,1,3,0,0,24,0
100%,2026-04-05,19.77828759900951,30.609384578372218,14.294204797980095,18.3840971451212,256.2001119190503,0,2,2,0,24,0
100%,2026-04-06,8.079875253891556,13.200023711383073,4.466696945017916,1.8911061855916018,225.4768934486524,1,0,0,0,24,0
100%,2026-04-07,13.549234137469698,15.387567903448291,12.061136674577453,13.213472744135794,104.07864791007,0,0,0,0,24,0
100%,2026-04-08,10.843301682373076,14.896488512971759,8.407807973967738,10.687766937867815,125.64896329726537,0,0,0,0,24,0
100%,2026-04-09,11.975284586010813,21.690607436055178,8.013161208126995,6.680266894725904,217.4668224966316,1,0,0,0,24,0
100%,2026-04-10,13.262011101908868,22.83690108358578,5.336955274410702,6.098263123048561,276.4924621909593,0,1,2,0,24,0
100%,2026-04-11,17.871086553326204,20.889679428797063,13.340111738478326,13.12957130271263,179.7410558261156,0,2,2,1,24,0
100%,2026-04-12,17.124189061744765,21.288913714761044,9.41873612002006,17.01898124368189,200.9222605214949,0,1,1,0,24,0
100%,2026-04-13,3.2653010501161277,9.435476045480398,0.5052406637275221,1.1929394178140695,222.831403101911,1,0,0,0,24,0
100%,2026-04-14,7.703735158459772,14.997699104510845,2.7563422610163406,6.055476899829523,186.63363499180417,0,0,0,0,24,0
100%,2026-04-15,15.739739082333061,16.946302147898518,14.399099203691863,15.143732626057123,184.1111583224146,0,0,1,0,24,0
100%,2026-04-16,14.03624237460619,16.448118182229447,11.32061693658999,13.885110547097442,216.81295922684205,1,0,9,0,24,0
100%,2026-04-17,10.677879300450002,11.84693805088333,9.19148669194535,10.498051729861112,198.85886189269812,0,0,0,0,24,0
100%,2026-04-18,6.960253529682056,11.589677943711227,2.4245003329403803,6.487313076552342,250.54232524105635,0,0,0,0,24,0
100%,2026-04-19,11.643992017837363,13.453775939884592,9.717000385241606,10.959750649098838,344.9020233054365,0,0,3,0,24,0
100%,2026-04-20,12.319729221996766,16.341815836293424,8.767424739257388,11.080261517684425,19.84819548153314,0,0,0,0,24,0
100%,2026-04-21,17.313765550639268,18.907789445502857,16.042102150473198,17.22939971697482,59.69725966488892,0,0,0,0,24,0
100%,2026-04-22,14.811513234847586,17.112423873271883,12.13753681729747,14.542959379915384,61.759063255225044,0,0,0,0,24,0
100%,2026-04-23,12.068356523957808,13.678257578187203,9.813781852714728,11.788660118349611,32.766632066767045,0,0,0,0,24,0
100%,2026-04-24,10.047984643320163,11.987559704734037,5.514764521071394,9.90698912278634,19.586246267142826,0,0,0,0,24,0
100%,2026-04-25,6.0484325785291935,10.909107172875022,2.5934139180360947,2.8048296687909153,328.8945197617232,1,0,0,0,24,0
100%,2026-04-26,8.125560641884643,10.52611446624733,4.818612426449287,7.874616077239164,63.58082181133926,0,0,0,0,24,0
100%,2026-04-27,7.782376548319434,15.499779035179413,3.5843672821975314,7.426375509178822,73.04288525164634,0,0,0,0,24,0
100%,2026-04-28,19.10503559504937,21.58999235779302,15.822811755319766,18.988297537076928,51.92948751649601,0,4,0,0,24,0
100%,2026-04-29,19.5799535461168,20.549027001837896,17.92833310002714,19.396238085763585,69.37688718598582,0,0,0,0,24,0
100%,2026-04-30,17.62895852731841,19.182208079232524,16.221635529568896,17.38479790425528,104.4894359453761,0,0,0,0,24,0
100%,2026-05-01,11.963266580093373,16.609984459410523,7.855185031562649,11.530902897906246,146.57348953048404,0,0,0,0,24,0
100%,2026-05-02,8.138263644965745,10.197888259627144,2.5144269703952187,4.717373411444962,202.07966317264624,0,0,2,0,24,0
100%,2026-05-03,7.417545185037443,9.873141995810562,4.894502006504719,5.143952837290049,183.56294817340086,0,0,1,0,24,0
100%,2026-05-04,8.019623136499419,12.605210221876026,4.0296414764898945,7.022990732646833,24.318786815663202,0,0,0,0,24,0
100%,2026-05-05,11.4643763143757,13.09422744836083,8.966228057367374,11.406813721789293,36.904626695299726,0,0,0,0,24,0
100%,2026-05-06,13.657781586014869,15.910385560105496,11.814871201262996,13.574199436183596,30.644588273579927,0,0,0,0,24,0
100%,2026-05-07,8.270624455865246,11.733695088177097,5.930016592750374,7.960952027266977,56.64291961820567,0,0,0,0,24,0
100%,2026-05-08,6.836465221429104,8.3161162333769,5.840374548501304,6.4078877140789015,85.41123786157596,0,0,0,0,24,0
100%,2026-05-09,7.683874955865048,11.360389642615178,4.9447743038996705,7.2657573945229315,50.23297409599087,0,0,0,0,24,0
100%,2026-05-10,16.737258617808603,19.29563170626828,11.03070395079716,16.67365014046334,22.793692418824207,0,0,0,0,24,0
100%,2026-05-11,18.271127438122537,25.863426501574263,8.62327407022064,17.759757070224577,332.06472351797413,1,10,4,2,24,0
100%,2026-05-12,15.919863660412233,22.4481619850161,13.14295495674306,13.815071827352115,287.13960668557183,0,0,3,0,24,0
100%,2026-05-13,11.727393180652859,14.834967158053034,7.765321518117626,10.737138544117395,277.63977552988956,0,0,2,0,24,0
100%,2026-05-14,12.250365932297582,15.64163908987967,9.384077467893828,11.265405434015635,350.4140933311758,0,0,2,0,24,0
100%,2026-05-15,16.247425886475927,19.360826915240825,12.363768601588754,16.150689617000996,318.1477519310808,1,0,7,0,24,0
100%,2026-05-16,11.830986426229293,13.97942758478846,8.592116695543135,10.626813666982228,244.35687598109172,0,0,1,0,24,0
100%,2026-05-17,9.869777812337038,15.000108895223653,5.099745482376036,9.323950691541537,218.64886856298233,1,0,3,0,24,0
100%,2026-05-18,9.942271481824575,12.406209820150552,4.3887128153136645,9.770860578856393,215.48868279847747,1,0,1,0,24,0
100%,2026-05-19,18.283252689005177,20.662047216504636,13.426295527488096,17.82774941399511,183.5030305851798,0,0,0,0,24,0
100%,2026-05-20,17.318518670615564,20.53793566541512,14.129191308475166,17.102902460129,229.7328301702665,1,1,6,0,24,0
100%,2026-05-21,11.926373880772083,15.257958445684514,9.211705457519555,11.082103446815504,222.30807712798003,1,0,0,0,24,0
100%,2026-05-22,9.165352359628793,11.469967721018866,6.318657983616972,8.582119154943863,164.51279070934356,0,0,0,0,24,0
100%,2026-05-23,8.353482289050858,11.921897165565152,5.5218117043875425,1.94241859959866,210.78446881372506,1,0,0,0,24,0
100%,2026-05-24,5.9440021864256485,9.049985357929945,3.6047805096833963,5.78132451006435,89.33159387319631,0,0,0,0,24,0
100%,2026-05-25,5.9404966150309315,9.68631305441798,3.2524160751510713,5.686688195768776,150.6877060578372,0,0,0,0,24,0
100%,2026-05-26,7.829771174742756,13.631744588339142,2.055855523160651,2.466599374701257,161.47479671647443,0,0,0,0,24,0
100%,2026-05-27,15.121624184447432,15.973083425057398,13.431989411487486,15.056278938831484,59.527866414351934,0,0,0,0,24,0
100%,2026-05-28,13.521519264779199,15.038532035940799,11.629070910479049,12.401673135624826,109.92831575582903,0,0,0,0,24,0
100%,2026-05-29,6.730539034771979,14.776304841820911,3.4845240951439127,3.5954680615737407,216.28345247454385,1,0,0,0,24,0
100%,2026-05-30,6.986890135042283,12.034321724109226,2.0170739597730125,3.775072852465968,77.6336761381882,0,0,0,0,24,0
100%,2026-05-31,5.60636506997804,10.189652368333778,2.0705310623226953,2.766903411027729,281.12320051663977,0,0,0,0,24,0
100%,2026-06-01,9.786183331428111,14.769964188853208,2.5752255499957184,9.362847264644476,210.59992068954335,1,0,0,0,24,0
100%,2026-06-02,12.0951452045872,14.420219116472394,9.63167624374516,10.846704766628235,207.90302148413002,1,0,1,0,24,0
100%,2026-06-03,18.95015636831334,24.315406439562373,12.6421157453677,17.53617457687876,219.91590627961486,1,10,5,4,24,0
100%,2026-06-04,20.955640672647757,23.301460897042112,16.936423824570927,20.66793952442483,221.8866309548392,1,11,17,11,24,1
100%,2026-06-05,12.331960912362469,17.248039206016298,8.396689618766338,11.137885032310122,237.15445972315058,0,0,0,0,24,0
100%,2026-06-06,17.81083890655928,22.798530725823763,12.00738515168738,16.545422619866493,186.15576809666115,0,4,0,0,24,0
100%,2026-06-07,17.32813453807209,22.5307866606862,14.158482556929815,16.203389464743786,232.05718068278054,1,2,0,0,24,0
100%,2026-06-08,12.92809258332818,15.96590156029012,10.417324239949851,11.198696115698668,215.8606862517951,1,0,1,0,24,0
100%,2026-06-09,14.60340722681952,18.47739605293731,10.70142061379641,14.004432329580675,251.8744034513986,0,0,0,0,24,0
100%,2026-06-10,11.35487535951753,15.18751276324786,7.035019647357322,11.244398866311569,255.4002958585475,0,0,0,0,24,0
100%,2026-06-11,14.429355230103587,20.924528932767533,9.71570467428485,13.228055495016777,242.0737195362682,0,0,0,0,24,0
100%,2026-06-12,15.531570536939926,17.657820179624494,12.061866411985985,14.969708592597431,258.45316136681026,0,0,0,0,24,0
100%,2026-06-13,15.952504916679011,21.160942594643075,10.651889363189968,15.81550455600313,280.16577354618863,0,3,0,0,24,0
100%,2026-06-14,15.569262610081834,18.5802835837572,12.700128927552562,15.41966113252861,311.14989975601475,1,0,4,0,24,0
100%,2026-06-15,8.62545874039076,14.682389971555676,2.322944450921399,4.167469352648182,337.7927983221571,0,0,5,0,24,0
100%,2026-06-16,7.320700585845867,14.25295194460268,1.9335286080273189,6.257834756239839,91.12543248104032,0,0,0,0,24,0
100%,2026-06-17,13.78415854139329,16.747104663855126,8.31998124340726,13.535131823581443,220.55352170591445,1,0,15,0,24,0
100%,2026-06-18,8.854730943586535,11.730539673853531,7.000348646536843,7.913691004421933,211.28110365209827,1,0,0,0,24,0
100%,2026-06-19,10.292014253451727,13.944215381815399,8.46869099453797,9.686048844144928,192.2988944536004,0,0,1,0,24,0
100%,2026-06-20,6.921852933818861,9.579611205129336,0.44076116320826,4.627270183728051,230.37284479142266,1,0,0,0,24,0
100%,2026-06-21,11.081927345905074,16.466206883469788,4.894387285381706,10.44782924781884,55.83640602769458,0,0,0,0,24,0
100%,2026-06-22,14.738702363806704,16.09276849895402,12.544595758432198,14.67622024865334,61.009963490558846,0,0,0,0,24,0
100%,2026-06-23,8.48547957804526,13.386936412034323,5.487157299746561,8.185690274844125,102.79520243602389,0,0,0,0,24,0
100%,2026-06-24,8.421965821192773,13.82706351324903,0.9056798871163828,3.9528957403054505,59.09533473151299,0,0,0,0,24,0
100%,2026-06-25,14.281156636968104,17.124102400000076,11.627800366553556,13.848700600776752,63.66652897255261,0,0,0,0,24,0
100%,2026-06-26,11.924517051481017,15.45422677106142,8.553948175870053,7.91065442481825,172.22973639198847,0,0,0,0,24,0
100%,2026-06-27,5.515618777299216,11.645834144410022,2.224494995784503,1.1586614166985056,318.3950424759865,1,0,0,0,24,0
100%,2026-06-28,13.312702370823258,16.62131903121461,9.971415008283646,11.942541514759224,213.09052043278908,1,0,6,0,24,0
100%,2026-06-29,7.067803434717818,12.272807564301116,1.0123826132134166,5.106556035036724,285.29681218924617,0,0,0,0,24,0
100%,2026-06-30,6.312028108596138,8.075448951425619,4.783476389521757,5.714909105922666,175.0261738376979,0,0,0,0,24,0
100%,2026-07-01,4.815287408708686,13.215413995765136,1.3475074101726061,3.5509478211123935,239.94273722283697,0,0,1,0,24,0
100%,2026-07-02,14.222384293070077,20.701616945059776,5.874412232243784,11.143410804941173,268.52965485700724,0,1,3,0,24,0
100%,2026-07-03,10.507941271009395,14.974705866352343,2.223635629882199,7.3579067082072545,277.15546912749704,0,0,1,0,24,0
100%,2026-07-04,11.80925730393105,15.29331272710131,6.18347323051788,11.264997716684025,257.0509894888586,0,0,0,0,24,0
100%,2026-07-05,10.270382465197859,15.068310263503045,3.3270551492119202,8.901111492619352,282.6178950229764,0,0,0,0,24,0
100%,2026-07-06,11.030762767603477,14.69408044788779,4.1251425953355865,10.035857012143133,260.771065896043,0,0,0,0,24,0
100%,2026-07-07,8.36430220082166,13.612735067596356,2.908232498765754,7.254601995722755,287.03374878765044,0,0,0,0,24,0
100%,2026-07-08,5.108641352633125,8.963761630879556,1.5637928482896666,4.092107778077814,303.32624089812356,0,0,0,0,24,0
100%,2026-07-09,5.6549372677229535,10.051916029622237,1.3993566283358512,5.232571084952702,104.90990843005056,0,0,0,0,24,0
100%,2026-07-10,9.851569565019757,13.26011887858265,6.295623464301075,8.95406014046997,71.06484127294044,0,0,0,0,24,0
100%,2026-07-11,12.934995034925484,17.462673604795675,10.830437051636641,12.675684274639313,42.45821463399125,0,0,0,0,24,0
100%,2026-07-12,17.066755407521214,19.870293312856052,14.36266766730921,16.91692051390217,41.390916719359325,0,0,0,0,24,0
100%,2026-07-13,16.74041133409115,19.124854571435446,14.366503246955649,16.689754075084217,32.51648638684492,0,0,0,0,24,0
100%,2026-07-14,15.39718685089903,17.530255345743665,13.351470110379683,15.31830471075638,41.24077924686469,0,0,0,0,24,0
100%,2026-07-15,14.822342353719591,16.760483190718748,12.198731333596506,14.777883246014243,39.118125664839056,0,0,0,0,24,0
100%,2026-07-16,13.608329268129943,15.929802239389335,10.078337062878024,13.386238827995792,26.733058818251948,0,0,0,0,24,0
100%,2026-07-17,11.796859342565142,13.335650159954215,10.138098535144,11.666215448648396,339.6723029820943,0,0,0,0,24,0
100%,2026-07-18,15.3637981616237,18.68615792514485,10.445333808156127,15.2828023185298,332.15117471026394,1,0,2,0,24,0
100%,2026-07-19,16.85785088576142,18.694573097158464,13.530346696807147,16.807191601027203,338.6715799567946,0,0,0,0,24,0
100%,2026-07-20,13.55676273591891,16.293939833545465,9.864490612068327,13.39032767240679,355.9702449757459,0,0,0,0,24,0
100%,2026-07-21,10.226147108368872,13.698469180426953,7.290649937866777,10.00667175254958,347.2499543488719,0,0,0,0,24,0
100%,2026-07-22,14.588944596947107,16.877100798217842,11.072392576515039,14.5312254142169,330.35465947504827,1,0,7,0,24,0
100%,2026-07-23,8.747472702319625,15.022399693283715,0.5469282532839211,8.625965493693105,334.8347544701186,1,0,0,0,24,0
100%,2026-07-24,5.604914539351621,8.879073687753495,2.343175798760482,5.3085858760255205,200.91220843332303,0,0,0,0,24,0
100%,2026-07-25,8.985443143879017,12.568791558821442,5.405327914140219,7.418452642116155,249.19183925024083,0,0,0,0,24,0
100%,2026-07-26,13.993871074208213,18.55261309795831,4.5416841487500434,12.666418469632932,273.5846573168421,0,0,0,0,24,0
100%,2026-07-27,11.980106531543933,18.680220064554906,4.503321254721242,9.843813709917773,284.5145359124109,0,0,1,0,24,0
100%,2026-07-28,9.262006054903473,12.303503774136336,6.6738442421148045,8.706758919415668,205.4323994206239,1,0,1,0,24,0
100%,2026-07-29,8.314111640409012,11.5698010678255,6.3971740386655895,7.873361941707622,175.30885967909614,0,0,0,0,24,0
100%,2026-07-30,6.581518865423501,11.435240332223898,0.8512712805124848,3.262144592893344,289.2467549881397,0,0,0,0,24,0
100%,2026-07-31,8.992849063958026,13.210707166234592,3.6369622553906167,7.867396816396891,22.537173305435942,0,0,0,0,24,0
100%,2026-08-01,3.006546922590482,7.546866881712464,0.1906452950009757,0.6821062486155778,142.23305985032664,0,0,0,0,24,0
100%,2026-08-02,9.088153038037555,16.75953439753683,3.420057442754476,8.04084071669716,67.66557108533266,0,0,0,0,24,0
100%,2026-08-03,9.209915833625521,16.675744098914894,1.4904975143784607,7.982376008751041,45.959310403662926,0,0,0,0,24,0
100%,2026-08-04,10.354325196211287,19.91877249109429,0.2776577441857866,9.562137263259347,202.99122715382026,0,0,5,0,24,0
100%,2026-08-05,16.923955637795405,19.947800802554774,13.306614848534172,16.198651708787093,232.4647524130078,1,0,12,0,24,0
100%,2026-08-06,13.858389741176788,16.989417183141153,7.219084295473065,13.255844279952633,288.2146617337892,0,0,0,0,24,0
100%,2026-08-07,5.629169730793947,7.431576388709752,1.541510814808838,2.315390584944238,258.2933746013217,0,0,0,0,24,0
100%,2026-08-08,8.488882136262747,10.785818202683599,4.335090373926343,7.110344381736708,142.27570372327443,0,0,0,0,24,0
100%,2026-08-09,8.472525843993875,13.346110707159319,5.990011564178669,7.193900608858774,193.27092444342128,0,0,2,0,24,0
100%,2026-08-10,11.909702156046263,14.29083099061722,9.67758905560256,10.609471991511786,350.3241865473931,0,0,0,0,24,0
100%,2026-08-11,12.015305452672784,17.93800091609333,8.231436291861582,11.68061406883622,78.56115746209491,0,0,0,0,24,0
100%,2026-08-12,12.991200158545192,17.145883592703765,10.360149137551382,12.752071843985991,101.4247652700609,0,0,0,0,24,0
100%,2026-08-13,7.179404138586489,10.875365849326618,5.159870432675329,7.083366433950666,111.7194977610634,0,0,0,0,24,0
100%,2026-08-14,6.46283359167278,7.789417809122541,5.182439993820866,2.99978019277454,257.26294554465653,0,0,0,0,17,0
75%,2021-01-01,10.319208804377501,13.733960179421668,8.059911669356959,10.098411322664525,315.64692189066466,1,0,6,0,24,0
75%,2021-01-02,9.396279335862646,12.552066249632203,6.218286780411483,8.54941016057873,350.4652790062062,0,0,3,0,24,0
75%,2021-01-03,15.908506860913434,23.511572200055397,9.832539438666712,15.59912651862752,69.30333705188593,0,9,0,0,24,0
75%,2021-01-04,24.646432628051503,28.012310004174175,21.63842479725103,24.58273323038851,59.86999742329522,0,24,0,0,24,0
75%,2021-01-05,20.76349828684604,22.27662079511267,18.195428799835707,20.66536126970442,64.30889063049585,0,22,0,0,24,0
75%,2021-01-06,14.861590296448298,17.760043142340532,11.50104442851733,13.306936014925498,40.04959092445853,0,0,0,0,24,0
75%,2021-01-07,17.757947833879033,19.70458746087526,16.165963617249975,17.347685951346563,342.0267851541876,0,1,0,0,24,0
75%,2021-01-08,10.555022860891178,16.145166798748015,6.65823969231265,8.937423116938165,5.690034485355966,0,0,0,0,24,0
75%,2021-01-09,11.807213828470466,14.591685112865775,9.341462455055636,10.467346527746697,333.4243995215509,1,0,4,0,24,0
75%,2021-01-10,14.041769356201732,16.706721353948428,12.141501213393207,13.913073996514205,269.16235980413694,0,0,0,0,24,0
75%,2021-01-11,21.64648802870104,23.798783527685767,18.039202896443772,21.59220533202196,250.7586186057003,0,22,0,0,24,0
75%,2021-01-12,19.4889646866225,23.91966336535002,15.377778844855227,17.23101637791087,310.8917543708627,1,13,12,7,24,1
75%,2021-01-13,16.527970752414237,20.524766054039354,10.62751649397107,15.673493450837011,301.3696033908708,0,0,5,0,24,0
75%,2021-01-14,15.693947781401429,19.424438998044312,7.6143523449499515,14.686330510721806,93.95708364197873,0,1,0,0,24,0
75%,2021-01-15,8.236149621896002,16.67195600501546,1.2653528452999419,6.769073368603859,39.94722122732719,0,0,0,0,24,0
75%,2021-01-16,16.696465918018777,23.600133851552304,5.750916013545072,14.216838565785665,212.64509294614257,1,10,3,0,24,0
75%,2021-01-17,17.644248555339242,19.724289711179885,15.730232575821903,17.347112693782375,305.5942428816336,1,1,6,1,24,0
75%,2021-01-18,19.517775250398476,24.356222555824612,17.227166612222774,18.89118082910368,254.77285673137285,0,13,2,2,24,0
75%,2021-01-19,26.35869657080403,29.359038451690314,20.948040459953003,25.41162314736273,228.73969981252586,1,20,12,11,24,1
75%,2021-01-20,28.253368853920872,29.681918868869538,26.622961589375468,27.834402493789955,201.60310857226523,0,19,10,7,24,0
75%,2021-01-21,28.180052014075457,35.58461180545147,16.036298575194234,26.600190809623903,223.5731457115494,1,2,13,2,24,0
75%,2021-01-22,18.42910158508169,23.57550702828637,12.747733961445762,17.888911486691804,255.39370796695965,0,12,2,0,24,0
75%,2021-01-23,13.290205012934939,16.810162538005002,8.68441536933903,11.243264979816797,272.4309098210751,0,0,2,0,24,0
75%,2021-01-24,11.343002144094996,15.994735534968592,6.040505831704784,2.2517394634797245,263.6132253416212,0,0,3,0,24,0
75%,2021-01-25,17.15070818026979,26.750208431930933,9.686409080090163,13.620470780323643,299.8524169120189,0,9,0,0,24,0
75%,2021-01-26,18.267702790021673,26.703671031382992,11.276207287886308,14.051441059084597,264.17110599920085,0,10,1,0,24,0
75%,2021-01-27,14.225960244386043,23.575692405673383,3.2186884291275573,11.030106518047019,256.3467523074843,0,4,0,0,24,0
75%,2021-01-28,10.560170995289914,16.398327684599092,2.555480526271462,8.670858225809653,117.93272490660627,0,0,0,0,24,0
75%,2021-01-29,19.0134850613244,22.989999879316034,12.905485331670398,14.119601372696208,274.2780224546825,0,13,2,0,24,0
75%,2021-01-30,20.94062807198023,24.61672145931781,15.83122496051223,20.56042981098307,80.41233000021151,0,19,0,0,24,0
75%,2021-01-31,18.051573757731923,21.230400898392368,15.93789692175341,17.577880732625907,92.89316733635019,0,7,0,0,24,0
75%,2021-02-01,11.407554369659012,18.067720746776327,2.0873956386510852,9.1408627051749,49.43310845726438,0,0,0,0,24,0
75%,2021-02-02,14.643377936028557,22.23879527757985,3.0089159889692816,9.635897423443685,164.5859900981344,0,7,5,3,24,0
75%,2021-02-03,14.169724369389785,21.542167205767566,7.402476367304319,12.966700441723184,241.69324512876662,0,4,9,4,24,0
75%,2021-02-04,11.693757244946427,18.840364348259893,7.216666624322626,5.516500782918484,210.84282276874072,1,0,2,0,24,0
75%,2021-02-05,8.556502058622021,12.342327291602155,3.1147047727508124,7.282377682275578,160.85448435936803,0,0,0,0,24,0
75%,2021-02-06,18.215734538397964,29.41032460195893,6.941472846029188,17.901295337519215,84.6613827406511,0,7,0,0,24,0
75%,2021-02-07,31.515466062859684,34.01173970321228,29.422212667190987,31.458436899564376,66.60240597698703,0,0,0,0,24,0
75%,2021-02-08,26.45194082318568,29.888306543429724,23.518530094598205,26.44325586561337,72.81989208392025,0,22,0,0,24,0
75%,2021-02-09,17.973575988311126,23.68935964015958,14.269757311885332,17.937044500318006,78.09404768843098,0,7,0,0,24,0
75%,2021-02-10,14.620024305271025,17.32806341882225,11.475323345796179,14.422270555836928,64.49658200506639,0,0,0,0,24,0
75%,2021-02-11,12.052264326863446,15.739182852377377,9.425268822253441,11.716391916354292,109.71085431746349,0,0,0,0,24,0
75%,2021-02-12,20.358238588783845,25.198581136742014,15.847875279664365,20.131166728505598,101.80165890293364,0,16,0,0,24,0
75%,2021-02-13,22.387151333556776,24.693488166687175,20.22603329021228,22.104255122125718,127.65934344941343,0,19,0,0,24,0
75%,2021-02-14,24.717496070999612,26.44514763638625,23.17331811786228,24.633722301311852,164.83255567257743,0,24,0,0,24,0
75%,2021-02-15,18.765605336976993,25.226844461694746,13.821528399472149,17.64922816497604,203.06191122667622,0,12,9,0,24,0
75%,2021-02-16,19.240910959509858,21.83010568536405,15.935323766921927,18.421101592379326,208.96780741899795,1,15,7,3,24,0
75%,2021-02-17,21.177998283745747,22.981174053043194,17.873144766562923,20.560276287740766,216.72049149990124,1,18,13,11,24,1
75%,2021-02-18,21.962534874737873,25.112060107837216,17.29900885312627,19.102185819330394,195.9191908899594,0,20,0,0,24,0
75%,2021-02-19,20.444254168650946,22.350475957571433,16.854396910372152,19.34476782091977,196.65707430980123,0,20,2,0,24,0
75%,2021-02-20,21.89039971073265,24.267011021378572,19.74265042613571,21.8062247600065,177.353476888896,0,24,0,0,24,0
75%,2021-02-21,13.824752609189915,21.84974194203465,9.20817859528331,13.260197411961288,180.92745882181805,0,4,0,0,24,0
75%,2021-02-22,14.189868637488928,18.00921280422709,10.28226782989646,13.589003152240682,194.46421978807703,0,0,4,0,24,0
75%,2021-02-23,18.548232228327524,26.52563728092323,11.731051183778277,18.477334984236858,202.03441670831057,0,12,4,1,24,0
75%,2021-02-24,20.32774125615249,25.10827204566611,16.28259708717362,20.141999057848917,203.36348581783446,0,16,7,7,24,1
75%,2021-02-25,11.296276077036282,19.183095925513992,0.6354750000278443,8.71398202207277,240.58005924921568,0,2,4,1,24,0
75%,2021-02-26,9.281133017589584,11.333227621219583,5.764353924585959,9.24300498089244,313.18024349706246,1,0,10,0,24,0
75%,2021-02-27,4.177110473212928,6.401405914952192,0.7199588491832801,3.3822741491144623,344.8405457948227,0,0,1,0,24,0
75%,2021-02-28,8.12497590299324,13.99311804518625,3.9453075535998097,7.89048182012904,65.11476790217097,0,0,0,0,24,0
75%,2021-03-01,12.240345792040904,14.304275615536216,10.670354370146041,12.083800800047822,89.58959878012206,0,0,0,0,24,0
75%,2021-03-02,7.4624107412153,10.747194292100271,0.9272867589953343,6.686046354092546,82.85481181621503,0,0,0,0,24,0
75%,2021-03-03,6.3897457856861095,7.9833229963280194,4.6016122543557305,6.185711518582728,324.2509256520292,1,0,9,0,24,0
75%,2021-03-04,12.851159863936962,19.6179458877114,5.738731855217431,12.555950225326406,14.748691471023278,0,2,0,0,24,0
75%,2021-03-05,13.498666999369702,18.548703356074604,8.909663757316695,13.465560542518006,36.758643791768634,0,0,0,0,24,0
75%,2021-03-06,5.282278198127236,8.695574105435043,2.8147113378767585,5.035326800938041,51.79739031147267,0,0,0,0,24,0
75%,2021-03-07,6.022137668607326,7.661884925913416,2.1658831108777146,5.720003934550895,310.66443637189707,1,0,7,0,24,0
75%,2021-03-08,11.97634783753073,15.712146581423264,6.64945963269105,11.892416730421463,250.66134681415937,0,0,0,0,24,0
75%,2021-03-09,9.752767031458403,15.41636899339535,1.435141605328921,7.1501009537698375,301.42818586370163,0,0,5,0,24,0
75%,2021-03-10,23.36184273590924,31.02658284736944,11.941785892347992,23.1719127784512,200.71996411419104,0,10,3,0,24,0
75%,2021-03-11,29.201320704538755,38.15909923019698,22.843868709023337,27.975647584392753,235.99531796924578,0,11,9,0,24,0
75%,2021-03-12,23.514532533298368,26.62351399636249,21.496985590451857,23.007002829547346,237.78259533311007,0,24,9,9,24,1
75%,2021-03-13,27.219752759898572,31.78000420732451,21.912180620164932,25.05232901340464,248.41445367373785,0,12,1,1,24,0
75%,2021-03-14,18.793635731878144,22.027765319566356,16.04832300475013,18.424773457905484,281.270148619683,0,11,0,0,24,0
75%,2021-03-15,18.94700014180908,21.61010106982942,15.61542724168551,18.887236032098212,322.91661338169405,1,7,22,7,24,1
75%,2021-03-16,12.51118270649672,24.814159635088707,5.209188990640981,10.46636531606876,318.06741660017224,1,1,1,0,24,0
75%,2021-03-17,18.187850519363057,22.725509604913782,13.080472776936334,18.07629873531276,353.97777986546464,0,6,0,0,24,0
75%,2021-03-18,15.852219908476348,17.69531047328375,11.714274831227135,15.459428387044541,358.92019330949944,0,0,0,0,24,0
75%,2021-03-19,13.529622619191393,17.03857821794719,12.039939323746875,13.067711877420772,33.43075200858573,0,0,0,0,24,0
75%,2021-03-20,8.902400635350924,12.820103501286502,5.657526255155408,6.444207627796902,307.47426924511353,1,0,1,0,24,0
75%,2021-03-21,16.159464739990355,18.751038562624366,12.168895902742994,15.874522846543753,347.34997900982864,0,0,0,0,24,0
75%,2021-03-22,7.815769410556143,11.574620592471666,3.8809994545242312,4.774387970322589,273.0906698721607,0,0,2,0,24,0
75%,2021-03-23,11.432168975821236,16.770929084968458,6.238245659455862,11.176984075583189,225.25313802503754,1,0,7,0,24,0
75%,2021-03-24,13.446367861805404,15.92477510374922,11.70069433248457,13.39490480086246,227.13106253442095,1,0,17,0,24,0
75%,2021-03-25,14.345977741664404,20.53801475342039,8.428248703223181,14.054296910471058,225.31046228354782,1,5,13,5,24,0
75%,2021-03-26,20.950887032452723,23.878658198501153,17.474662898887054,20.21197395698983,209.98106607063855,1,19,6,6,24,1
75%,2021-03-27,19.417112585666832,23.82027239339629,13.972299828342004,18.606217566693783,249.27140831217804,0,14,5,2,24,0
75%,2021-03-28,25.0190238349573,26.840420193179593,21.32974581691186,24.998307254023587,222.18936217125764,1,24,24,24,24,1
75%,2021-03-29,20.045724939762383,24.878744494951228,16.084499578563882,19.911892160674494,226.4636258577837,1,17,20,14,24,1
75%,2021-03-30,8.358093286918912,15.405678744167457,5.039530843460726,6.449478521956069,203.8461844650731,0,0,1,0,24,0
75%,2021-03-31,7.256949763306564,8.900399841058158,5.538062358954061,6.6651919209575,201.15908593374402,0,0,3,0,24,0
75%,2021-04-01,16.780265963121867,19.37800484271054,7.289812148913289,16.21579771922279,24.01817174554344,0,8,0,0,24,0
75%,2021-04-02,16.897971124104895,19.98324617017358,14.401358208008682,16.381867944813145,9.327031875233843,0,6,0,0,24,0
75%,2021-04-03,16.946482804805978,20.945000154960184,11.86183730154608,16.911672134522945,10.99202845944393,0,7,0,0,24,0
75%,2021-04-04,12.802280736753561,20.63748707745782,6.231201617916629,8.615348213487081,263.1928105417459,0,3,4,0,24,0
75%,2021-04-05,26.88267431147524,32.36132632056821,21.679271851360365,25.728400566221378,319.4401695640839,1,18,9,5,24,0
75%,2021-04-06,26.034459348172117,28.122023086640503,24.693484052602255,25.867303735128772,323.1755890511957,1,24,21,21,24,1
75%,2021-04-07,23.9092280673532,31.86393355907649,13.820723771882818,23.817804908954614,311.23633476800325,1,13,16,9,24,0
75%,2021-04-08,17.98960992886744,22.49156850752311,11.49971174563242,16.70414295385256,231.15830285549217,1,13,14,13,24,1
75%,2021-04-09,12.00036351761967,21.602490848738437,3.3673161845904533,7.901480393451038,256.0129885752444,0,5,0,0,24,0
75%,2021-04-10,16.49869413906082,21.71497631017882,9.280357222366007,16.193141861008364,55.276971524993996,0,11,0,0,24,0
75%,2021-04-11,15.926467000151987,20.661996416114693,11.593008265842974,14.716977154746584,352.4219640439157,0,5,1,0,24,0
75%,2021-04-12,13.262088845172284,15.49700008701915,8.383269876186299,12.73144370493668,302.90098102016873,0,0,2,0,24,0
75%,2021-04-13,7.578708892240527,10.057706468926328,4.239776994974606,5.758400679236917,265.2937482970842,0,0,0,0,24,0
75%,2021-04-14,11.538852614260696,15.545452084003717,5.887816138968769,11.504734407611855,17.286966715614312,0,0,0,0,24,0
75%,2021-04-15,13.19601386453457,15.739984624079897,10.795627664480625,12.82026319688467,29.62775898774987,0,0,0,0,24,0
75%,2021-04-16,12.146964265312521,14.833289689534393,9.502945192976997,11.938914506443544,29.603082213861228,0,0,0,0,24,0
75%,2021-04-17,12.840516616260018,13.951752992464646,11.288702404718927,12.667060947182913,17.64745228285176,0,0,0,0,24,0
75%,2021-04-18,8.43795382636594,12.251419700161533,6.296507070387172,8.327952852140104,2.4994454847542897,0,0,0,0,24,0
75%,2021-04-19,7.9753217886854495,9.383121560586536,6.731321393228727,7.482300376316054,20.23577966843237,0,0,0,0,24,0
75%,2021-04-20,4.517747865270347,7.596509958333693,0.9804830747880271,3.409052719370167,34.708250922270054,0,0,0,0,24,0
75%,2021-04-21,14.565745198254923,17.899725320136135,7.206818441028184,14.473120892615492,21.392993952462177,0,0,0,0,24,0
75%,2021-04-22,9.372911981385359,14.65478637327113,2.7443657247479014,9.26775015532133,16.337060646551663,0,0,0,0,24,0
75%,2021-04-23,4.535065758251208,9.276594219071585,1.5614903466446142,4.034078875714499,35.67439848480484,0,0,0,0,24,0
75%,2021-04-24,11.545455041880201,16.89294781833544,6.977142532167468,11.198097395030796,60.092780251713975,0,0,0,0,24,0
75%,2021-04-25,15.303176156181843,16.70632201983582,13.466216680724791,15.246341599387504,35.57317555839967,0,0,0,0,24,0
75%,2021-04-26,13.047845904900802,15.376385279729055,11.08252039352995,12.866944125988185,53.0590787053095,0,0,0,0,24,0
75%,2021-04-27,10.459855746966115,16.470255828469277,6.8804283544963765,9.859411909777537,79.68553142474644,0,0,0,0,24,0
75%,2021-04-28,16.28418774640348,20.803947447791813,13.221641721815535,15.20158194667403,47.369439000207365,0,2,0,0,24,0
75%,2021-04-29,15.3314865810622,20.173067978839565,10.321719487216283,14.51202047282001,340.7414721168806,0,3,10,0,24,0
75%,2021-04-30,7.0223260946881005,11.489847524307569,3.193983539300709,6.710452181374629,328.8728326404007,1,0,2,0,24,0
75%,2021-05-01,11.612617949431943,14.70147638648341,9.547896713125258,10.294266990238992,330.2335613746378,1,0,0,0,24,0
75%,2021-05-02,10.893426690749068,14.90476067683838,6.712609861366876,7.947108620848722,295.92112871310405,0,0,9,0,24,0
75%,2021-05-03,19.480970039901525,32.16073384170815,13.8418292518063,18.763604514279244,216.02380255024224,1,4,4,0,24,0
75%,2021-05-04,27.366932778532384,32.68259894150919,22.397477065111687,24.690530670170986,257.70505876575396,0,8,4,0,24,0
75%,2021-05-05,18.464093065735742,25.398045451114996,7.989862543308677,17.951218011921878,288.96135512575495,0,12,0,0,24,0
75%,2021-05-06,7.92874119916443,11.188303412564466,4.695162244305843,7.326708530260971,270.7864631968125,0,0,0,0,24,0
75%,2021-05-07,10.329462472382207,13.518872692840935,4.545923181537229,7.692465168934048,273.0520267988763,0,0,2,0,24,0
75%,2021-05-08,18.34817198904101,25.277877647000807,11.561363200699205,16.20342868175196,187.70473428075582,0,9,6,3,24,0
75%,2021-05-09,13.49807238722571,18.594323694386638,7.403137999866919,13.28728364924326,186.20700880521224,0,1,0,0,24,0
75%,2021-05-10,16.00923844500062,20.92739640225787,9.084664740228046,15.409108731506624,203.70037975714462,0,1,2,0,24,0
75%,2021-05-11,6.034017370711335,9.544511017753065,2.1646094071885176,3.1892623120283177,143.4055794968583,0,0,0,0,24,0
75%,2021-05-12,10.38656444093474,14.12339108634473,5.795251038424836,8.737780453795907,200.2084619603378,0,0,6,0,24,0
75%,2021-05-13,11.27455293516192,13.595371024701924,9.33961733240353,10.417142197307122,67.87810328484989,0,0,0,0,24,0
75%,2021-05-14,7.178869702831684,12.101856822020512,0.4590321766817179,6.852350785472851,21.638526368894986,0,0,0,0,24,0
75%,2021-05-15,5.276542195700914,8.893439903805126,1.1077704834533044,4.566057145289974,124.99725319777332,0,0,0,0,24,0
75%,2021-05-16,9.821759772093513,12.032266696308733,5.11500867484741,9.202253343372682,211.01596860547343,1,0,3,0,24,0
75%,2021-05-17,7.674995199206271,14.34513747418846,3.7950732160761342,3.943418943793897,309.5068745782887,1,0,5,0,24,0
75%,2021-05-18,8.408779100075026,10.222793073451767,6.063181420641393,7.912655241071107,253.8253041391779,0,0,0,0,24,0
75%,2021-05-19,6.476096074588233,8.818385433509603,3.765235324364535,5.4367340275304965,276.35085527417556,0,0,0,0,24,0
75%,2021-05-20,14.700668816346377,24.97725740945772,6.024744698307365,13.63040383978059,198.03326292056408,0,7,0,0,24,0
75%,2021-05-21,29.090414655167113,31.908284225575212,26.374087612440036,29.05644510596063,216.84420609157172,1,10,24,10,24,1
75%,2021-05-22,16.17686932860758,29.4803883972996,2.771421272837749,14.499100755566614,267.1359949066725,0,10,0,0,24,0
75%,2021-05-23,14.330272928171524,20.89582582071076,7.041528969887003,12.746156874971152,207.35556649319665,1,0,3,0,24,0
75%,2021-05-24,15.07279593550156,22.645312214328,9.28211263448517,14.552925126537303,196.0956582672705,0,5,0,0,24,0
75%,2021-05-25,13.316954713734367,17.49954694014756,7.260912925236112,13.157351718523753,268.44313778099456,0,0,0,0,24,0
75%,2021-05-26,14.251016118997363,18.05555041175003,9.722716186249356,13.921756513920913,289.12776182977706,0,0,0,0,24,0
75%,2021-05-27,13.46022366743894,18.98671948494314,3.8682034862150347,12.604796810541153,321.3708203980766,1,2,8,0,24,0
75%,2021-05-28,5.20364997386537,9.674840439970446,2.931248616338774,3.034179976726501,113.97329649894482,0,0,0,0,24,0
75%,2021-05-29,9.495545891836828,12.433490646734688,6.595347458306147,9.145172443197705,52.43116484453503,0,0,0,0,24,0
75%,2021-05-30,11.558894710451222,13.55877759962509,9.245461210837263,11.392369683333538,48.88019904829156,0,0,0,0,24,0
75%,2021-05-31,11.31156081947727,12.620570782871422,9.303270793334562,11.243620863816721,66.4329413841158,0,0,0,0,24,0
75%,2021-06-01,11.758886886698066,16.36804195910919,8.234027908724954,11.283768145895992,82.16620869017339,0,0,0,0,24,0
75%,2021-06-02,13.084956784809123,15.920912839502192,10.626088948161238,12.909995259057487,76.40374539053659,0,0,0,0,24,0
75%,2021-06-03,7.945666296496161,12.3502172795749,2.9069999820966976,6.839849215502356,220.5036783679562,1,0,1,0,24,0
75%,2021-06-04,8.059667898056428,13.541837394115902,1.007435995718913,6.138194307541264,0.6837625093290285,0,0,1,0,24,0
75%,2021-06-05,11.27506817506773,14.761306062134597,5.968311121373636,10.90913205498444,339.61624192579956,0,0,2,0,24,0
75%,2021-06-06,3.5556058902797667,7.159618098655219,0.19502680022448107,1.3960885947289512,330.46463027794096,1,0,0,0,24,0
75%,2021-06-07,3.563940417990063,7.7097171899472885,1.008568890511622,2.8149834147600483,112.77111396257021,0,0,0,0,24,0
75%,2021-06-08,4.210905774317068,7.33333339202571,2.576518069567294,3.6958830239763896,158.11495831793093,0,0,0,0,24,0
75%,2021-06-09,8.986197031352118,11.513367946470927,5.646119443796344,8.70302303369755,210.75565189001293,1,0,7,0,24,0
75%,2021-06-10,8.973591832391092,12.40991296666831,4.188249956862218,8.72295561730938,229.65656931616718,1,0,3,0,24,0
75%,2021-06-11,11.813485139991327,14.424020359991184,9.084791885486705,11.460292666989892,230.13922102385388,1,0,13,0,24,0
75%,2021-06-12,8.353914811626613,11.790455883093163,0.9287735140882686,7.6095745250060585,317.8389387752831,1,0,5,0,24,0
75%,2021-06-13,6.3680676857758485,8.441998397294485,3.3050392802394093,5.767175137181229,195.35810625042436,0,0,2,0,24,0
75%,2021-06-14,9.366049745390308,12.472207797304247,6.296978258792638,3.2067474216388865,209.78300915310916,1,0,2,0,24,0
75%,2021-06-15,6.797536966714703,8.498121148369098,5.710448093793951,5.805326093756008,55.281668071382,0,0,0,0,24,0
75%,2021-06-16,9.180087518631646,11.895551680555492,5.672069205012433,8.910461586475146,138.65601964267148,0,0,0,0,24,0
75%,2021-06-17,7.882836707139167,11.88829328685579,2.424641044705067,0.45532760604779826,261.7806060512133,0,0,0,0,24,0
75%,2021-06-18,11.75333128951979,21.300975728043763,1.6591442052437,7.535541598648451,59.35795404287438,0,2,1,0,24,0
75%,2021-06-19,10.202097600370116,15.545580245868008,3.85403357562787,4.1706304091378295,349.34063809370724,0,0,0,0,24,0
75%,2021-06-20,11.378386661063864,20.897044630955506,2.8326875916757706,8.997742277635645,10.01388665401555,0,0,0,0,24,0
75%,2021-06-21,17.220977224132977,19.742860135922744,13.095945202087671,17.109925684696478,32.7261315447862,0,2,0,0,24,0
75%,2021-06-22,15.248964610645926,17.859202559534385,10.892140461168198,15.226347931951139,18.920748697968975,0,0,0,0,24,0
75%,2021-06-23,9.071659706144073,10.689574529987482,6.094377294154861,8.869624963339962,19.822648399776313,0,0,0,0,24,0
75%,2021-06-24,4.638759624625931,11.024136969549474,0.3823982080377692,1.1981731515570055,202.74159355804596,0,0,0,0,24,0
75%,2021-06-25,10.234622927450417,12.525161271589946,3.380709065186733,10.096504540119613,210.32967413292945,1,0,6,0,24,0
75%,2021-06-26,7.213449105836037,13.387779642498032,3.1057568078163493,5.369029457247113,65.83363055704353,0,0,0,0,24,0
75%,2021-06-27,16.361321869051256,19.88271963260228,13.081486127409118,16.301557803738405,58.10840993270455,0,2,0,0,24,0
75%,2021-06-28,10.174372117424353,15.500450536634874,6.142810370654996,9.309402909624824,46.72972780826751,0,0,0,0,24,0
75%,2021-06-29,13.700996933353368,17.680594845319266,10.892488982589475,13.04212316620501,14.103252921627018,0,0,0,0,24,0
75%,2021-06-30,15.304580117627117,17.003853546408898,13.773556565513267,15.103452453016505,336.51253249818274,0,0,5,0,24,0
75%,2021-07-01,12.298791995672495,15.334900397909875,6.618695406245492,11.933027618644237,298.1058712501437,0,0,10,0,24,0
75%,2021-07-02,5.64991078432053,8.251349666405535,1.791380245303823,1.995299202355322,239.126793915522,0,0,0,0,24,0
75%,2021-07-03,11.571372707981396,13.268129954273483,8.798759383805246,9.400406198796396,156.59345037301387,0,0,0,0,24,0
75%,2021-07-04,10.560907198891512,14.472235675624827,7.938993287503085,9.888082816892299,196.27293060054814,0,0,7,0,24,0
75%,2021-07-05,13.600216158839244,16.288583837033322,10.118279881689615,11.982290492005358,197.2454294576322,0,0,11,0,24,0
75%,2021-07-06,22.923184724432208,28.295934773679747,15.066193829030272,21.658374490581995,205.09881788575075,1,19,11,11,24,1
75%,2021-07-07,17.350433249408876,21.891193294191737,13.164230024470212,17.33456009739865,211.08611663373983,1,10,12,6,24,0
75%,2021-07-08,10.767876838604552,13.109111601233446,7.131241704478671,10.673606386066732,215.62455336319306,1,0,13,0,24,0
75%,2021-07-09,6.3332549453941915,9.9790766504381,1.927347366470668,5.464107595688505,208.98436123971328,1,0,5,0,24,0
75%,2021-07-10,5.5275620575957385,11.911798810182248,1.4996868545971864,4.0138293747000535,79.47724976768097,0,0,0,0,24,0
75%,2021-07-11,3.644881607436265,8.646327756676628,0.6259345774345436,1.9784571273568634,160.33331735769423,0,0,0,0,24,0
75%,2021-07-12,7.7612701774204575,11.049870201710867,4.593306987645403,6.627544764732908,77.27187364915932,0,0,0,0,24,0
75%,2021-07-13,13.846528492745167,16.65758474876896,10.710537464773232,13.12283117360888,353.22995836135516,0,0,0,0,24,0
75%,2021-07-14,18.504580618036247,22.28229518688669,14.526331628642067,18.45976363817219,334.4239591681419,1,11,8,1,24,0
75%,2021-07-15,18.229837532706956,20.41279477118432,16.064239200083016,18.139524869827827,352.4222031220681,0,3,0,0,24,0
75%,2021-07-16,13.544029732461809,15.205355243422028,11.594834467908141,13.45119761892489,350.9937447507003,0,0,0,0,24,0
75%,2021-07-17,9.076821124291596,12.010446630990641,4.494413645456944,8.755757087906256,356.9161211402761,0,0,0,0,24,0
75%,2021-07-18,6.578633509829301,8.874389867366956,3.487224951823523,4.352443358960944,337.5059594155429,0,0,0,0,24,0
75%,2021-07-19,7.997564993744743,11.7847589376596,2.3490114259966783,7.857574710925673,79.14559156442124,0,0,0,0,24,0
75%,2021-07-20,7.421738415265165,10.359458957798436,4.036354899043377,7.07213918295907,119.71833076179905,0,0,0,0,24,0
75%,2021-07-21,4.6161159184582,7.454743352777895,0.9993361674815211,2.3539447727632385,68.49687113430247,0,0,0,0,24,0
75%,2021-07-22,7.6622466633968855,9.252509816164283,6.0085282309342825,7.56629606224566,31.52629943693927,0,0,0,0,24,0
75%,2021-07-23,9.870827661029915,16.50522256324128,6.250076701683412,9.616809646566411,47.84391056906014,0,0,0,0,24,0
75%,2021-07-24,12.55510436739408,17.89149383787031,5.030895128512885,12.09377600260261,64.77799504249248,0,0,0,0,24,0
75%,2021-07-25,4.0156846129773145,7.641734523904409,0.3580204499793744,0.9263048237236141,127.036345521805,0,0,0,0,24,0
75%,2021-07-26,6.591655475855894,9.860472112103036,3.2857204826272044,4.555243472173273,344.02434367651415,0,0,0,0,24,0
75%,2021-07-27,12.870446004417586,16.495987393692182,10.063108871709609,12.829994153624959,207.427542540193,1,0,5,0,24,0
75%,2021-07-28,18.56871558269312,23.858687763195967,14.74389993247642,18.32429052796234,223.4985800058031,1,9,14,7,24,1
75%,2021-07-29,20.868139941240287,24.188051835126416,16.718313757861893,20.571513092930257,239.66113696335447,0,16,5,1,24,0
75%,2021-07-30,17.697893971884586,25.181832186680722,11.262444497814371,15.862679793906239,211.91528307973823,1,9,2,0,24,0
75%,2021-07-31,15.308505836449319,23.15660660259603,7.206902567469087,14.950890166637096,271.51421746063625,0,9,0,0,24,0
75%,2021-08-01,10.357535955315132,12.837364272055265,7.124084994568444,9.64908727256083,324.605234223434,1,0,4,0,24,0
75%,2021-08-02,7.077433537739322,11.562811910004331,0.535012295605133,6.961964351413813,327.82210676751663,1,0,7,0,24,0
75%,2021-08-03,5.603207446484835,9.40412672002126,0.9926187852020132,5.320254666746816,59.12299661347089,0,0,0,0,24,0
75%,2021-08-04,7.02106669647672,8.180414803542936,2.9403084820872754,6.852883873102418,91.49363748407808,0,0,0,0,24,0
75%,2021-08-05,8.994124605122371,18.597510127062225,3.382659793892251,8.550090447473776,154.67522747927762,0,0,0,0,24,0
75%,2021-08-06,19.796696745610586,24.572510477847324,15.42290241629951,19.25592033825675,209.78916165792967,1,12,14,11,24,1
75%,2021-08-07,17.992921548702387,22.487752439893505,13.325136572243375,17.386624335970733,207.05714737567698,1,5,8,2,24,0
75%,2021-08-08,22.74698484180189,25.861742500403963,18.503279763851353,22.49102935636341,232.76264056566902,1,23,14,14,24,1
75%,2021-08-09,17.892164652929225,21.514704407061686,14.957691972150247,17.681163413909953,228.08656999253878,1,2,14,1,24,0
75%,2021-08-10,10.874675477197265,14.335655971214,7.910640912446495,10.485815448795531,238.596720618694,0,0,5,0,24,0
75%,2021-08-11,10.977795639174607,13.13787668822318,6.658408919496741,10.7592284322404,215.93194694821432,1,0,7,0,24,0
75%,2021-08-12,12.676781043720274,14.329040052606295,11.363549501996319,12.460544716731984,214.06096975308768,1,0,11,0,24,0
75%,2021-08-13,16.833688755258386,18.291197746739407,13.546541559802241,16.605484234675966,232.2151874810591,1,1,9,0,24,0
75%,2021-08-14,13.740402690842513,16.870276444000766,10.26636385058255,13.274891042766326,237.3385422939723,0,0,7,0,24,0
75%,2021-08-15,12.419156328245778,15.849755064733518,9.186705486396198,12.216523919927377,239.451153716261,0,0,4,0,24,0
75%,2021-08-16,20.718481102365214,24.38870524405736,14.519952290083,20.003377214694442,303.4398792936796,0,16,8,6,24,0
75%,2021-08-17,16.271059253065644,19.309784975055486,11.508559480896906,15.663988244144404,288.2801670824655,0,3,6,0,24,0
75%,2021-08-18,12.174154177173355,14.539294077793556,10.670377536789303,11.977426031240173,272.1055967263429,0,0,0,0,24,0
75%,2021-08-19,11.774276249749166,13.754712613595187,8.218083610208913,11.035997062520213,255.67977283651828,0,0,0,0,24,0
75%,2021-08-20,8.580247176253502,12.863385660043027,5.124870339634538,8.341956434280036,243.11844534272745,0,0,0,0,24,0
75%,2021-08-21,6.3565134761800115,8.424382790735095,2.0971873216140646,4.854396572216639,152.89190139757852,0,0,0,0,24,0
75%,2021-08-22,12.653503820646376,21.23038274972145,1.7283184283962851,11.813213443816693,353.8932776520394,0,3,2,0,24,0
75%,2021-08-23,17.069975566381228,19.206361420893085,14.261295361937535,16.951919133697878,27.38091033498904,0,3,0,0,24,0
75%,2021-08-24,13.907317483495715,16.929760997425362,11.045947368610964,13.764363955909072,43.943137746642776,0,0,0,0,24,0
75%,2021-08-25,13.008758771022807,20.11975149049345,8.449038861714092,11.541559819128183,0.11926227245237442,0,3,0,0,24,0
75%,2021-08-26,19.36369390447338,22.286052768999138,12.905436959890231,19.047494764843876,352.7350246396594,0,14,0,0,24,0
75%,2021-08-27,16.566776867801966,20.3554480156346,13.007746369290297,16.337448839147445,1.5669008456185907,0,7,0,0,24,0
75%,2021-08-28,18.530492170579304,20.62062431006698,15.287446897311346,18.44803032811156,19.20941861201885,0,10,0,0,24,0
75%,2021-08-29,18.125445780014942,19.925136127603892,15.636913988718954,17.793401653136147,3.7556348017886876,0,6,0,0,24,0
75%,2021-08-30,17.10771688456823,18.95570717787618,13.976276161043904,16.9343145734694,12.404833168632138,0,4,0,0,24,0
75%,2021-08-31,15.755781020119224,16.91598031446395,13.976697811372132,15.629782600970895,16.18921341478034,0,0,0,0,24,0
75%,2021-09-01,11.986986054282966,14.017173883172289,9.06145960674649,11.84696249276829,13.495307377422591,0,0,0,0,24,0
75%,2021-09-02,9.320552815948874,12.771584075515653,6.4451046969667125,9.00719499420231,38.572239792312416,0,0,0,0,24,0
75%,2021-09-03,12.099367166132083,15.143225639706888,8.684713923699915,11.955051442691373,59.60463410727289,0,0,0,0,24,0
75%,2021-09-04,13.45464973389545,15.372022404002685,11.88264645833323,13.397536973513096,72.37769731923663,0,0,0,0,24,0
75%,2021-09-05,10.412843179486059,12.657274818755267,7.723493999060602,10.250758014498482,81.9573355693957,0,0,0,0,24,0
75%,2021-09-06,4.826760224197135,7.366205280873221,2.5555411808730457,4.665559094627281,132.2572112883771,0,0,0,0,24,0
75%,2021-09-07,8.396175636259873,12.803343789322183,5.746331286613059,7.369954082717202,150.80870688160655,0,0,0,0,24,0
75%,2021-09-08,11.336737740426557,13.268181506423335,9.78723422350886,11.135557245760952,114.18802781747388,0,0,0,0,24,0
75%,2021-09-09,11.427620900455238,12.79271057241283,8.62734657944905,9.399082257226624,181.52043243054143,0,0,2,0,24,0
75%,2021-09-10,12.323291321491817,15.55930318011544,10.358464920100111,12.119638518979718,213.34599331950088,1,0,12,0,24,0
75%,2021-09-11,12.711623712012871,15.135796887768088,9.313221078795959,12.507450908603364,241.3118459438852,0,0,0,0,24,0
75%,2021-09-12,9.630736426570108,11.375875080994287,7.301061572673602,8.910274313579142,319.65715195447285,1,0,4,0,24,0
75%,2021-09-13,9.83969827977243,15.839623683583632,6.438487699443226,8.287545912245129,61.46128185608188,0,0,0,0,24,0
75%,2021-09-14,12.989772434880736,16.389758040251632,7.731620654572042,11.459987870058132,111.8496743564234,0,0,0,0,24,0
75%,2021-09-15,13.881766219006439,16.32188611094889,9.87970909153451,12.584649172433172,305.4010786796009,1,0,11,0,24,0
75%,2021-09-16,8.933086102829058,14.34476684505808,2.6278037170762625,7.768177611517317,278.53491003496856,0,0,0,0,24,0
75%,2021-09-17,9.333239647464985,12.26799184245689,5.993443945614666,8.534844917866613,216.88318208747137,1,0,4,0,24,0
75%,2021-09-18,11.008580864937402,15.618976874695214,9.02501968549886,9.94781261435357,135.25837404111735,0,0,0,0,24,0
75%,2021-09-19,10.514045558018683,14.931955049675713,6.216190835162933,10.330252187928833,109.98260053894307,0,0,0,0,24,0
75%,2021-09-20,10.083057794675273,15.042095560169574,3.5274224182699907,9.755655508667246,89.27266645130123,0,0,0,0,24,0
75%,2021-09-21,7.5546373104831375,10.17341001240211,2.6021022681577053,7.163163205407977,243.21960984009226,0,0,0,0,24,0
75%,2021-09-22,13.735918679036864,15.946756930207087,11.268247449285477,13.520526314189262,231.52184755564144,1,0,5,0,24,0
75%,2021-09-23,14.76041039044101,21.024758738599402,4.602125219866917,13.765898936715937,266.4909625617282,0,7,3,0,24,0
75%,2021-09-24,13.633162996447785,18.04691022934306,7.363126621135144,13.443676042353525,236.69065587930368,0,0,7,0,24,0
75%,2021-09-25,6.960274066195379,11.929786215301588,3.2460915631016993,4.987269938453172,213.57172727357573,1,0,2,0,24,0
75%,2021-09-26,12.3390380094361,16.20242552735991,7.318176122555052,11.700698044441484,187.98327549854028,0,0,2,0,24,0
75%,2021-09-27,19.681501308395596,27.93233744830658,16.13914196170197,16.445284768394476,215.01970314412273,1,9,0,0,24,0
75%,2021-09-28,18.414133706873795,27.661839738052667,15.684382031930946,16.769152582577608,205.87067564448307,1,5,4,0,24,0
75%,2021-09-29,22.526339229021815,28.005815316117946,14.299046360782999,19.133752738826253,276.52644349985013,0,13,0,0,24,0
75%,2021-09-30,24.186105191916663,29.76139199479332,18.411287643037728,21.97648158699236,232.09622845864448,1,15,10,6,24,0
75%,2021-10-01,22.612521635690467,29.45061856342598,12.117749016323202,20.994479362300034,218.87367573379723,1,14,4,3,24,0
75%,2021-10-02,22.01014798322352,36.53346140777539,8.899147991027837,19.334251697351785,185.3223638500877,0,4,1,0,24,0
75%,2021-10-03,19.075081489361903,26.92127728610282,8.608303103678718,18.96813548260547,230.6326583782363,1,14,12,9,24,1
75%,2021-10-04,22.8971430239577,25.032285554795877,20.232173315259214,22.580281490958434,210.3645742362425,1,24,11,11,24,1
75%,2021-10-05,24.830713401051813,28.649855595499837,21.443637579360455,19.83992506446329,213.11271738061075,1,21,0,0,24,0
75%,2021-10-06,21.61761724631299,28.154181105016857,12.166163286321476,20.146266383213298,305.34719080759226,1,10,12,5,24,0
75%,2021-10-07,9.099865537814257,11.661786262251548,4.904685488457659,6.9058598622174365,214.87925854210698,1,0,0,0,24,0
75%,2021-10-08,8.965775520736907,11.900392827481294,4.736084489769558,6.933774313364183,137.04025790757987,0,0,0,0,24,0
75%,2021-10-09,7.919596350527855,12.036436477032217,3.05364728017114,7.845402971263997,114.54739189951363,0,0,0,0,24,0
75%,2021-10-10,9.897244467265715,17.581884972297217,2.321265396210404,9.360421346850385,329.7076550999149,1,0,5,0,24,0
75%,2021-10-11,15.276442407268929,17.21842949530545,12.94942859204914,15.201035283653365,321.5987149293858,1,0,18,0,24,0
75%,2021-10-12,17.94454782111448,21.400428827406614,12.395439484253375,16.267183407918168,336.7887247042784,0,8,4,4,24,0
75%,2021-10-13,13.223515727846598,15.23654045116174,10.752682944539416,11.921147017465495,302.1910202001563,0,0,4,0,24,0
75%,2021-10-14,17.64263047439722,22.37834987655212,13.776703116129449,17.123414954858013,261.54383853098267,0,4,0,0,24,0
75%,2021-10-15,14.327666623143154,22.90080422755749,6.595226690003069,11.033545169720986,322.239709234418,1,7,2,0,24,0
75%,2021-10-16,12.322500274382813,17.980594623998535,5.92028661708801,11.743644815511791,242.16398293729418,0,0,3,0,24,0
75%,2021-10-17,17.829957859678842,19.919304869357312,14.53358225081781,17.7370088548441,212.65317037362456,1,9,15,2,24,0
75%,2021-10-18,17.486724246334962,20.855656557751505,15.5560302478134,17.227965002749773,194.76269100757753,0,3,2,0,24,0
75%,2021-10-19,21.614259958114747,25.60321350552274,15.673677713259723,21.466636921176242,218.00047694827526,1,16,22,15,24,1
75%,2021-10-20,23.224505234643242,29.17009031979925,3.2712313486070337,22.86738358092029,227.11213416204387,1,18,17,15,24,0
75%,2021-10-21,24.318121896906153,29.034245666949072,10.895532503023478,22.213240462076662,309.4595355037386,1,19,8,8,24,1
75%,2021-10-22,22.389877064199542,29.512412860242947,10.133827564156734,20.82953448096228,289.94946508111104,0,11,6,3,24,0
75%,2021-10-23,12.276243887330642,17.96571297910047,6.092692386409515,10.92386577881104,228.89544293746064,1,0,5,0,24,0
75%,2021-10-24,19.032840864401788,20.71685916677487,16.810693650444993,18.620484289648328,195.3521526949656,0,10,2,1,24,0
75%,2021-10-25,16.9940533063888,19.67432060131848,14.293819751066739,16.53611207643579,229.14339700623387,1,1,17,1,24,0
75%,2021-10-26,18.11276307250289,22.551954861900406,14.714883722663417,17.715663826126125,238.08912311524068,0,9,9,7,24,0
75%,2021-10-27,21.789540477293286,22.609708214902135,19.867831777461767,21.562642660673298,217.46248468192064,1,24,22,22,24,1
75%,2021-10-28,21.063746429081792,21.982354317634037,19.82365478788791,20.944194110739424,186.64018478603754,0,24,0,0,24,0
75%,2021-10-29,23.756923251933326,30.13942672436793,16.762669494718086,22.747271716197442,190.82458967065313,0,19,4,4,24,0
75%,2021-10-30,18.89815052715881,24.260284754355276,14.397678410648435,15.53818781616916,195.6762531522028,0,11,1,0,24,0
75%,2021-10-31,23.857094734373533,29.45412093656445,14.919538812257668,21.289955460740913,195.786457291113,0,10,10,4,24,0
75%,2021-11-01,24.693127167153936,29.560162198699803,12.475466895244708,24.48185065063904,225.25485836659456,1,14,16,11,24,1
75%,2021-11-02,8.022691416498972,12.488480419032832,4.306062153128819,7.45805501273631,263.4618912168519,0,0,0,0,24,0
75%,2021-11-03,7.088726886218638,9.637727229877568,3.8240174950675243,6.642642880003012,347.1359817646475,0,0,2,0,24,0
75%,2021-11-04,20.166162077459244,24.463389254229014,10.2305448483226,19.983890900700587,355.30853115813625,0,14,0,0,24,0
75%,2021-11-05,16.76715348863306,20.130853154534314,13.985493466930317,14.079182008694806,304.3924373092238,0,2,0,0,24,0
75%,2021-11-06,22.594837749836145,28.500536571229844,18.474309025538528,22.38480277359019,247.40924615301486,0,17,0,0,24,0
75%,2021-11-07,23.52749942513509,26.611987611104215,15.692251920415647,22.930915628252833,294.6055148788635,0,22,0,0,24,0
75%,2021-11-08,11.447630842200702,15.722594514065026,8.039949233191557,9.316810209092944,271.6729014734718,0,0,6,0,24,0
75%,2021-11-09,16.976321706041155,18.46559471505467,15.627096593288966,16.923947015102286,218.36106541164784,1,0,17,0,24,0
75%,2021-11-10,11.648592552768102,17.079237923720136,7.521920367056155,11.446131887478938,229.43888038410995,1,0,8,0,24,0
75%,2021-11-11,8.613120856203302,14.771959551318043,5.724707192331358,7.878287998988243,225.82248104875242,1,0,0,0,24,0
75%,2021-11-12,20.761296516660796,24.202805695860427,14.480619441447836,19.674005601648002,205.40972911844463,1,18,5,5,24,0
75%,2021-11-13,14.457195501413942,20.31886449913879,11.366289606652462,11.677671406895088,322.1852987945018,1,1,2,0,24,0
75%,2021-11-14,12.257359260827092,16.15829120421563,9.438018402417233,11.593012755311173,76.41247742602388,0,0,0,0,24,0
75%,2021-11-15,8.619482717437231,10.007117340898688,7.259995848888261,8.2405906023701,70.91351125807995,0,0,0,0,24,0
75%,2021-11-16,6.921344593253018,15.819172249578974,1.825655692000981,3.4520841613297186,217.70380494432268,1,0,2,0,24,0
75%,2021-11-17,17.183169827620134,18.197788758636758,15.807224867234256,16.578820183859268,282.48324319349206,0,0,0,0,24,0
75%,2021-11-18,17.782898486133522,19.50440155895241,15.890093460804513,17.636244697516442,255.78933298908402,0,4,0,0,24,0
75%,2021-11-19,16.342896050289212,19.4629424710791,13.41675449643697,16.25235512322339,265.81644013149224,0,1,0,0,24,0
75%,2021-11-20,15.445582007028053,17.3178006361165,13.065846542338585,15.177444829991513,260.5029121037334,0,0,0,0,24,0
75%,2021-11-21,20.922005231776094,22.973858275215655,16.76057412778376,19.267464811303032,358.6508759380697,0,20,1,0,24,0
75%,2021-11-22,16.562767253039855,21.962799063118027,10.822189480582775,16.15744215656898,27.11649947680644,0,7,0,0,24,0
75%,2021-11-23,8.717458851706109,13.915300061975833,2.61157426319838,8.628196449258486,340.23827690518476,0,0,2,0,24,0
75%,2021-11-24,7.8981074659191846,10.048666123592861,2.9152460384735437,7.661418089349029,254.21711173496294,0,0,0,0,24,0
75%,2021-11-25,17.644927891632328,21.17733859718306,9.82856503028415,17.139096786710198,328.4318057442951,1,9,11,4,24,0
75%,2021-11-26,19.487254750638233,26.587421353064435,12.30773050169312,16.2005499019496,275.89932463656186,0,10,1,0,24,0
75%,2021-11-27,14.134732988022344,23.03971896112458,1.4719623662466996,12.773359931653083,11.223737534631482,0,2,0,0,24,0
75%,2021-11-28,20.706709506227053,27.01489387291169,15.216108262523493,20.52383311615993,1.1557910373174423,0,12,0,0,24,0
75%,2021-11-29,20.6519383468386,25.682561407799145,16.094449854288925,17.036716539419075,319.88831177100235,1,17,0,0,24,0
75%,2021-11-30,23.683851863000218,28.256186533548362,18.468666940336256,22.3436896806598,272.5469242583837,0,17,1,1,24,0
75%,2021-12-01,27.274835482159393,31.97730613330853,22.83196705597517,21.50819667137538,285.2200047396914,0,14,12,9,24,0
75%,2021-12-02,21.1120012183672,27.95321027562328,12.42649516879105,20.338016620077592,333.3217830863157,1,12,7,4,24,0
75%,2021-12-03,16.978475290528483,26.789301070469133,5.138852431021026,16.230647006559305,247.20366703840745,0,9,4,4,24,0
75%,2021-12-04,15.03537933512569,25.632332737103454,6.266498846145977,14.17613497952077,256.83330231820526,0,7,1,0,24,0
75%,2021-12-05,12.071096785617142,15.47755312692638,6.462431962354998,7.757701128648939,29.82995327698137,0,0,0,0,24,0
75%,2021-12-06,16.159823108329693,24.520768905133266,4.206805249064215,11.532347138415684,216.48674377512972,1,11,0,0,24,0
75%,2021-12-07,22.9574162510839,32.87141551066777,12.542577981389318,14.771547001659322,197.55615660374073,0,8,1,0,24,0
75%,2021-12-08,25.29572397435598,28.844008261682127,19.50034043169427,24.99799613609582,214.8733634727422,1,20,7,6,24,0
75%,2021-12-09,16.680875021950857,20.911504599240963,12.800593735169272,15.326306611907166,232.56985433632883,1,7,3,0,24,0
75%,2021-12-10,16.36965745874472,23.643373296644064,3.0530094144118536,1.2266471885018841,353.3209600069101,0,7,0,0,24,0
75%,2021-12-11,16.298644625134852,22.983545363098354,11.173994607884891,10.674049725441018,271.44723697782683,0,3,4,0,24,0
75%,2021-12-12,17.528884347658412,23.19468430050879,13.638649554832078,17.21259845429588,233.03660470608312,1,5,5,2,24,0
75%,2021-12-13,17.833431390421982,19.757667375537505,15.082949202317177,17.766820809977997,217.6263195234768,1,9,24,9,24,1
75%,2021-12-14,16.027490400634253,17.93243715359994,14.519711486962562,15.93540234467272,238.28161393752046,0,0,3,0,24,0
75%,2021-12-15,14.022814891980614,17.2915177877617,11.233266934816081,13.893501855846136,251.32486669386307,0,0,0,0,24,0
75%,2021-12-16,7.247268289076591,10.517627269999178,3.8565987968728193,6.44942494854621,291.16195903399046,0,0,1,0,24,0
75%,2021-12-17,6.390467752672174,9.377219329291796,2.669315563063682,6.136115843551971,53.3671175048093,0,0,0,0,24,0
75%,2021-12-18,6.109046992243659,8.230915804357874,3.6681030858309343,4.810193953238009,39.671606748026306,0,0,1,0,24,0
75%,2021-12-19,14.287014822519327,16.499406807914387,9.293629148016917,13.624441931166858,349.95864485630585,0,0,7,0,24,0
75%,2021-12-20,8.087833129915897,11.933369486364542,5.668210544739292,6.879740822465599,47.45332293748203,0,0,0,0,24,0
75%,2021-12-21,6.849828069619911,10.535952372700969,4.49000639077756,6.795045515680954,149.86218834983617,0,0,0,0,24,0
75%,2021-12-22,13.43340932278347,19.677272464245473,8.048545778527432,13.229516072490185,175.98920968882783,0,1,0,0,24,0
75%,2021-12-23,16.937706554222956,19.368539008684493,13.336715850722738,15.59409735696009,226.65263127522815,1,0,1,0,24,0
75%,2021-12-24,14.719915069871524,20.294142904945566,8.148086427419424,6.081504494458391,292.9763346810192,0,3,0,0,24,0
75%,2021-12-25,21.74319493543994,23.196371513293244,19.092482501166117,21.451553514095494,92.30622739594668,0,24,0,0,24,0
75%,2021-12-26,17.66268437466092,20.136146943552394,11.76307146181792,17.345037321201843,121.21105510064388,0,10,0,0,24,0
75%,2021-12-27,14.195110748325597,16.912929074367913,9.8562839388586,13.744014714659116,159.05055961362802,0,0,0,0,24,0
75%,2021-12-28,19.77054184118035,23.56467641706026,16.33525961379514,12.77196071250317,240.98101205862696,0,10,0,0,24,0
75%,2021-12-29,16.721976555603643,22.97117135632029,7.395088358247226,13.391207161457228,239.97877782263788,0,10,0,0,24,0
75%,2021-12-30,23.490077323427176,25.90374893240078,19.36440858867367,23.47370050974327,232.89723483704316,1,24,4,4,24,0
75%,2021-12-31,22.340673388982896,25.631029730044723,17.1213719245427,22.008573609461855,232.8045944392705,1,19,9,9,24,1
75%,2022-01-01,19.780829907008677,23.153410842977948,16.09802931280587,19.47944984102033,209.33973204687058,1,17,9,5,24,0
75%,2022-01-02,22.753285678204467,28.2369208548364,18.97760988524367,22.13434249407143,232.45312994668706,1,24,14,14,24,1
75%,2022-01-03,22.826315344610517,26.195761867358794,17.145962780186064,22.732010440064034,241.2779400666324,0,19,0,0,24,0
75%,2022-01-04,17.104453794988988,22.864788595780798,12.603352083058624,14.350413833685245,298.7653307895636,0,5,4,0,24,0
75%,2022-01-05,25.757414798589323,30.040106451166086,20.076139999700995,24.63354936700063,306.8182544653584,1,17,5,5,24,0
75%,2022-01-06,17.853936104586122,29.517387307421362,8.867106189461483,12.25385203353104,238.59793401583153,0,6,7,4,24,0
75%,2022-01-07,21.743600522950405,28.262518966251374,18.47415838159651,20.589306680759506,259.2716673334461,0,19,2,0,24,0
75%,2022-01-08,20.40034242917869,26.88345189865399,14.16806980675692,14.37823426880547,238.21742413165117,0,14,0,0,24,0
75%,2022-01-09,18.322613718201357,28.5794384662986,8.136989548140516,18.119395802262744,284.2562194126857,0,9,0,0,24,0
75%,2022-01-10,11.064184952929425,18.71585366224847,5.240470863540432,9.941883783897646,201.21913391935465,0,0,5,0,24,0
75%,2022-01-11,14.395116265055846,19.502933954393445,5.4493740339436325,11.622942969551755,211.9427357705984,1,4,2,0,24,0
75%,2022-01-12,9.242818147747935,11.368739318775448,6.5597914365174335,7.537062514914523,292.13879157562087,0,0,0,0,24,0
75%,2022-01-13,11.672740615094417,14.274391202740505,10.163026615558842,11.583095182582246,267.0904856817983,0,0,0,0,24,0
75%,2022-01-14,8.137459015301884,13.9304938661666,3.845161846658049,4.925616304107711,299.925340395863,0,0,5,0,24,0
75%,2022-01-15,10.764804208769094,13.24488365877275,6.102652409331712,8.76225569116614,190.95230027429352,0,0,0,0,24,0
75%,2022-01-16,15.650505014266303,17.22873250819857,13.247447813439921,14.393484723446845,278.2198964328609,0,0,3,0,24,0
75%,2022-01-17,13.667022721467177,19.016135986348985,5.187217960209714,12.80834223235354,307.3120898880628,1,0,6,0,24,0
75%,2022-01-18,10.177544014945948,13.862524231185082,4.962113573100185,9.919327123707777,233.98411951762432,1,0,11,0,24,0
75%,2022-01-19,18.691530916949965,22.33071798782029,12.851285321623612,13.809762565062577,280.4904843388017,0,13,9,8,24,1
75%,2022-01-20,24.23290811189049,25.9479993498537,19.64070045510817,24.005093845098298,342.73893344898573,0,24,3,3,24,0
75%,2022-01-21,16.784037710374445,19.996887602236225,14.410394230534923,16.23582385614439,320.7972851063193,1,4,6,0,24,0
75%,2022-01-22,11.64192582409948,13.739787939629364,9.895452788944585,11.561736754175584,306.8177830867107,1,0,3,0,24,0
75%,2022-01-23,7.10932082973141,10.47033068087228,2.6340740064815273,5.305465045530977,234.32237138726356,1,0,3,0,24,0
75%,2022-01-24,5.1348036075963845,10.766289092065232,1.6992378091472178,4.768773389458134,187.94851192128812,0,0,0,0,24,0
75%,2022-01-25,4.189940060318282,11.452021881253692,1.4340144936781032,2.8751910831766505,208.35435390756263,1,0,0,0,24,0
75%,2022-01-26,14.957585296744966,22.18984118303453,10.500840020094317,14.53988454705322,256.82612762253024,0,5,0,0,24,0
75%,2022-01-27,21.06853458973647,24.114526962677147,18.131969938479607,18.69787649227034,282.5845626706053,0,20,7,4,24,0
75%,2022-01-28,14.179365630494607,20.471142280136835,7.643999127305656,11.830431012640533,262.1907729871728,0,3,3,0,24,0
75%,2022-01-29,23.515404925043697,27.250497862966245,19.85026443453288,21.806433752082935,270.9308631094768,0,24,1,1,24,0
75%,2022-01-30,17.587912516276507,25.037577072392118,8.612044855731762,12.607844427228747,287.96576378918724,0,10,10,8,24,0
75%,2022-01-31,30.30407473949951,38.219939268646094,17.86910990802862,28.382372196073163,310.308920242835,1,4,13,2,24,0
75%,2022-02-01,23.09434012545339,27.210113568212446,17.584257635255913,22.07478648302557,284.33338762701953,0,20,0,0,24,0
75%,2022-02-02,13.91604015013184,23.107716219662443,6.941874096662488,12.637489957976147,281.4098317892194,0,5,0,0,24,0
75%,2022-02-03,16.479101410776806,19.932594794789985,13.304281562446105,16.332480813557776,234.61698756022918,1,2,8,1,24,0
75%,2022-02-04,23.125946843024195,25.672318838900658,17.37775716998222,20.013643387678172,261.50555838311,0,23,6,6,24,0
75%,2022-02-05,24.92581626119775,31.762017596801176,20.315201736466562,23.7415242516472,249.1468497914131,0,21,3,3,24,0
75%,2022-02-06,28.309669257185988,32.01543057580416,23.1914746656186,25.566240932563623,269.41771325280183,0,6,0,0,24,0
75%,2022-02-07,20.598917912744586,30.220748127066386,15.091294565298838,17.218067781808532,278.37076481600263,0,8,5,2,24,0
75%,2022-02-08,19.416348683325293,21.441426910678608,17.338263083038697,19.307733198196345,240.42866956500058,0,15,5,4,24,0
75%,2022-02-09,15.004399014984145,20.620410802315792,6.399032467524632,14.836197202163907,238.69946483311026,0,11,1,1,24,0
75%,2022-02-10,14.006501877925642,23.8600928120431,6.749891922062843,13.335544689879093,282.1470967759794,0,5,0,0,24,0
75%,2022-02-11,15.81854521981757,26.952033122899593,4.848853115788969,12.149995173202354,302.58271150137415,0,8,7,5,24,0
75%,2022-02-12,21.60243544368866,24.40542587454315,15.901242471616728,21.556901147017264,197.42208158971263,0,19,0,0,24,0
75%,2022-02-13,24.754657061571283,28.244797164508054,22.022621076071268,24.5176515799096,194.329323121655,0,24,0,0,24,0
75%,2022-02-14,21.418019568581467,26.941119488628267,14.790317303330381,19.476413630236426,230.6688772553839,1,17,5,4,24,0
75%,2022-02-15,19.541324691814957,28.602802385984493,14.212437776028267,18.174027562323793,238.3293228242082,0,7,4,4,24,0
75%,2022-02-16,26.77851350706406,34.0739808499665,14.725722448938805,25.88348795800714,237.38885494690643,0,14,8,5,24,0
75%,2022-02-17,25.617901902528782,33.06671224451176,15.549653455905695,25.41104071874184,267.24957966639954,0,9,0,0,24,0
75%,2022-02-18,30.982598245919117,42.6246774288934,13.354338376403346,27.71269969475843,232.24937362839967,1,3,7,0,24,0
75%,2022-02-19,27.458252756284978,32.27121430542528,19.421809387430258,24.548152361353313,255.034710081446,0,11,4,3,24,0
75%,2022-02-20,27.83540513715005,35.82662650738927,12.45788336358568,26.253786660165055,239.221997403489,0,4,8,0,24,0
75%,2022-02-21,28.886031731431526,34.42019830561181,17.619280775814772,25.613901208508302,284.6654740061907,0,7,10,7,24,1
75%,2022-02-22,20.161793847466857,26.178267227813127,14.404897671512408,17.897177570390806,261.3929471767659,0,16,4,3,24,0
75%,2022-02-23,20.408515697824992,24.771027319580334,15.44454102512541,18.940352772870554,228.2093555308107,1,13,15,13,24,1
75%,2022-02-24,23.21236673158648,26.033806710558128,15.598056972029777,20.741429822039827,248.4248824326754,0,22,10,10,24,1
75%,2022-02-25,18.870620616886914,25.802013697643524,3.2553130639589836,16.76303852891238,286.06130455140334,0,13,9,2,24,0
75%,2022-02-26,13.309354101812998,18.581692137836274,6.27421242981363,11.43120277538224,174.40467532646358,0,0,0,0,24,0
75%,2022-02-27,19.136419901824915,20.727866898360393,16.55332370694181,19.008242799102575,144.6294826727236,0,10,0,0,24,0
75%,2022-02-28,17.756200307138318,19.827974625488203,13.675129742954672,17.625502176284037,173.62137135301214,0,4,0,0,24,0
75%,2022-03-01,7.536708740270793,12.690500657929672,2.3610349627668037,5.0483258845680785,109.25131441058261,0,0,0,0,24,0
75%,2022-03-02,12.509065062432528,13.851098909862769,11.316170208950487,12.379407092603827,94.3198522580056,0,0,0,0,24,0
75%,2022-03-03,13.89156863190528,15.84365598201889,12.580600674298307,13.811319008890822,116.22844241594782,0,0,0,0,24,0
75%,2022-03-04,12.411268848665012,15.555175206764668,8.131821029093942,12.356141203254289,125.42968852771503,0,0,0,0,24,0
75%,2022-03-05,11.694858948421674,20.30296406874598,6.950534263174616,9.685101229390732,66.96906949419224,0,2,0,0,24,0
75%,2022-03-06,18.498614772770754,20.964497136961786,15.623092208250792,18.420658538973136,49.542126235472836,0,9,0,0,24,0
75%,2022-03-07,13.751759971785026,19.613462631390366,8.840928571134699,12.957493609639782,94.8725270640507,0,2,0,0,24,0
75%,2022-03-08,19.049078440783788,21.724762549482836,16.04647644137028,18.748521029969762,143.5437682510867,0,11,0,0,24,0
75%,2022-03-09,14.351615578254998,16.175286401811686,13.015193611659164,14.290416645345795,163.20232767760274,0,0,0,0,24,0
75%,2022-03-10,15.500017194965428,18.126755368696987,13.084413092323548,15.380106040319705,145.14152565674726,0,0,0,0,24,0
75%,2022-03-11,20.404844391267094,23.521767018398574,17.65669740873519,20.085687632847613,143.16212766539326,0,20,0,0,24,0
75%,2022-03-12,18.514307188006924,22.45259562590059,13.65091964919861,17.570089156195348,169.13560037801824,0,10,0,0,24,0
75%,2022-03-13,17.408599833056694,21.438790284188517,9.691916620494514,17.166744351114023,164.95327523197125,0,10,0,0,24,0
75%,2022-03-14,10.938260530762074,12.885945711498461,8.934591285112573,10.33604820811309,226.29119071469347,1,0,1,0,24,0
75%,2022-03-15,8.217274981586266,11.84012965707615,6.397846172914935,7.842385663809218,166.40308618761526,0,0,0,0,24,0
75%,2022-03-16,15.655507583476792,20.450152621921347,10.897554641524321,14.698261619245049,142.74995725045414,0,3,0,0,24,0
75%,2022-03-17,14.832790281115031,22.380080424925453,8.29921869529713,12.462144864965914,267.0436722659273,0,5,5,0,24,0
75%,2022-03-18,9.325931416573383,17.647973928475032,3.2677842778054105,6.223949989078495,62.82142781555416,0,0,0,0,24,0
75%,2022-03-19,18.819028552557647,22.301173708306397,16.305482265950868,18.661370726732528,82.64010965869642,0,11,0,0,24,0
75%,2022-03-20,14.60121895821171,20.497757644969433,9.351210936950453,9.78608100583324,106.83888571556497,0,7,0,0,24,0
75%,2022-03-21,9.138854087805493,13.923093394229422,2.620959888039096,5.758104886998917,159.71113507867108,0,0,1,0,24,0
75%,2022-03-22,7.963971227121212,9.761564653433298,6.596731651620405,7.8212742698247455,103.19208206539071,0,0,0,0,24,0
75%,2022-03-23,6.96694673938502,8.37486137836841,4.372156433606098,6.692052834748151,89.85413831302628,0,0,0,0,24,0
75%,2022-03-24,4.156613172803822,6.476943720263735,1.9497104320034542,3.890246871320277,62.365282118016125,0,0,0,0,24,0
75%,2022-03-25,7.431871200028685,11.20004171101724,4.671964260053816,7.152431059300964,40.14660360792698,0,0,0,0,24,0
75%,2022-03-26,9.042817259444602,13.223688961125909,4.729839299302145,8.935524568133337,40.397638444377606,0,0,0,0,24,0
75%,2022-03-27,11.19950071893531,13.542160778680744,9.272592531562696,11.146675347816592,55.95662220076076,0,0,0,0,24,0
75%,2022-03-28,5.679789863936679,9.340791006600522,2.639556624301821,5.5864302236651895,60.98296648192928,0,0,0,0,24,0
75%,2022-03-29,11.119348443963638,14.370763928018937,7.64344715363053,10.885271051515039,69.80579494677647,0,0,0,0,24,0
75%,2022-03-30,13.024337171805577,20.902802004597124,8.408268446735745,12.694675043904526,56.936333163525546,0,5,0,0,24,0
75%,2022-03-31,25.037463540240235,32.54564352233587,15.430628703211589,24.950226859314796,26.34339433298885,0,0,0,0,24,0
75%,2022-04-01,25.404156390541374,30.17769002554318,20.206088411285698,25.248951602763942,34.66809202233526,0,22,0,0,24,0
75%,2022-04-02,16.339590239290306,19.88795302367927,10.98248315189352,16.257620792852663,32.34026816560123,0,1,0,0,24,0
75%,2022-04-03,12.019507713019953,20.471683536787182,9.486040000054507,8.274147330752319,304.30891157546915,0,1,8,0,24,0
75%,2022-04-04,23.874471285774035,30.33856105505534,18.269811900153016,22.611651318733973,260.10928219398653,0,19,0,0,24,0
75%,2022-04-05,18.159725322441933,20.795203395726,16.0064712674735,17.62953698697028,266.486162104223,0,6,0,0,24,0
75%,2022-04-06,24.672902847182247,28.412229136318583,20.45571740782813,24.53606692690698,228.6171871215029,1,23,16,15,24,1
75%,2022-04-07,28.62611412698163,31.572011952725227,25.452116525462092,25.971514788716092,260.73565742952763,0,8,3,1,24,0
75%,2022-04-08,16.163757865723237,22.068338398576312,7.96570352305553,14.832862685980777,309.54950591971306,1,10,3,2,24,0
75%,2022-04-09,17.152880290780274,21.68657307208712,11.72130759308946,16.890937713449922,306.10402030678927,1,3,5,1,24,0
75%,2022-04-10,8.819401282833612,13.537793439693402,3.2387530621649097,4.279907941840768,244.06914617017105,0,0,0,0,24,0
75%,2022-04-11,14.38450840057144,20.44182706041973,9.388792321334552,13.905766667796604,113.37352320387072,0,2,0,0,24,0
75%,2022-04-12,13.875375511332349,15.870416331759891,11.825015766943066,10.572324643945146,155.21326726058544,0,0,1,0,24,0
75%,2022-04-13,12.282595149335727,14.503919285708966,9.75392344532344,11.961835701388937,224.24429530640532,1,0,6,0,24,0
75%,2022-04-14,4.940363494195544,8.985437224978254,2.606655563845106,3.2304464426977453,292.72878979500877,0,0,0,0,24,0
75%,2022-04-15,9.477661324948185,13.347536469604359,4.858363004242769,9.390686231944438,84.92695275300053,0,0,0,0,24,0
75%,2022-04-16,10.945690380516602,13.850358103960879,9.208345505535815,10.739649140165227,101.0248956964719,0,0,0,0,24,0
75%,2022-04-17,12.08353328984404,16.476652796289784,8.534648103112637,11.785263505623163,134.383768058776,0,0,0,0,24,0
75%,2022-04-18,8.324798180540606,15.637849399837966,1.4617195526995794,5.233579538376072,177.0159038803473,0,0,0,0,24,0
75%,2022-04-19,11.305569042158835,18.0545601968287,6.259008097254528,10.90177773065519,40.188687612326135,0,0,0,0,24,0
75%,2022-04-20,15.380848654695312,17.48514701128618,11.888807558502062,15.29501106954712,65.16215434718708,0,0,0,0,24,0
75%,2022-04-21,16.020870457672356,20.061883220065564,12.65536190342056,15.622180495227648,61.87229690793072,0,3,0,0,24,0
75%,2022-04-22,18.49864964088192,19.970904820866977,17.046908491315932,18.317758503785715,59.764540173820706,0,12,0,0,24,0
75%,2022-04-23,20.092959096848244,21.241664133137512,18.840007429882366,19.920922332961986,67.9757397261933,0,24,0,0,24,0
75%,2022-04-24,19.209737944278963,20.38989391531446,17.3699716853784,18.86242406382637,43.675217863943544,0,19,0,0,24,0
75%,2022-04-25,16.526313115028767,18.841645248326234,14.218219591199762,16.382083411632554,36.02513837765861,0,0,0,0,24,0
75%,2022-04-26,12.590037984032174,15.69594177354731,10.645382276773827,12.07470318530087,10.822337391526503,0,0,0,0,24,0
75%,2022-04-27,9.545287220089067,11.427081391126404,6.337811285400155,9.127381678927154,15.490661528782653,0,0,0,0,24,0
75%,2022-04-28,11.834305621034874,15.146176980399138,9.098150838739613,11.708797065271636,53.24420318714169,0,0,0,0,24,0
75%,2022-04-29,14.131140306763632,15.782188978188135,11.56820252707856,14.01657482508406,39.74933097690257,0,0,0,0,24,0
75%,2022-04-30,9.32291897799108,11.756960369396435,2.477877639376293,8.616208470544612,355.1360152082818,0,0,0,0,24,0
75%,2022-05-01,5.281407920574535,8.86902444685017,0.8817750263069705,3.9475827292857697,152.8276236522497,0,0,0,0,24,0
75%,2022-05-02,4.590584077832848,8.40600380491493,1.710378570060135,2.1711375736884886,49.40494550643035,0,0,0,0,24,0
75%,2022-05-03,9.395927882813078,12.141178566147547,4.982731511871699,9.045855681920205,19.658793201314893,0,0,0,0,24,0
75%,2022-05-04,6.339530040997455,10.39588692757029,2.329839269346891,5.768355633629078,191.77264178270525,0,0,0,0,24,0
75%,2022-05-05,5.6191401446441445,8.257198267029695,2.4357845662763475,3.869230754144047,295.61232541798427,0,0,0,0,24,0
75%,2022-05-06,8.477862480885458,11.464993783310874,2.7084085523814574,8.157156255674971,223.5024943160494,1,0,5,0,24,0
75%,2022-05-07,10.447994492376969,15.616409095441924,5.926852037100222,8.600548397661342,3.915483358314475,0,0,4,0,24,0
75%,2022-05-08,12.244705212774418,15.001391229599069,10.42007261316026,12.092375997013002,51.703214598556656,0,0,0,0,24,0
75%,2022-05-09,8.798984662807749,16.42583596517358,5.341501118626858,7.509851469607131,160.53862219446466,0,0,0,0,24,0
75%,2022-05-10,17.828104386180765,20.39969147270626,13.63449255274914,17.321687724479546,215.7513525568734,1,5,16,2,24,0
75%,2022-05-11,17.106061272300177,24.52674639724822,13.806653214439017,16.208733756814066,232.86520140229462,1,4,11,3,24,0
75%,2022-05-12,13.753929454315346,16.201110039707,9.862959670386875,12.742332667042955,239.13463968559623,0,0,5,0,24,0
75%,2022-05-13,16.487937984556414,19.026571462201048,14.362065189169659,15.985452323603825,239.34719673492398,0,3,8,0,24,0
75%,2022-05-14,5.621733991568052,12.528146552579402,2.613236578038607,2.6607042992008543,254.77994226793146,0,0,0,0,24,0
75%,2022-05-15,13.947733163736729,18.786614129595034,8.544948819416515,13.634914349995428,82.2953725536471,0,1,0,0,24,0
75%,2022-05-16,15.6379925040946,19.771603722514914,9.133263416734474,11.452880808827071,202.05976609537205,0,2,13,0,24,0
75%,2022-05-17,9.29378421946551,15.266241207972026,2.5816869082020983,2.6859916456035147,159.07649552953956,0,0,0,0,24,0
75%,2022-05-18,9.16583691178786,15.249640439885173,0.7634905208381556,4.327303134209751,170.43900872232996,0,0,0,0,24,0
75%,2022-05-19,8.47516702100545,15.478182441074166,2.7127076166916875,4.950471279985358,211.56321570150143,1,0,0,0,24,0
75%,2022-05-20,10.89391363119625,22.35155249289662,4.857178117069927,7.5058041020218935,216.99530964244076,1,2,1,1,24,0
75%,2022-05-21,11.67223221944345,21.657501381589668,6.641291189550212,10.342873168500388,243.67827456989022,0,3,0,0,24,0
75%,2022-05-22,8.578956553069784,11.105158743604703,5.178437954490201,7.2447857361402255,162.55684790588793,0,0,0,0,24,0
75%,2022-05-23,8.925369079017946,18.544123938882112,3.9373647455430496,5.391789286502127,226.3281889364726,1,0,0,0,24,0
75%,2022-05-24,12.896782987700718,17.781773851329916,7.316515440328275,12.578124250778586,249.52760149786596,0,0,0,0,24,0
75%,2022-05-25,18.035891398206015,23.20883215379422,11.867149728095983,17.803835068036886,231.14913565841852,1,10,15,10,24,1
75%,2022-05-26,16.53145398832353,19.32664541840478,13.195977896563587,15.748634770787765,249.13834266402915,0,0,4,0,24,0
75%,2022-05-27,14.329878176689355,18.19460780140977,8.747952491493926,14.205259639437001,292.7627348113513,0,0,0,0,24,0
75%,2022-05-28,15.494323728851208,17.430583069157667,13.383766759889399,15.25094199443105,335.7644386588437,0,0,3,0,24,0
75%,2022-05-29,14.455449322785489,16.637875101468556,10.272932450258974,14.352017252199058,352.24647427418273,0,0,0,0,24,0
75%,2022-05-30,6.789466594286481,9.694599712068113,1.8825758901277947,1.7387470457605059,239.9987761824932,0,0,2,0,24,0
75%,2022-05-31,7.74601979022266,13.394207270585339,0.9297601805911364,5.629539123869897,180.05504246717624,0,0,0,0,24,0
75%,2022-06-01,10.198389470676688,12.707968185903653,5.238976091955886,9.370133695656758,300.7601180549304,0,0,0,0,24,0
75%,2022-06-02,6.061944302337321,14.478585344964177,0.49138845911374296,4.062799349903594,50.639621731379236,0,0,3,0,24,0
75%,2022-06-03,17.018519321710848,22.188141941400495,13.832923649868388,16.435749586207397,65.31042642316282,0,4,0,0,24,0
75%,2022-06-04,19.806318944462717,21.60243532414626,16.031780159297373,19.766472912049604,51.0361624076877,0,21,0,0,24,0
75%,2022-06-05,13.328976296974412,20.38677538406314,1.10528667747754,6.4502774428660254,31.62174918240231,0,2,0,0,24,0
75%,2022-06-06,16.01608191234533,20.69811451353587,11.097413574604678,14.934471259760711,264.7043465011593,0,4,0,0,24,0
75%,2022-06-07,10.418247059059,18.04059476406981,2.1962063302737342,8.44720473987849,252.82392907340164,0,0,0,0,24,0
75%,2022-06-08,11.735877402736998,15.892299539640113,7.3561763332214145,10.242630035297498,217.39877383100168,1,0,4,0,24,0
75%,2022-06-09,12.20003272776115,16.132756610575456,6.582078933391069,10.01005108383172,246.80325231404922,0,0,7,0,24,0
75%,2022-06-10,16.318993161933825,20.7649825862584,13.767030339443492,16.24256152825741,217.28548838016974,1,2,17,2,24,0
75%,2022-06-11,15.176670593702942,17.70908250993974,13.324176676566962,14.803735008135147,227.3119153170614,1,0,6,0,24,0
75%,2022-06-12,9.880281676419948,14.035263499217047,5.3441143236444475,9.440153310430473,257.55688598064944,0,0,0,0,24,0
75%,2022-06-13,10.348726453981596,16.98474958451707,3.2237457298759473,8.636167323004694,296.3353438329897,0,0,7,0,24,0
75%,2022-06-14,7.743222872399578,10.973302723924316,2.355339916222172,5.0639489650729015,171.50983392572482,0,0,0,0,24,0
75%,2022-06-15,8.051532542275998,11.168292558252688,5.616178536613028,7.597931340871101,80.73488544809624,0,0,0,0,24,0
75%,2022-06-16,6.348257922547634,10.223492177606744,1.8684945058165336,5.879094007151145,149.57149235192946,0,0,0,0,24,0
75%,2022-06-17,14.597016083250177,17.650665062953166,10.819981027770622,13.653656037110867,199.86818293597514,0,0,5,0,24,0
75%,2022-06-18,12.906541780011544,19.26306557701956,8.12033164534395,12.203063509096907,10.221797730698427,0,1,0,0,24,0
75%,2022-06-19,12.855677657417298,16.085478322940656,8.190178026256918,12.463425155771965,358.63255423932503,0,0,1,0,24,0
75%,2022-06-20,10.49056779976574,16.87919857674406,1.2614325090336558,10.275547852997288,348.12690297002985,0,0,0,0,24,0
75%,2022-06-21,3.8025083170787415,8.207229421505541,0.7233022494096951,1.7226024936128173,144.47781413489042,0,0,1,0,24,0
75%,2022-06-22,8.23461469151797,11.912357163398314,1.8284138328946917,8.087921047615714,50.41123052243631,0,0,0,0,24,0
75%,2022-06-23,8.43342424563569,11.881310443939832,3.016877767998436,6.688316797028612,97.09006510356437,0,0,0,0,24,0
75%,2022-06-24,12.290090045213296,18.686037884347055,3.8685205805802885,11.732955819670746,201.62381847937942,0,0,2,0,24,0
75%,2022-06-25,11.753519728502814,16.80827663683315,7.385930863758839,10.557198567479332,185.45337896652183,0,0,5,0,24,0
75%,2022-06-26,10.565686233053139,14.001656287450452,5.0241298508473555,9.91118364015969,190.59581799635978,0,0,1,0,24,0
75%,2022-06-27,9.239254747062985,13.704181023612147,1.2999900421247528,7.0866136896249,200.16777456091538,0,0,5,0,24,0
75%,2022-06-28,9.244623298117224,12.327236531713611,5.580543397663359,5.723756342005799,183.85187065982726,0,0,1,0,24,0
75%,2022-06-29,6.369951942695618,10.638174454934596,0.46125812149066076,4.771860491238699,169.55374090112548,0,0,1,0,24,0
75%,2022-06-30,7.3273844606489105,13.526395483306361,2.570299331785564,6.382018518843419,223.12492960260508,1,0,4,0,24,0
75%,2022-07-01,14.156674702584397,16.57190978569532,11.686418191940723,13.931893120562203,225.02891666931083,1,0,13,0,24,0
75%,2022-07-02,13.484642238274041,17.567162133501103,9.428829614378872,13.23194407218731,212.64861822531714,1,0,10,0,24,0
75%,2022-07-03,9.04247450488579,11.49554064088882,5.15267306073035,8.758134884488946,255.49272734938995,0,0,0,0,24,0
75%,2022-07-04,8.690746840200076,12.134967183164669,2.8805539187095914,7.946869165180147,257.8125655793993,0,0,0,0,24,0
75%,2022-07-05,9.888079523140993,12.331955667591332,6.310975550749643,9.496007115821104,304.4186092801335,0,0,1,0,24,0
75%,2022-07-06,11.062036331248,17.340983168711933,7.456600881761582,10.504830562225667,260.14949104802486,0,0,0,0,24,0
75%,2022-07-07,17.793090298947696,23.086728421219785,7.273525462886148,17.27852419461176,332.11997915976264,1,10,6,4,24,0
75%,2022-07-08,7.234235571866687,10.710378450621624,2.0919302991075397,6.674737579537649,266.8851948034326,0,0,0,0,24,0
75%,2022-07-09,11.790702808145305,15.056091937315381,5.763608190185577,10.63400815053218,336.78897369057046,0,0,3,0,24,0
75%,2022-07-10,7.0827880023226735,9.673963747721176,2.441086810858742,6.497116492590677,288.57017063767523,0,0,0,0,24,0
75%,2022-07-11,5.361164971071811,11.260885562084823,2.4517392976206898,4.389192983144998,104.99560145162735,0,0,0,0,24,0
75%,2022-07-12,11.656986212762453,16.730408183639668,8.271251590266603,11.306752593147145,186.62747310096958,0,0,0,0,24,0
75%,2022-07-13,10.25930020731971,13.496995626347456,6.386650895803475,6.508928271985228,330.3729676662039,1,0,3,0,24,0
75%,2022-07-14,8.221499442225094,14.575180281688718,0.3364441334490706,7.518909577015133,342.05587397602955,0,0,1,0,24,0
75%,2022-07-15,8.751935359752926,13.002680951767271,5.226157994141476,6.768738225775729,256.4769577997578,0,0,2,0,24,0
75%,2022-07-16,7.27867469518242,13.931421055130336,2.301692599298166,4.717889030651475,16.317981949213845,0,0,0,0,24,0
75%,2022-07-17,8.290581219945972,11.422068337833087,4.859571541556065,7.940937473508234,168.66622467384286,0,0,0,0,24,0
75%,2022-07-18,10.085971262437068,12.408232409716419,8.44125938711173,9.822352168126157,172.73186229637486,0,0,0,0,24,0
75%,2022-07-19,12.525881143143065,15.872817384654859,10.826730440465768,11.951693099643096,141.70200910523897,0,0,0,0,24,0
75%,2022-07-20,16.286737933776756,23.463202838250012,9.099919281982825,15.115999130528627,218.72994382600123,1,4,2,1,24,0
75%,2022-07-21,14.159714398049234,19.89251874698536,4.6265327536168295,13.558844223319634,339.7286142724415,0,1,0,0,24,0
75%,2022-07-22,6.5749776176636745,9.960981276373658,4.273753933893754,6.406645545469798,24.31457999751956,0,0,0,0,24,0
75%,2022-07-23,7.560688858385493,15.840225561858611,1.7063192351278016,5.881434736292663,177.37424348318962,0,0,0,0,24,0
75%,2022-07-24,16.697247520306238,19.5441513504815,7.127509257449825,16.397174742283568,208.1862749473819,1,6,9,4,24,0
75%,2022-07-25,14.643360814862069,17.8709667351844,6.5618174213432665,13.622104044389058,239.2507072644202,0,0,4,0,24,0
75%,2022-07-26,12.69546048585439,15.370845733050166,9.28300449483943,12.463307231539682,346.6574686106563,0,0,0,0,24,0
75%,2022-07-27,8.916619726243047,12.493291347014104,6.616323572199851,6.740210251457947,33.79295113362997,0,0,0,0,24,0
75%,2022-07-28,14.655979130006758,18.18003798205103,12.55598459022601,14.087814044451289,82.92805067618934,0,0,0,0,24,0
75%,2022-07-29,9.996215214099315,12.072873067164798,6.931494502097694,9.31318366993681,45.89889362742338,0,0,0,0,24,0
75%,2022-07-30,8.484278759586534,12.859145795240783,1.9110145945070207,7.5812302251217085,206.1410234136816,1,0,0,0,24,0
75%,2022-07-31,12.867940012999362,17.413557895846253,9.491217027393995,9.994120338582315,254.9343931764407,0,0,4,0,24,0
75%,2022-08-01,8.208633100945915,14.589921510279867,4.1936255565226945,4.085031249494935,70.29720706377776,0,0,0,0,24,0
75%,2022-08-02,17.61765498324033,20.402043862108417,14.810407425293421,17.087258264096114,207.69703386605875,1,10,11,6,24,0
75%,2022-08-03,14.34270024143904,16.433373835064465,11.155254625524138,14.23897422824105,214.99553158312952,1,0,11,0,24,0
75%,2022-08-04,8.386493259201531,13.627431696225015,4.111436660329152,6.2146520181737035,316.3847973115844,1,0,0,0,24,0
75%,2022-08-05,12.066686833763889,17.034144624045872,8.759541158535574,11.138344422820168,341.94908006721124,0,0,3,0,24,0
75%,2022-08-06,4.653415335201187,8.549139418096477,0.35430926874616353,4.356087325770317,313.27118185186237,1,0,1,0,24,0
75%,2022-08-07,3.421942709513494,5.48912447118748,1.5177860225566329,2.745493137943419,276.5792081039325,0,0,0,0,24,0
75%,2022-08-08,5.591809650497886,9.723868182974467,1.2274295843526575,4.692940666264455,22.52940192596202,0,0,0,0,24,0
75%,2022-08-09,9.969994917988508,14.02749674060628,6.289748555583777,9.82840424755225,49.41269095562069,0,0,0,0,24,0
75%,2022-08-10,12.279634774242083,13.587417934105115,10.772771443060565,12.124771084020521,63.453118901870255,0,0,0,0,24,0
75%,2022-08-11,11.438980885455642,13.096991136037955,9.792214018548377,11.305175676993882,69.57447342930811,0,0,0,0,24,0
75%,2022-08-12,12.781001487776969,15.298188065164492,10.80201990456539,12.666363171928841,64.9551345969387,0,0,0,0,24,0
75%,2022-08-13,10.216215053735667,13.61308961491135,7.451626938045054,9.543415089929967,87.94163639936227,0,0,0,0,24,0
75%,2022-08-14,8.988467820613627,12.483778264965743,5.773427793700579,8.800454503469934,91.8163127359532,0,0,0,0,24,0
75%,2022-08-15,9.06860993092042,15.334719469800802,3.245880460043293,8.363259721535526,204.41632138722716,0,0,1,0,24,0
75%,2022-08-16,5.822082749668421,14.401322136830698,1.343288939646669,4.273458601930184,265.06743173556947,0,0,0,0,24,0
75%,2022-08-17,8.701760921596232,14.637811683736578,2.77487977455741,7.058271000247464,39.05508356818103,0,0,0,0,24,0
75%,2022-08-18,6.555271947071641,11.466427213498914,2.9931458104363418,2.264980513811638,85.34782016701081,0,0,0,0,24,0
75%,2022-08-19,7.9709568413229475,11.308971796194129,3.2122441580200594,5.537647310763624,248.21071699835767,0,0,0,0,24,0
75%,2022-08-20,10.658578242401246,19.319185892491085,0.9569232603884591,9.805970172821397,227.91224649656453,1,0,4,0,24,0
75%,2022-08-21,9.32882655270481,16.502161168597823,4.979686394681576,8.283879013406988,234.31562899695183,1,0,0,0,24,0
75%,2022-08-22,8.924405155375526,11.743505956130171,6.973847220037404,8.772066440649075,134.2328180373371,0,0,0,0,24,0
75%,2022-08-23,10.436721468348345,12.371798153360084,8.216747881365245,10.244952592409554,201.00517026171238,0,0,3,0,24,0
75%,2022-08-24,9.21189411857442,12.01698473879396,4.587855900178003,6.140446680404209,180.17501690463976,0,0,1,0,24,0
75%,2022-08-25,11.143838915958776,18.451395417065328,2.816068658774986,6.170311290626651,357.0134481147083,0,0,0,0,24,0
75%,2022-08-26,11.675083044332498,14.478632767367566,9.108189440023914,11.195711471661372,352.19811294421527,0,0,0,0,24,0
75%,2022-08-27,11.385781269453176,14.579667862090597,8.207261092755791,11.184416149274014,34.49194303668537,0,0,0,0,24,0
75%,2022-08-28,10.820916139141906,13.470917476409332,7.796719011255194,10.699096129100074,38.58364089221266,0,0,0,0,24,0
75%,2022-08-29,11.748941441468359,17.72845416181157,8.53265095834481,11.621547910459654,38.63775864070908,0,0,0,0,24,0
75%,2022-08-30,15.948301631444858,18.765923609966546,12.896922939265933,15.836123167903162,53.20150363428223,0,4,0,0,24,0
75%,2022-08-31,19.922758474921604,21.870246206758466,18.585271708114995,19.901224397878337,58.40509381799484,0,23,0,0,24,0
75%,2022-09-01,17.081200379324738,20.167117777409285,15.882544605958879,17.006224038510403,70.07844540389544,0,1,0,0,24,0
75%,2022-09-02,14.778763489047146,18.04118233327384,12.690658977927614,14.617510953793678,98.87019373511504,0,0,0,0,24,0
75%,2022-09-03,11.03648743177628,17.72952254748463,6.385101704856788,10.742632536215778,132.22325376051606,0,0,0,0,24,0
75%,2022-09-04,5.918726688998327,9.094607790193503,1.5007237507964932,4.819607938800959,157.58872722520687,0,0,0,0,24,0
75%,2022-09-05,10.137270823124808,15.757002797130147,1.6417997871285133,7.979811502695095,142.6553565926706,0,0,0,0,24,0
75%,2022-09-06,11.201170306037413,16.908048822331782,1.6815132732163185,10.046895668130501,175.8282619626117,0,0,1,0,24,0
75%,2022-09-07,13.221900019202566,17.6350153806867,5.532215758007322,11.076092467196723,176.222402954696,0,0,1,0,24,0
75%,2022-09-08,13.857364624886783,19.05154183175937,5.44171828065582,13.323756969210068,198.71726368506825,0,0,2,0,24,0
75%,2022-09-09,12.578146512746118,16.97580820106985,6.9531378351496596,8.602348900713883,229.8633415717075,1,0,0,0,24,0
75%,2022-09-10,12.60863080290195,15.918249549564006,8.176606287593495,12.31730983023992,359.06193152231486,0,0,0,0,24,0
75%,2022-09-11,5.487063929790819,12.815210684979954,0.7575063682463307,2.6369943000954157,106.95746873408461,0,0,0,0,24,0
75%,2022-09-12,11.99968612831347,15.858965963521662,8.22932018843924,11.391072495982769,197.6527281931697,0,0,1,0,24,0
75%,2022-09-13,9.282209422635374,14.625797906794771,5.712691110335872,8.373218438310847,0.3715392687028043,0,0,0,0,24,0
75%,2022-09-14,7.919142106968811,15.022720334504733,2.740582188397237,5.163347561632045,8.75479958303913,0,0,2,0,24,0
75%,2022-09-15,18.01845755343879,22.731955569764565,13.9633447490171,17.806633038631038,329.5159863533321,1,13,11,10,24,1
75%,2022-09-16,23.972382908752,27.864267787735297,19.10848792160914,23.884282123193053,329.80330400996405,1,23,18,17,24,1
75%,2022-09-17,24.95831594197009,26.030793815797633,23.58220735226553,24.896589384224757,329.973113041922,1,24,18,18,24,1
75%,2022-09-18,21.67309591100852,25.53584604351733,15.49897802896203,20.864994293339578,328.0705175644007,1,19,11,9,24,1
75%,2022-09-19,16.5162064618251,19.086424879695702,12.074386455703728,16.429583850182965,332.4255288319088,1,0,9,0,24,0
75%,2022-09-20,11.172454268556756,14.590147584881487,5.791901239426725,10.666924494114765,349.7579995494181,0,0,0,0,24,0
75%,2022-09-21,3.437912819601532,6.632606003006661,0.19246662280202906,3.0262439406307644,171.36462436693682,0,0,0,0,24,0
75%,2022-09-22,10.248138576120658,14.444999707755137,7.5020170298307365,10.071962254887692,191.72708789404592,0,0,0,0,24,0
75%,2022-09-23,8.30399860115793,18.239344448817537,3.691227615696816,4.585060287950879,265.72325125909504,0,0,3,0,24,0
75%,2022-09-24,19.327521421744454,24.822014940599278,16.076310670859225,19.21786290921386,26.213528095449874,0,5,0,0,24,0
75%,2022-09-25,13.514861805922544,19.626993836316377,8.535158022669616,9.730467002943131,320.2773631163109,1,2,0,0,24,0
75%,2022-09-26,21.77954219581795,25.89169218038059,17.21380605868966,16.821839277734703,289.98513952750704,0,17,3,3,24,0
75%,2022-09-27,17.334981833276128,23.135936229690195,10.790625982791067,16.538368371954917,311.3033459636973,1,6,12,6,24,1
75%,2022-09-28,10.50200691709256,17.33887811012887,5.466263371044232,10.362737810066061,321.78279915182173,1,0,6,0,24,0
75%,2022-09-29,4.904182844942535,9.012775833154318,1.384451048408675,4.526407322601392,358.7754111116234,0,0,0,0,24,0
75%,2022-09-30,17.203419334353185,33.99473485449421,2.4322773210788227,15.721503049023912,212.16736862737932,1,5,10,5,24,0
75%,2022-10-01,20.63208597674569,28.6679251268476,18.33635615966666,19.871448857309765,265.4160076968051,0,15,0,0,24,0
75%,2022-10-02,14.632829464045043,20.15685233651353,7.439577258864582,13.991592872022641,297.06779206247234,0,3,8,0,24,0
75%,2022-10-03,9.64471042673904,16.539697781951208,5.182326290992974,7.99868109833274,234.6968473482305,1,0,3,0,24,0
75%,2022-10-04,19.405695091386722,21.94563321919783,16.273750958104895,19.29449523041534,214.62384114490348,1,15,17,9,24,1
75%,2022-10-05,26.3364494791219,30.51506995028918,20.787665651750185,24.524142012976995,225.75270808114732,1,18,16,13,24,1
75%,2022-10-06,20.67334095712769,24.903333440597866,19.093239941242235,19.66979450039632,243.72569157726178,0,24,10,10,24,1
75%,2022-10-07,22.9286879910824,24.990243876338468,17.60954270877849,22.04784789087367,231.98864327068648,1,22,17,17,24,1
75%,2022-10-08,14.865260078532167,21.029646020006762,5.791810700407272,14.679236938176809,285.39200035852815,0,8,0,0,24,0
75%,2022-10-09,15.189421445989803,19.294711186561088,6.274650336273727,14.8332861642338,175.55633573407044,0,1,0,0,24,0
75%,2022-10-10,15.779252754054795,18.009610983300618,11.178323369235205,11.9363681925886,287.5280169238274,0,0,10,0,24,0
75%,2022-10-11,7.272162444004078,12.08619767544447,1.5714671053174385,5.893456186777186,277.71839363304525,0,0,0,0,24,0
75%,2022-10-12,11.982294761035936,15.531470329899534,8.81590845786251,11.900200723801994,205.03602631915544,1,0,2,0,24,0
75%,2022-10-13,8.1869122946038,16.296676611032066,0.4719379229076623,4.8106237465591075,264.9395399350032,0,0,0,0,24,0
75%,2022-10-14,9.606230363753683,16.275943303199167,3.9736769498547297,8.639547135042477,232.46624691277214,1,0,0,0,24,0
75%,2022-10-15,18.616634892863917,25.461616083833043,10.701799058366962,17.895277848930977,223.79642656329457,1,13,9,9,24,1
75%,2022-10-16,18.029549594915867,25.88005711821883,8.702859294746313,13.856909369142798,212.80294733909304,1,10,6,5,24,0
75%,2022-10-17,16.63708162881835,21.021259512946116,9.878578800153388,14.838815881723265,213.36482472929137,1,4,12,2,24,0
75%,2022-10-18,8.697680701401543,12.12578255766807,3.7806016968084553,5.745505422122399,338.4474995560544,0,0,2,0,24,0
75%,2022-10-19,18.176765276624565,22.73740947623772,11.578129978105926,17.951405820945386,100.00923586753873,0,10,0,0,24,0
75%,2022-10-20,17.391473790734416,23.754865250808972,10.604260087871253,15.193823188616712,160.59782330415806,0,4,0,0,24,0
75%,2022-10-21,14.37654792147771,19.229205599696634,9.420357175122682,14.232990684428762,188.29693779471907,0,0,0,0,24,0
75%,2022-10-22,17.254705081812812,21.166098935493064,11.28768280413415,16.304501042017634,214.75391651561972,1,9,4,1,24,0
75%,2022-10-23,17.35275915044665,22.834381512365564,7.746747786934323,15.675225622150224,156.3899053887003,0,9,0,0,24,0
75%,2022-10-24,23.37331818988311,30.396520554990047,18.297320280098596,22.557025277945733,222.23383094292402,1,16,9,9,24,0
75%,2022-10-25,15.72477411390952,19.39727359485964,12.552388508249162,13.519231248678011,220.3783986737862,1,1,2,0,24,0
75%,2022-10-26,18.519681810779208,21.975633322562597,13.705140414579631,16.76716493614197,197.83259993932984,0,8,13,8,24,1
75%,2022-10-27,17.066344491533147,22.60681677578041,10.943044343686307,16.31554636636615,184.04244900810377,0,9,0,0,24,0
75%,2022-10-28,14.480695431706131,19.07674665025232,9.106841428509224,13.267242720623994,210.97779022713786,1,0,5,0,24,0
75%,2022-10-29,13.474462934630568,18.74000254027541,6.7251804924328615,11.674384504679974,181.44630843191305,0,0,5,0,24,0
75%,2022-10-30,14.765068586550683,19.514986582664424,11.51470394786705,14.576789648686068,218.85323468609369,1,0,15,0,24,0
75%,2022-10-31,16.21794197503486,25.11560071743854,13.22873990649778,13.864280949374507,165.261319165376,0,4,4,0,24,0
75%,2022-11-01,30.184617467317878,35.043984539383096,26.97411955728324,29.64728182365618,213.688027256597,1,7,12,3,24,0
75%,2022-11-02,26.64643396615486,30.26388409628864,19.15954588511936,23.91021461542177,222.59837909573176,1,13,4,4,24,0
75%,2022-11-03,18.31881503165659,29.166559714232054,3.8257903303908667,14.080221048398277,214.09454221113134,1,9,0,0,24,0
75%,2022-11-04,13.397921016394221,16.974443082935576,6.083668828853072,12.694537970736258,319.9853846748673,1,0,4,0,24,0
75%,2022-11-05,19.916668179968646,27.74426843836955,15.306881857360045,18.520773309536942,233.37582196246592,1,10,11,9,24,1
75%,2022-11-06,24.558293238259925,28.374059014153335,20.56897357390846,23.41674064921168,210.46756533923406,1,23,4,4,24,0
75%,2022-11-07,24.0409525806315,27.41387946883433,21.682413432907968,23.426988570928362,219.5377786552785,1,24,13,13,24,1
75%,2022-11-08,26.023093693969585,28.38898396304411,23.665694406929408,25.475663811692307,198.68389600663662,0,21,6,6,24,1
75%,2022-11-09,22.597630043586662,27.53722072988684,19.568126876869105,21.753113984654277,236.98500051006695,0,23,10,10,24,1
75%,2022-11-10,23.502900434961234,26.21186588255519,19.49853392250202,23.243303900498546,229.4737676499176,1,24,12,12,24,1
75%,2022-11-11,21.047804535676928,25.9506835849998,13.602381207645635,20.967022774456005,210.5374199062772,1,15,17,14,24,1
75%,2022-11-12,11.458232504247391,13.809161788010382,9.111330930335885,10.7341074416362,176.80034435294988,0,0,3,0,24,0
75%,2022-11-13,10.723460019189291,13.108300129854285,8.923463204420525,10.650875202048244,128.71750362486785,0,0,0,0,24,0
75%,2022-11-14,11.886814863556607,13.74532514306187,10.384164335622259,10.944800387021628,152.9761256482817,0,0,0,0,24,0
75%,2022-11-15,21.77093129995568,26.633013237545796,15.286192114903962,20.728319205447832,178.41135915258496,0,16,2,1,24,0
75%,2022-11-16,21.215419929736587,31.99911382996895,15.879789243483252,18.1123705618073,170.5767553982347,0,15,0,0,24,0
75%,2022-11-17,25.89898813856963,33.44438016879829,16.394195100913848,19.478332196528733,194.40205398118667,0,10,9,6,24,0
75%,2022-11-18,11.907053505885512,22.749828434657235,4.4530080237650775,8.985052661633564,243.00901867663384,0,4,0,0,24,0
75%,2022-11-19,15.677957277986993,21.596246174208506,8.486599882222079,15.41243971880309,94.12872251872773,0,8,0,0,24,0
75%,2022-11-20,12.794373877837572,19.244360339411003,5.040602771332317,4.441952278290396,221.8460320126094,1,0,0,0,24,0
75%,2022-11-21,17.886884003103493,32.04794747901474,8.816386262824595,10.222653464205344,180.88271108008607,0,6,0,0,24,0
75%,2022-11-22,20.395767411049025,25.520904763714828,15.864986713723916,19.347249310023358,212.96441251841875,1,12,0,0,24,0
75%,2022-11-23,21.65006526309905,28.907404946940634,14.30839119629361,19.51342383812503,215.28111057336338,1,13,4,2,24,0
75%,2022-11-24,22.35535250520572,28.049365852063808,17.475706926964452,19.896712658227273,214.70921174358216,1,20,3,2,24,0
75%,2022-11-25,18.359364380782818,22.924410599575822,15.107713736216608,17.404916953231954,247.8711709303999,0,12,5,5,24,0
75%,2022-11-26,18.32574731473689,24.931540824887552,14.21613486529878,16.922046758334865,209.02159940792424,1,9,5,0,24,0
75%,2022-11-27,19.736055394771807,26.52347687094852,10.147914283819986,19.58029315498714,190.82320716368503,0,12,0,0,24,0
75%,2022-11-28,7.409491415431095,12.581736184006568,2.925994376029135,6.944061295779167,251.14168573187914,0,0,5,0,24,0
75%,2022-11-29,7.250139448741706,9.42070558082564,4.278488501311755,7.167810107150152,9.171421570558778,0,0,0,0,24,0
75%,2022-11-30,6.57498391673701,7.720154382697678,5.535840632198843,6.114302201348235,39.8543091344921,0,0,0,0,24,0
75%,2022-12-01,8.750318086305008,11.273794429647669,5.394119879657686,8.51993623800216,68.39208552905666,0,0,0,0,24,0
75%,2022-12-02,17.570346170583036,22.617487449322795,11.210058248601841,17.539669931981344,65.59980856210746,0,9,0,0,24,0
75%,2022-12-03,19.717913202227532,23.709998705148518,16.846313492446743,19.636565700651396,77.2325021302189,0,13,0,0,24,0
75%,2022-12-04,17.883645480949607,20.288856883197155,15.890220092080032,17.780570528003917,81.68517828021123,0,8,0,0,24,0
75%,2022-12-05,18.743853022032695,20.802448928069037,16.837458389673618,18.32376025799479,54.232080842256096,0,14,0,0,24,0
75%,2022-12-06,16.216344920342987,18.51728618719722,13.725106161096887,15.218245053279407,351.8157117383654,0,2,4,0,24,0
75%,2022-12-07,17.62791200546568,20.041546772173014,15.682786813740487,17.183349021117483,326.90896219066735,1,3,14,0,24,0
75%,2022-12-08,14.235780408400371,20.934675017388535,7.21710215847401,13.573192508997604,324.5116885121286,1,3,11,0,24,0
75%,2022-12-09,7.27783480556737,10.825467153831962,3.1312181466412294,6.634517396304973,316.7679096132517,1,0,1,0,24,0
75%,2022-12-10,7.429299355848073,11.140978846766089,3.702710449987336,7.363402114418163,274.7661189566476,0,0,0,0,24,0
75%,2022-12-11,7.078068100633396,12.40578999644082,2.265997927869755,6.580348863554725,176.50953538543524,0,0,0,0,24,0
75%,2022-12-12,11.795106686107353,13.654325766330587,10.492121043270696,11.74535468676242,176.0820524455503,0,0,0,0,24,0
75%,2022-12-13,10.577173218517142,13.246934735849917,9.000230721716875,10.1466480390434,138.92514863483086,0,0,0,0,24,0
75%,2022-12-14,10.600849374789723,14.275637567379126,7.439853137147522,7.727605090620027,18.88915994200545,0,0,0,0,24,0
75%,2022-12-15,15.746353696934547,20.140969131811552,11.040078060235142,12.266297758973264,326.20755730730525,1,4,3,0,24,0
75%,2022-12-16,9.298038566942795,16.722103290300215,2.3620326251036516,6.750593641667467,17.741775615183144,0,0,0,0,24,0
75%,2022-12-17,17.31627758158041,21.08807230101676,10.748059458624832,16.77676550053585,213.8014549607357,1,10,3,3,24,0
75%,2022-12-18,20.859639791663962,26.89747093322873,17.042089234491918,20.52194193079996,169.00903332249482,0,17,0,0,24,0
75%,2022-12-19,26.301352967870017,27.04965436120155,24.194653149908085,26.076185985597533,199.831328341562,0,24,0,0,24,0
75%,2022-12-20,19.446026012653526,26.59795294306866,11.554128086602496,18.186799341964964,217.3496296417563,1,11,0,0,24,0
75%,2022-12-21,17.262874010076214,21.63578838620443,10.93244518086191,17.103600510853457,220.80080961746225,1,5,20,5,24,0
75%,2022-12-22,10.763375035131764,15.685447294855727,6.260719984860504,9.264245351307851,251.34397150174215,0,0,2,0,24,0
75%,2022-12-23,9.20628566812904,23.760351144818863,1.7536238396381427,4.317377572366038,227.42243142526615,1,3,3,0,24,0
75%,2022-12-24,17.687198641327157,20.78186905739499,13.982597203653526,16.40058450383943,233.13686531235209,1,5,2,0,24,0
75%,2022-12-25,16.19494038736569,20.086329228000736,12.96613127651512,15.99166791115443,202.93591772902244,0,4,4,0,24,0
75%,2022-12-26,22.44547162182838,27.024787483310398,18.30728552633975,20.374523492933946,254.79006411355198,0,23,6,5,24,0
75%,2022-12-27,21.759877219832216,28.339534711646568,15.551583547571207,19.43176222536794,232.44497317318667,1,14,5,3,24,0
75%,2022-12-28,27.2854927669292,30.216990657118554,21.679539726982338,26.85046623286926,215.694955844601,1,17,16,12,24,0
75%,2022-12-29,26.456053793272584,30.132016701765163,22.404101037755858,26.050423780905106,234.4026391519556,1,20,7,5,24,0
75%,2022-12-30,26.352514197520303,32.623426675455235,20.391502564292832,24.156675062302632,205.19272499785004,1,16,10,9,24,1
75%,2022-12-31,26.22199145645587,31.869698147069464,19.530099040288977,26.122842758725415,219.09779254328177,1,19,24,19,24,1
75%,2023-01-01,21.214007706613348,29.366942439330376,4.551928407259701,20.87015725046068,218.3043724409439,1,13,16,13,24,1
75%,2023-01-02,12.11984099145535,16.96457074376363,2.7649361260413197,11.499796936678901,268.97503853897626,0,0,0,0,24,0
75%,2023-01-03,20.48149881077885,31.144435817200318,9.076363718528825,19.91566490962121,200.20270208210914,0,11,0,0,24,0
75%,2023-01-04,26.648988108504724,31.096915507401523,22.21553960649591,25.929558108925303,237.80285630810295,0,15,9,1,24,0
75%,2023-01-05,19.136716970639657,23.790083896944576,14.160765820647775,17.94896818340215,243.64805735932777,0,13,10,6,24,1
75%,2023-01-06,21.32545206418251,28.246350333793764,17.989047203738547,20.607972691338514,224.8142653501829,1,20,16,14,24,0
75%,2023-01-07,26.084446288937006,28.07107547966435,23.625231283971576,25.58908726310178,195.23362290680043,0,24,4,4,24,0
75%,2023-01-08,24.12362132835627,25.433711513499297,21.81513097410933,23.623797869754902,207.59438068849323,1,24,8,8,24,1
75%,2023-01-09,19.407405546303092,23.044375111188494,11.78251930962318,17.865861176401094,263.82710908033596,0,16,2,1,24,0
75%,2023-01-10,24.42640860628164,31.119510864860235,17.324014618694303,22.02389689243429,219.41174756117454,1,14,6,3,24,0
75%,2023-01-11,24.610743047611297,29.478784777675024,19.940939503374143,24.249377818155928,240.72586120574914,0,21,5,4,24,0
75%,2023-01-12,27.299639253545447,31.928241021220842,24.235346542438165,27.0201006638965,236.07584431071967,0,18,8,7,24,0
75%,2023-01-13,27.351975207889712,30.46230453352613,20.87002804260176,26.742954252704543,251.1084987935792,0,11,0,0,24,0
75%,2023-01-14,25.72141166499011,34.1697494632186,19.67114217625167,23.16676658816899,227.02358643064224,1,17,4,2,24,0
75%,2023-01-15,25.72657867616177,34.01198117449652,13.810161367479678,25.555445389209325,250.48604010163154,0,8,0,0,24,0
75%,2023-01-16,18.672880815989924,27.071710489174194,10.766009319208795,5.551106071237816,350.81995296901687,0,8,7,6,24,1
75%,2023-01-17,14.756592422164715,20.722969038547575,11.869975569041623,14.561425187251748,289.6213041250475,0,2,0,0,24,0
75%,2023-01-18,21.43012931208955,25.47392654814605,16.328230086149993,20.83173352416992,272.8602890212127,0,20,0,0,24,0
75%,2023-01-19,16.98834652331986,25.086950213853477,11.992377453175221,16.70642600497544,294.66507963853,0,7,1,1,24,0
75%,2023-01-20,16.991548365622467,21.65432716851703,13.356876789335793,9.21206351903545,340.9687000958398,0,2,2,0,24,0
75%,2023-01-21,8.10634441431645,12.64632392273912,5.0415359915220925,7.879179300254461,72.06843617976949,0,0,0,0,24,0
75%,2023-01-22,10.389381167634212,12.429641151404311,7.190380310449292,10.214172869864198,41.816710846983256,0,0,0,0,24,0
75%,2023-01-23,8.439425800280633,10.482369511146612,7.2075057797595665,8.284512169213265,79.08904594187447,0,0,0,0,24,0
75%,2023-01-24,5.7923809464680565,8.636293938988404,2.219261610125339,5.4849380162697345,89.93281705816304,0,0,0,0,24,0
75%,2023-01-25,10.43945306740076,16.269649208439102,3.498072826585646,7.801496890973344,255.4687130727081,0,0,5,0,24,0
75%,2023-01-26,19.392691447165515,23.064140200065673,16.429396803862524,19.328311938456665,10.322925000498913,0,11,0,0,24,0
75%,2023-01-27,14.513157870532302,19.338769529159247,8.505363658230566,14.273631134113671,43.5722671237491,0,1,0,0,24,0
75%,2023-01-28,6.681324969317559,8.889277930741708,3.1772905675862244,4.717776666492923,319.29743902952237,1,0,0,0,24,0
75%,2023-01-29,18.379765265046323,23.868363392959882,10.983331817489402,18.29656406568516,251.00723674138104,0,12,0,0,24,0
75%,2023-01-30,21.945832224339043,26.137017678384563,11.843744960893144,21.03020561121664,291.0073174248475,0,16,3,1,24,0
75%,2023-01-31,20.929216551816292,23.891566833415173,17.253037126189692,20.499681032225684,264.32142158895016,0,20,0,0,24,0
75%,2023-02-01,23.92311113648023,25.979268189053986,20.12013865775524,23.563401045678557,270.2486226914958,0,24,0,0,24,0
75%,2023-02-02,19.45403758996682,22.12522269529006,16.558833113403193,19.220985137493965,265.21723044066744,0,13,0,0,24,0
75%,2023-02-03,17.72236557242939,23.040068148473285,8.998084473575545,16.520020330052706,282.82639632155986,0,12,2,0,24,0
75%,2023-02-04,8.132141619999729,12.713699011127428,5.386441321658531,7.707283218591772,286.359611923732,0,0,2,0,24,0
75%,2023-02-05,17.61017841272176,24.982680719641507,10.29692196117451,15.97407296883959,348.564177907103,0,6,0,0,24,0
75%,2023-02-06,5.882661285698095,9.846230890494903,1.1530867831059575,0.18855561169031096,144.70260226700162,0,0,0,0,24,0
75%,2023-02-07,6.513268464417757,8.396449999897548,4.881350622091412,6.406625134241953,184.14562945263125,0,0,0,0,24,0
75%,2023-02-08,10.647659305510919,16.317816107740946,4.826388655266774,10.318778191454843,188.25018298339242,0,0,0,0,24,0
75%,2023-02-09,13.285196589640103,17.429367704912714,9.620105499005806,11.854873683588666,261.74327778905655,0,0,3,0,24,0
75%,2023-02-10,15.785607551330884,19.545392112234317,12.0542878364798,15.42920948623298,248.81650738009313,0,0,0,0,24,0
75%,2023-02-11,11.34094575529498,15.652983331037076,4.7561692886469,11.226104793807506,270.78554178778285,0,0,0,0,24,0
75%,2023-02-12,4.740450871725869,6.723471253023007,3.3205416479901775,3.742868722225694,203.80391531625818,0,0,0,0,24,0
75%,2023-02-13,7.56503384725066,8.586510239777374,6.703175288746192,7.426110544775822,143.7684011719889,0,0,0,0,24,0
75%,2023-02-14,7.12242329231719,9.06170333359438,5.2514645108782,6.877582123908641,186.78770368991314,0,0,0,0,24,0
75%,2023-02-15,12.99304954716598,17.32214589259747,6.586758836308274,11.872477727279268,199.92242249718686,0,0,9,0,24,0
75%,2023-02-16,17.362186562420103,20.783556825266785,12.789940570064795,17.045058701867486,226.4875476385049,1,4,9,3,24,0
75%,2023-02-17,19.182145814145624,24.97626102695936,8.13560924813152,18.744453613014162,248.7293750058545,0,15,0,0,24,0
75%,2023-02-18,19.165451910441444,24.132699557797395,11.72802597184526,18.941756911088813,251.58920844131956,0,10,1,0,24,0
75%,2023-02-19,14.312174035279872,20.27091869036095,7.999567572034483,11.63658108597592,276.5392314071829,0,7,7,1,24,0
75%,2023-02-20,19.15013468111461,22.15788503462155,15.062753349009277,19.101245273949566,247.05130035373287,0,14,0,0,24,0
75%,2023-02-21,10.983520671365179,15.6411229258292,8.714142857145449,9.880247180023517,232.90007598627648,1,0,3,0,24,0
75%,2023-02-22,9.041310529389028,12.469769742785276,5.342814610114547,6.6974347470131,206.50408046193874,1,0,0,0,24,0
75%,2023-02-23,11.839052996393855,18.20390583112816,7.048650852812606,10.852393012941693,359.79056619626806,0,0,3,0,24,0
75%,2023-02-24,19.477924078647703,23.490723664140983,11.621870653030609,16.46797155956118,317.34030335932454,1,10,4,1,24,0
75%,2023-02-25,20.778725837039104,24.600820019166374,15.82428302628514,20.16192726187049,10.87862641504563,0,15,0,0,24,0
75%,2023-02-26,18.252440347954714,20.495860964023773,15.222622767061617,18.011196934161088,44.810735624492565,0,9,0,0,24,0
75%,2023-02-27,14.367856149084828,17.457375528457735,12.48998637573085,14.32087242420201,54.16629622748309,0,0,0,0,24,0
75%,2023-02-28,11.894561807148508,16.03914100968825,8.262784749194031,11.432017788969231,49.695713749224126,0,0,0,0,24,0
75%,2023-03-01,11.289398116966924,15.761407275237593,8.58229838223977,10.992539550427157,58.338709018308975,0,0,0,0,24,0
75%,2023-03-02,16.243555332573234,18.308377692713655,14.948703995057423,15.857306709511208,51.98063794487416,0,0,0,0,24,0
75%,2023-03-03,14.282153313297757,17.053256711790734,10.565161797779213,13.8005953811398,19.229003348151366,0,0,0,0,24,0
75%,2023-03-04,14.461305729567279,16.460046873912095,12.80428882445409,14.374239645064927,347.7560795457697,0,0,0,0,24,0
75%,2023-03-05,11.078203422897417,13.403891259124237,7.200459204075948,10.93221574231881,321.1154136250808,1,0,16,0,24,0
75%,2023-03-06,15.449840191492607,21.05097628191671,7.093090056404782,13.02089590863789,268.18089423144863,0,4,1,1,24,0
75%,2023-03-07,14.256925220092773,17.7417829067686,8.8325696168965,14.111356330662232,305.59600421974864,1,0,12,0,24,0
75%,2023-03-08,13.692529645147602,19.577086529313938,1.3207559574819139,12.765080096537163,86.31792585308256,0,4,0,0,24,0
75%,2023-03-09,16.45903901397918,22.89390570081464,11.331331538210106,16.17194157035912,84.96683416387339,0,7,0,0,24,0
75%,2023-03-10,23.491039518003074,29.22517553801976,16.91484722466016,17.417921662122538,25.59356665833525,0,18,0,0,24,0
75%,2023-03-11,9.34727116341681,15.954612874471698,4.832066550981607,3.914766126341489,269.4617692955217,0,0,0,0,24,0
75%,2023-03-12,20.053671333418944,23.75885486237428,15.894256459026403,17.806464920187594,216.80780567167716,1,13,6,6,24,1
75%,2023-03-13,29.57891567802204,33.79553709242112,24.680654553870227,29.501148625627394,219.41255609046033,1,10,22,8,24,1
75%,2023-03-14,20.442378424706032,24.440840408302442,17.12895545110795,15.626484496914127,300.1026529757398,0,17,4,3,24,0
75%,2023-03-15,12.272786429795536,17.164871610217116,2.9234155118525957,6.630709812016454,225.23484425428475,1,0,3,0,24,0
75%,2023-03-16,20.352834127026583,22.510901507661707,17.906611728910388,20.294234668779417,183.04365285167768,0,22,0,0,24,0
75%,2023-03-17,11.840771565795897,18.374127532121438,6.334524724370385,11.671725128769877,202.93845191562409,0,1,3,0,24,0
75%,2023-03-18,12.717620199317544,14.369665952768937,10.812093188805274,12.123932879370283,193.19520319381445,0,0,6,0,24,0
75%,2023-03-19,9.6551314069415,13.931235951286494,6.073071720859365,7.89380041659559,258.0290746223407,0,0,5,0,24,0
75%,2023-03-20,15.793039039041126,17.77092533937737,13.524589584136224,15.762801320035557,227.89388713769176,1,0,18,0,24,0
75%,2023-03-21,19.545806230587694,23.09199863579464,16.04162522553493,19.442887355850054,211.49727108139646,1,15,13,8,24,1
75%,2023-03-22,24.517167650523515,27.402672656171973,22.409050665389014,24.492643917559626,209.52007093530057,1,24,14,14,24,1
75%,2023-03-23,23.05130557370177,27.94248771355377,19.52774339948094,22.66292458830409,213.8790832866825,1,24,17,17,24,1
75%,2023-03-24,22.789012220400565,24.83742687003251,19.353365496010188,22.547334892108914,226.01863294103677,1,24,18,18,24,1
75%,2023-03-25,19.743316665420707,25.41902274791522,4.937666843134242,18.87976118105174,248.36455223397434,0,15,4,4,24,0
75%,2023-03-26,15.038978215003716,19.737560793356657,0.9934429625888904,12.95397939574436,31.043202167157403,0,8,0,0,24,0
75%,2023-03-27,16.076319359628503,20.045547207873227,4.593026836207294,15.871700279257176,331.0744766853091,1,8,11,4,24,0
75%,2023-03-28,17.30076694892475,22.320663399395645,5.074625891346226,16.82647733909,193.4814731905098,0,12,0,0,24,0
75%,2023-03-29,15.784457822456105,19.642512984303185,11.6894387370408,15.329489725754328,209.494955005458,1,2,10,1,24,0
75%,2023-03-30,22.02115928268704,24.122933867725507,17.649386901027185,21.882510839573442,226.96658996852733,1,22,18,17,24,1
75%,2023-03-31,15.35687290138962,21.929057676991853,4.582108227691054,11.567515392391298,196.11519362648016,0,7,0,0,24,0
75%,2023-04-01,17.312278183387097,20.12329516310258,13.723920067784663,16.233621959919905,359.3623392244546,0,5,0,0,24,0
75%,2023-04-02,18.543454493710502,20.191994858989965,15.832897888020847,18.327244706457062,47.10413985514339,0,10,0,0,24,0
75%,2023-04-03,14.36304196702582,16.813736806884684,12.75314948611833,14.23836368649456,89.59603603138032,0,0,0,0,24,0
75%,2023-04-04,7.006747935989075,13.629473209177219,1.973487361173252,6.575661038086409,113.8691269656432,0,0,0,0,24,0
75%,2023-04-05,7.133466397619713,10.928257965200546,5.051719473794487,6.904747629174559,159.12386250694203,0,0,0,0,24,0
75%,2023-04-06,12.79502326218801,17.516729957068662,9.471558797844459,8.081249872766035,209.68006978191562,1,0,0,0,24,0
75%,2023-04-07,13.403080730034288,16.1909519830333,7.4069427245932085,13.169718046092589,329.7362260169943,1,0,13,0,24,0
75%,2023-04-08,6.700333589010906,9.717399564948765,3.6986128914958614,5.844708071491809,41.58809625022121,0,0,0,0,24,0
75%,2023-04-09,8.75617492005821,15.939960024421636,6.2791259005738835,8.415471554734358,126.12584377106941,0,0,0,0,24,0
75%,2023-04-10,21.064224179706176,26.563598727416064,16.655661383539314,18.237304906428815,199.28724546517282,0,20,0,0,24,0
75%,2023-04-11,20.75655459787175,27.813967881213685,17.025470239619715,17.470351295400143,228.84490611908413,1,14,1,0,24,0
75%,2023-04-12,20.486285098749583,28.676736568206643,13.43607072392027,19.372626264738376,209.08759071593394,1,12,0,0,24,0
75%,2023-04-13,20.605157454946898,25.170011202145492,14.536872739690125,19.866926651636454,242.04566779893344,0,12,10,1,24,0
75%,2023-04-14,11.920919624155408,14.89940498555416,8.72936355156038,7.582491302916707,148.39914119817797,0,0,5,0,24,0
75%,2023-04-15,13.388259017075947,15.865704345718735,10.601511395309881,12.032333078111808,31.66914878012716,0,0,0,0,24,0
75%,2023-04-16,9.722351129125832,14.252613745535243,5.868359035849944,9.38839219518356,4.807864617138762,0,0,0,0,24,0
75%,2023-04-17,10.652925330272277,14.139776554120399,5.750349687296033,10.556848193596414,35.92026751066197,0,0,0,0,24,0
75%,2023-04-18,18.216144105058273,20.959924910042226,15.16442027903631,18.09694462542007,62.60480759419215,0,9,0,0,24,0
75%,2023-04-19,19.629025753711975,21.764310620053255,16.8694749604191,19.241047909549557,66.56361600093908,0,18,0,0,24,0
75%,2023-04-20,18.176495694734328,20.41722779302503,16.116210423492642,17.804616939850707,51.846998963676185,0,8,0,0,24,0
75%,2023-04-21,10.890295685188649,16.277668303861542,8.389669235348842,9.698681969271977,81.92358008251881,0,0,0,0,24,0
75%,2023-04-22,9.247693731680432,13.314652785455353,4.819845481640513,9.103084626761802,191.69186923685436,0,0,0,0,24,0
75%,2023-04-23,12.130915381498397,18.273026954145923,3.2547703062408004,8.884191767432464,192.58639478582225,0,0,0,0,24,0
75%,2023-04-24,18.63460437786858,21.15705792495384,12.456808392536216,17.99336442638109,314.68483288750724,1,12,4,4,24,0
75%,2023-04-25,14.26736861314683,17.29280572173042,6.388229613335417,14.195809738095095,336.673904403479,0,0,0,0,24,0
75%,2023-04-26,4.367302921558583,7.716432461168946,0.11742749760459832,1.6201266533701781,308.5108490303602,1,0,0,0,24,0
75%,2023-04-27,12.045610653076933,18.23327685782456,7.207216288104744,11.23037602939162,132.28362052400922,0,0,0,0,24,0
75%,2023-04-28,12.782833012918735,18.474152732973327,5.763711215119318,1.9082907614826614,69.22122037972747,0,0,0,0,24,0
75%,2023-04-29,6.997082951304601,11.708019156484628,1.8885452696061413,5.6088912127108435,19.653643174198976,0,0,0,0,24,0
75%,2023-04-30,7.316793524535641,8.395265192984674,5.44985576007568,7.026806095142682,121.88674575283903,0,0,0,0,24,0
75%,2023-05-01,6.55059580089075,12.955276589582692,2.6522902854010577,3.715073021331193,297.0755915161435,0,0,0,0,24,0
75%,2023-05-02,9.746203420928202,14.254268770702364,6.4920053207593185,9.101090908179165,22.282335255939927,0,0,0,0,24,0
75%,2023-05-03,12.405713618266875,19.17915326497468,6.571375008212217,12.151375559002052,76.44939511149937,0,2,0,0,24,0
75%,2023-05-04,15.968625722916357,18.561701463950538,7.048405683935837,15.21926201333561,86.03350618258526,0,0,0,0,24,0
75%,2023-05-05,11.391207966287674,14.346222938978025,7.344760433478948,11.020223621691231,210.78999243642417,1,0,4,0,24,0
75%,2023-05-06,6.556857823841214,9.931159131146337,3.0632255305960556,5.384245192531798,172.63064938047285,0,0,0,0,24,0
75%,2023-05-07,5.664407170471495,10.232874993620971,1.9157040723568455,4.916827624582433,172.13795661369647,0,0,0,0,24,0
75%,2023-05-08,10.632506256718102,14.544302610006051,5.37753137525098,10.536563785133632,198.75663374664018,0,0,0,0,24,0
75%,2023-05-09,10.409444756751219,15.787544634816895,5.074560307520538,8.076678342399902,211.62998146667812,1,0,0,0,24,0
75%,2023-05-10,5.118551030970186,8.556762301247792,1.924847540771927,3.754901771614877,278.7447242169643,0,0,0,0,24,0
75%,2023-05-11,6.266126628005142,13.75121566453722,1.8059830205341565,5.160557676579271,58.23333651062865,0,0,0,0,24,0
75%,2023-05-12,17.88154010530617,20.636765716239417,14.479314367250932,17.80604518591065,20.52421791044594,0,2,0,0,24,0
75%,2023-05-13,16.21993175035913,17.2292332258464,12.926859006191352,16.177482250841162,7.408639921998827,0,0,0,0,24,0
75%,2023-05-14,8.312947597033114,13.967534254128589,1.8364104380244972,7.361918628957775,358.480116280382,0,0,1,0,24,0
75%,2023-05-15,14.941690297791942,21.920989627886758,4.384947719928556,13.339781022403352,333.31914114496436,1,6,2,0,24,0
75%,2023-05-16,11.943351409775886,15.16862178157298,8.746595688659205,11.708784615356686,319.6915564093267,1,0,6,0,24,0
75%,2023-05-17,8.205638847196033,10.53471841966818,5.661704560310727,6.85954096210298,19.12635745302987,0,0,3,0,24,0
75%,2023-05-18,7.278693850047695,11.756164624215208,4.637553102117696,6.961329436640453,75.96935178543993,0,0,0,0,24,0
75%,2023-05-19,11.73179934568624,16.58826539359313,8.018687148407592,11.200165746957852,48.48367337908479,0,0,0,0,24,0
75%,2023-05-20,16.251169401641672,17.840925727021872,14.84381672933486,16.185474699806775,43.61097559253915,0,0,0,0,24,0
75%,2023-05-21,14.36121639536045,15.340082449887632,11.860743119287129,14.075816942112029,16.71060274370359,0,0,0,0,24,0
75%,2023-05-22,14.359278697132451,19.201429556585886,10.070207105680083,14.299957883987286,346.1863398794463,0,1,0,0,24,0
75%,2023-05-23,15.263452374992937,21.727751947692802,4.684626125666498,15.198611828531202,356.62095831027875,0,6,0,0,24,0
75%,2023-05-24,4.892941063763763,7.404051276684271,2.0357090127165263,3.1928209110727583,353.7773200511845,0,0,0,0,24,0
75%,2023-05-25,12.975081362986584,17.369715850785205,7.5739044520071825,12.907621593867631,39.717893035896395,0,0,0,0,24,0
75%,2023-05-26,15.230364027954172,17.439699630737607,12.687866890916185,15.124770685619154,52.42216570577307,0,0,0,0,24,0
75%,2023-05-27,11.486414223831138,14.359556462069314,9.660781014610809,10.786775749090047,58.37505731338183,0,0,0,0,24,0
75%,2023-05-28,15.082217169384686,20.540360268068643,10.136002598185021,15.069607387359083,35.63886258395803,0,7,0,0,24,0
75%,2023-05-29,18.12759005218244,19.846113294567544,16.97930868822358,18.09970657074039,37.50976491099402,0,4,0,0,24,0
75%,2023-05-30,16.143858209987894,18.794423728804194,13.467582975853366,16.033969475724334,34.088589516352954,0,1,0,0,24,0
75%,2023-05-31,15.72662598091221,19.03075150357605,12.17224783136351,15.492559606041779,41.14776810771963,0,2,0,0,24,0
75%,2023-06-01,15.809306209013386,18.821111755986472,12.797917687673808,15.546644114757228,21.135195964926538,0,3,0,0,24,0
75%,2023-06-02,15.69893199095248,17.446734302114795,13.816605540794612,15.636208989013177,25.450052780593467,0,0,0,0,24,0
75%,2023-06-03,13.382121938994812,16.28523220757545,11.25872145897039,13.326010232516527,42.64545510995504,0,0,0,0,24,0
75%,2023-06-04,14.469894670650367,16.87433508518432,13.011576319753974,14.394082926480008,37.04540622923889,0,0,0,0,24,0
75%,2023-06-05,13.551263704411616,15.94730481274514,11.154472949536862,13.455278810124533,29.372933126916507,0,0,0,0,24,0
75%,2023-06-06,15.078400176657334,16.167554290403142,13.759247321106612,15.03588694505558,35.430271433842336,0,0,0,0,24,0
75%,2023-06-07,14.528869655088272,17.049787920926462,12.751250378673566,14.487829030785736,38.252538093076566,0,0,0,0,24,0
75%,2023-06-08,16.264365909904033,18.902864658881153,14.714432501060514,16.227800096510713,44.45150944422062,0,1,0,0,24,0
75%,2023-06-09,16.5773081320849,19.032249754390506,14.037584736642673,16.358314329002518,57.98763740027874,0,3,0,0,24,0
75%,2023-06-10,16.240617600315364,17.489820936999642,14.862559192392691,15.901595382776705,81.58965874588552,0,0,0,0,24,0
75%,2023-06-11,11.068786066129126,14.718702194306374,9.20888084338345,10.514798333311976,88.71436154611462,0,0,0,0,24,0
75%,2023-06-12,12.682319166564431,14.852241769741783,9.390736225416523,10.816649468510725,84.50328482396247,0,0,0,0,24,0
75%,2023-06-13,15.374393117553396,17.812483903285045,12.080264219951177,14.651316308121972,64.43715968340234,0,0,0,0,24,0
75%,2023-06-14,14.041862041680771,16.242346245535835,12.1685227779489,13.960818745968352,61.97262914168289,0,0,0,0,24,0
75%,2023-06-15,10.19433580145752,14.161949188679872,7.945414193135439,9.405334575020118,56.428239074985925,0,0,0,0,24,0
75%,2023-06-16,7.650197305599943,9.118904830357318,4.806878870871235,7.546507653813046,33.012670537327665,0,0,0,0,24,0
75%,2023-06-17,6.6044137988718115,11.581782065692268,2.7562783461217775,6.160828084876254,58.858549945199,0,0,0,0,24,0
75%,2023-06-18,12.055480276757669,13.454403479150939,9.918729304658187,11.54222176309386,120.60599934259199,0,0,0,0,24,0
75%,2023-06-19,11.453610677621795,18.08997694650421,6.157276582549274,9.33053195076262,207.28889572080723,1,0,2,0,24,0
75%,2023-06-20,11.797256356933632,16.323060223982438,8.8635109169239,8.6105619171344,153.13092625762692,0,0,1,0,24,0
75%,2023-06-21,10.282095927783796,14.34932377376936,6.059652391043107,9.857502804470455,222.6220974951748,1,0,5,0,24,0
75%,2023-06-22,7.674016152714075,12.45996790966122,3.8137551587900234,4.659648675425106,32.03871898892487,0,0,0,0,24,0
75%,2023-06-23,6.592703782804638,9.92086205702752,1.8948604869888694,3.3713206933718576,230.91464319333696,1,0,3,0,24,0
75%,2023-06-24,6.740614636904275,9.417860554342942,3.8406271518378103,5.8985085319449775,218.26472651094625,1,0,0,0,24,0
75%,2023-06-25,9.816746837216733,15.546991402107295,7.23341599504293,8.224466695680139,161.03482599191716,0,0,0,0,24,0
75%,2023-06-26,11.355677081075697,16.80949654211807,6.3503235971004015,10.66968995388507,270.4257975301034,0,0,0,0,24,0
75%,2023-06-27,9.195882569013058,11.03032123377129,7.367543355801105,7.402365074241604,251.72916274718523,0,0,0,0,24,0
75%,2023-06-28,10.736620805813752,12.055132490089244,8.915644468546242,10.487942270282971,218.23427450999424,1,0,3,0,24,0
75%,2023-06-29,9.289651905865894,14.081896549260138,4.2616760878425834,6.848466032956525,297.33441511680246,0,0,4,0,24,0
75%,2023-06-30,14.04455019837625,20.995414265259985,7.563680820810729,13.813081743042067,221.0460430137834,1,7,12,7,24,1
75%,2023-07-01,14.64893467156766,19.669599835904634,11.140440895287552,13.676402823008996,257.29582784087154,0,1,3,1,24,0
75%,2023-07-02,16.647599884345638,20.064500871258932,13.608931479152359,16.147311143008828,261.24486618399635,0,6,0,0,24,0
75%,2023-07-03,19.099837737853125,23.286704247236774,17.21046465574576,18.486175879837514,251.5043742754676,0,6,1,1,24,0
75%,2023-07-04,14.878871863032886,20.786423707860255,6.62843052583522,9.339178312068082,233.4603282666389,1,0,0,0,24,0
75%,2023-07-05,17.90631575420769,34.56401618348436,8.419442544181122,14.36239161907725,266.87360424313255,0,2,2,0,24,0
75%,2023-07-06,11.917320896330715,13.756604444856968,10.136283446654517,10.56908087223873,219.02738409186585,1,0,0,0,24,0
75%,2023-07-07,12.233257176309513,17.846946864392354,8.299219673353031,10.537690413207443,126.41231688167807,0,0,0,0,24,0
75%,2023-07-08,9.562692151642093,18.08407224053895,3.1080860088460605,8.807120368751988,103.46342876464325,0,0,0,0,24,0
75%,2023-07-09,6.118096643133985,9.904371337980795,3.163294132805822,5.404696924756063,241.3913659794111,0,0,0,0,24,0
75%,2023-07-10,12.153143995715597,14.169143486820703,9.853402283583446,11.080785950274048,213.8630568844157,1,0,2,0,24,0
75%,2023-07-11,16.679723623871176,19.898669080201067,12.052865518579742,15.783794180198626,210.78121476286444,1,5,12,4,24,0
75%,2023-07-12,15.610161524761487,18.388929549764576,12.438178497120997,15.151523004039742,238.98344857375162,0,0,5,0,24,0
75%,2023-07-13,13.44185458204268,17.089497949802098,10.972523062317117,12.905475069444364,240.83897756415394,0,0,5,0,24,0
75%,2023-07-14,12.933340791791757,18.524196275450052,10.027913719015139,8.79129137242669,169.71839859887768,0,0,4,0,24,0
75%,2023-07-15,22.235582466850275,29.473371513223753,17.176790147440318,22.006833979993463,208.6492916413251,1,17,13,12,24,1
75%,2023-07-16,24.25881863412074,30.359927147544624,19.654489174852706,24.189277883566664,221.966482631748,1,18,23,17,24,1
75%,2023-07-17,15.183504197977882,20.361737423495217,7.925345144793853,15.051228683829672,240.01111520207397,0,4,3,0,24,0
75%,2023-07-18,4.880885640156937,8.044947354271638,0.8408212951440692,4.218133083653445,220.38338555150384,1,0,0,0,24,0
75%,2023-07-19,4.68759944518812,10.27541607494387,2.14137672075133,3.7921012858901784,320.1077278532985,1,0,0,0,24,0
75%,2023-07-20,4.939303500535116,9.339913438745965,0.8452226382298412,2.970894910631252,287.7449304113758,0,0,0,0,24,0
75%,2023-07-21,9.486711199977124,13.674900094923409,3.3199095979766797,9.182036104894289,279.109826248708,0,0,0,0,24,0
75%,2023-07-22,16.939324055739693,23.597123739015764,9.756925262708227,16.291208686627783,225.06515084162513,1,8,12,7,24,0
75%,2023-07-23,21.285567487602588,26.35175444447228,14.302853642364045,21.048208248608812,220.00447429310728,1,16,18,12,24,1
75%,2023-07-24,13.789999629921958,18.446049326210847,9.590355604939399,10.253569555750273,319.3535490789554,1,0,0,0,24,0
75%,2023-07-25,10.742289317237073,12.253351751292499,8.622852745947796,9.271836103565688,304.77312322742705,0,0,2,0,24,0
75%,2023-07-26,13.18926556858279,17.335606474376675,9.547184480342361,11.044819365726799,249.64445230771378,0,0,2,0,24,0
75%,2023-07-27,16.20483559833045,18.72590730430324,12.876788845857195,15.143799164574736,231.02275627898734,1,2,0,0,24,0
75%,2023-07-28,11.313441512516334,15.962020520179147,8.02552978934511,10.657357740457126,228.76407199908843,1,0,5,0,24,0
75%,2023-07-29,15.305036472872402,16.857187731959698,13.341136120832836,15.157506551709742,231.07781955152515,1,0,10,0,24,0
75%,2023-07-30,19.63570037448613,22.293820389183196,17.109111896149034,19.45025598803026,246.00260566059254,0,14,3,3,24,0
75%,2023-07-31,19.384925654577803,23.10246330326021,14.559033731032288,19.16286822950197,242.39648539678342,0,10,1,0,24,0
75%,2023-08-01,17.22069121914866,22.214347022076378,7.937263366984837,16.266715849205184,263.4295962220018,0,8,0,0,24,0
75%,2023-08-02,19.417718008017655,24.643959315880597,13.093611112968963,16.272176741765584,208.63794802474428,1,12,10,7,24,1
75%,2023-08-03,19.290848889355175,24.48987965865083,13.947892999975696,18.866009892992437,318.86982276702827,1,7,18,6,24,0
75%,2023-08-04,12.05091559774799,17.05044628137441,0.7619426877932989,11.855216451766003,327.972083903718,1,0,13,0,24,0
75%,2023-08-05,12.673811798546154,17.053749045167812,2.8028690604017465,8.363508394963768,166.75705564285408,0,0,1,0,24,0
75%,2023-08-06,22.904852846024927,27.99460995145588,13.713677697154305,22.542451738611735,324.1599727307,1,11,19,11,24,1
75%,2023-08-07,16.993005558519055,25.82938225851154,10.425103154801555,16.122143319927424,301.4736302743191,0,6,8,6,24,1
75%,2023-08-08,15.792738865958869,18.67106705280526,9.149334147856928,15.46635065263004,278.5933569050424,0,0,0,0,24,0
75%,2023-08-09,9.576209668996421,13.304883284405769,5.053581747088589,8.552390793602328,286.2248315625021,0,0,0,0,24,0
75%,2023-08-10,10.023580888395974,13.46462779055878,6.434140361197283,8.984468883747963,193.8411544209094,0,0,6,0,24,0
75%,2023-08-11,14.556943262065538,17.277274848599973,12.359057977147785,13.925432054060613,206.167751299517,1,0,8,0,24,0
75%,2023-08-12,16.248081382991288,21.014436727668095,11.495711320496431,16.040101042404455,222.22784068940186,1,8,16,8,24,1
75%,2023-08-13,17.18976565625658,18.884373397040566,14.127019073482327,17.05745576037367,217.08333310167112,1,1,17,1,24,0
75%,2023-08-14,13.562376591098763,15.09277949299065,11.9132551718527,12.888474010563503,195.5594243530724,0,0,6,0,24,0
75%,2023-08-15,9.62224890316295,12.622734985149508,3.894791889199301,9.293412966096005,237.13757546638158,0,0,0,0,24,0
75%,2023-08-16,8.287827894755317,15.723580716362003,2.8161059069654915,6.100865102803334,84.24609380162406,0,0,0,0,24,0
75%,2023-08-17,15.466393599441787,16.28338308156491,14.138423435834607,15.422026043929845,59.24574780476257,0,0,0,0,24,0
75%,2023-08-18,12.064373679768707,15.5252993078847,8.388151725549687,11.7974291902669,90.08741517133166,0,0,0,0,24,0
75%,2023-08-19,15.672928747207413,17.932009739129718,11.777506869725594,13.43991708122975,208.1932546117581,1,0,8,0,24,0
75%,2023-08-20,9.829766606560563,13.393577762889109,8.36404023578877,9.5543542641207,224.3316572764903,1,0,5,0,24,0
75%,2023-08-21,9.26210976529447,11.86788547349625,7.349877804144714,8.593709456065795,227.22842392665166,1,0,0,0,24,0
75%,2023-08-22,11.490371313234647,13.201111405794705,9.414008719239817,11.094971862239941,228.53680576896167,1,0,4,0,24,0
75%,2023-08-23,5.770092949986124,9.554277204921151,1.2522430460581553,2.611046505775267,267.83691050776133,0,0,0,0,24,0
75%,2023-08-24,11.363184630761713,13.4297163464555,8.628914102192642,7.163804344111644,165.71104031142931,0,0,1,0,24,0
75%,2023-08-25,8.229947649997078,12.39684196921726,2.5251472550239247,5.11106504309255,311.60065028437873,1,0,0,0,24,0
75%,2023-08-26,12.350845004967313,13.865267322325447,10.224842047719202,12.145305287206261,228.7685646384124,1,0,5,0,24,0
75%,2023-08-27,12.896119001765049,15.603164729802584,10.294584589754548,12.203264304694605,272.47468348203756,0,0,0,0,24,0
75%,2023-08-28,7.320589981322413,13.126461355334026,2.517117555385294,7.126406667750484,322.0981028245199,1,0,10,0,24,0
75%,2023-08-29,8.979822168691438,13.294548631117715,4.286778247791364,8.559197155903542,253.9056317407156,0,0,0,0,24,0
75%,2023-08-30,13.563755830023608,16.421156707721376,9.889325746085605,13.094307522595276,290.1264075732097,0,0,0,0,24,0
75%,2023-08-31,10.000752717010132,16.565535484053626,3.570637218047025,7.302474489215872,277.68884887102047,0,0,0,0,24,0
75%,2023-09-01,8.294892433715175,10.67487119028007,5.098708187042303,7.35481670685642,123.36042760922896,0,0,0,0,24,0
75%,2023-09-02,9.196003348029466,10.904874271839015,6.426754117951913,9.080932300290822,58.64928821036233,0,0,0,0,24,0
75%,2023-09-03,4.399963301813758,7.286705460605631,0.9080927252250361,3.8736860167297946,121.70250095042695,0,0,0,0,24,0
75%,2023-09-04,9.747200525580263,13.062283913239987,7.6036814319001245,8.920048351382555,103.30190840870699,0,0,0,0,24,0
75%,2023-09-05,9.508603863664431,12.250996132559862,6.142435450186104,9.343493848811457,87.6607496285252,0,0,0,0,24,0
75%,2023-09-06,4.784759905038752,8.777366142855437,1.5290534407289904,4.131120753707038,103.02048633035423,0,0,0,0,24,0
75%,2023-09-07,9.373451041116697,11.403056747743868,7.058890460927159,9.253027844452772,107.26882404770288,0,0,0,0,24,0
75%,2023-09-08,3.152622348578747,6.95197221787081,0.9836013411979432,2.5304041083869566,202.17897909553673,0,0,0,0,24,0
75%,2023-09-09,4.991545545383447,6.982563451264188,2.5724390629199982,3.4944791891146005,169.70063606441045,0,0,0,0,24,0
75%,2023-09-10,8.45562764557463,10.77922723785044,6.44185755550937,7.588973797871307,144.9968655152561,0,0,0,0,24,0
75%,2023-09-11,10.247006511970959,12.100207809466694,7.61628236223993,9.552330659371725,230.14658778376244,1,0,3,0,24,0
75%,2023-09-12,4.181592887311684,8.448280165828933,0.8144460713880658,1.724633934495075,333.1531332644224,1,0,0,0,24,0
75%,2023-09-13,12.880300319503904,26.083086291462756,4.207219048683026,11.700683000300502,26.565313700993045,0,3,0,0,24,0
75%,2023-09-14,8.920067708793875,11.202580913599354,5.0085622936318215,8.519904220471311,179.90581854346635,0,0,0,0,24,0
75%,2023-09-15,11.12870126078124,12.008404266065925,9.814429986370646,10.447974946151144,135.83915646634142,0,0,0,0,24,0
75%,2023-09-16,9.32713004090544,16.194365543495643,5.418582852581109,7.945542329036444,69.72669447850166,0,0,0,0,24,0
75%,2023-09-17,12.009826834681887,15.442564046717727,7.09330527282689,10.684324248513965,90.2710636126796,0,0,0,0,24,0
75%,2023-09-18,20.55568942177802,25.71684067539184,11.804509369662894,16.793349598748673,223.80998971616603,1,16,4,2,24,0
75%,2023-09-19,28.3168278582647,33.880991478632936,24.817224384834773,27.64659298527255,230.8037229357163,1,11,16,3,24,0
75%,2023-09-20,26.3267692817938,28.49624144123792,24.04769014078607,26.09116983856449,202.32276243418923,0,22,6,6,24,1
75%,2023-09-21,10.19324129764197,28.634249039342443,4.700180751942201,9.286501030027132,228.3966831711712,1,1,0,0,24,0
75%,2023-09-22,10.063006367397175,13.366160180513466,6.891951106543591,9.33549550955973,251.91729110259226,0,0,0,0,24,0
75%,2023-09-23,12.201053986175394,16.221339786373694,5.754486269241551,11.286124212159802,280.2672397385457,0,0,1,0,24,0
75%,2023-09-24,21.282063636685017,23.436185008521583,15.610983577107199,20.49860384957764,191.97904181949627,0,20,5,2,24,0
75%,2023-09-25,15.514562922656063,23.765597963853722,9.766139050147956,15.41883062538249,200.26545614904424,0,7,0,0,24,0
75%,2023-09-26,14.122386934988702,16.505206026324196,10.19824621540807,13.25619272519587,189.8182067652713,0,0,2,0,24,0
75%,2023-09-27,12.700795857555676,22.58850685155422,3.7899576107444317,10.347148980033133,177.06849555623762,0,5,0,0,24,0
75%,2023-09-28,19.042845885597163,24.37396078249127,15.040078139960238,18.46227639077355,223.1607817870237,1,10,8,3,24,0
75%,2023-09-29,16.067649543958048,19.90853191725926,11.29448322958915,11.592607319506415,258.8670667534685,0,3,2,0,24,0
75%,2023-09-30,9.867266737324305,15.410283075059766,5.580050870397898,8.626478767825702,235.14043779060313,0,0,1,0,24,0
75%,2023-10-01,15.929414049403322,18.991550892636944,11.944295565525305,15.870969248029297,218.12744670793646,1,5,22,5,24,0
75%,2023-10-02,8.79890702004597,16.730138238103,3.0525659270438164,5.674328209096735,200.82068092903626,0,0,3,0,24,0
75%,2023-10-03,20.90608388284301,24.787152487273268,16.25655427519241,18.660320891054784,277.55009653178627,0,18,1,1,24,0
75%,2023-10-04,20.05277306561972,23.219355094158008,17.067111155380022,19.75277229489672,256.6790975810791,0,16,0,0,24,0
75%,2023-10-05,18.34801883980273,23.27777158621842,13.125362825779803,17.24885440507556,248.51678597291163,0,11,8,5,24,0
75%,2023-10-06,21.989019867268784,23.945928941672932,19.864573489846904,21.851567819640007,237.26385804342902,0,24,8,8,24,1
75%,2023-10-07,18.250636672138132,20.725602740696814,10.399123831521717,17.661593273592754,254.88616406663203,0,9,0,0,24,0
75%,2023-10-08,9.892457802134986,14.748151574545258,5.884624085957341,3.277507941555193,147.00778188977893,0,0,2,0,24,0
75%,2023-10-09,10.12802129742859,15.39410467483751,3.0180370986631724,8.969833452857426,277.76771415627763,0,0,0,0,24,0
75%,2023-10-10,15.71596114128259,21.263458907894922,9.793067283719486,15.229113458156085,222.754546988103,1,9,7,4,24,0
75%,2023-10-11,19.573644369524935,23.011088333254207,11.040933555200992,18.37133354973745,243.46234568948375,0,16,4,3,24,0
75%,2023-10-12,7.120735209320718,17.028953093910296,1.964127008909962,1.9390227434167076,101.16563584751111,0,0,3,0,24,0
75%,2023-10-13,24.88520748980332,31.534281286668747,17.649880968015143,21.067591400836648,231.6574066388078,1,13,17,7,24,0
75%,2023-10-14,22.247796716017678,24.6855129775953,19.533474292728545,22.14446626216088,296.0872848432632,0,24,0,0,24,0
75%,2023-10-15,19.505115396156135,24.642356549591582,11.663446564431617,19.284705836804157,321.48470580118413,1,15,19,12,24,1
75%,2023-10-16,9.566622701941288,14.284948341831248,5.018544057997004,4.869038865448648,52.380939978682136,0,0,3,0,24,0
75%,2023-10-17,18.794343317326888,22.561836713552545,14.566669184259542,18.72588294549284,103.37331443357618,0,9,0,0,24,0
75%,2023-10-18,24.447862521147574,28.356462335592816,21.98341658494575,24.277592998686423,110.84067756062751,0,23,0,0,24,0
75%,2023-10-19,18.41308697603365,23.56225893052881,14.498358610326633,15.882001052622782,166.7202702030612,0,9,0,0,24,0
75%,2023-10-20,20.78964289095735,27.091219554942377,11.933732542693129,12.901854683689676,112.9367317971392,0,14,3,1,24,0
75%,2023-10-21,21.950028174297316,27.306980862416534,11.03368373990729,21.568532391578643,192.54282530569688,0,18,0,0,24,0
75%,2023-10-22,14.767290217975367,21.616786695031536,8.205228910400882,14.471580603333859,260.5076629050355,0,2,0,0,24,0
75%,2023-10-23,13.120584821264638,21.451606752691497,5.6291764121725505,10.950708846625808,117.67223738096459,0,4,1,0,24,0
75%,2023-10-24,15.407085888936052,21.001200203877858,2.248261768739869,12.508941207655319,245.62356949011632,0,8,0,0,24,0
75%,2023-10-25,6.80388157525839,14.75929964412885,3.1843230851081405,1.111460199925619,160.82519098631133,0,0,0,0,24,0
75%,2023-10-26,13.627774942797712,20.372771317950154,4.482598434811797,13.098322850469788,147.15485258565013,0,0,0,0,24,0
75%,2023-10-27,9.069436277282946,13.257653371907189,5.559341458297508,7.194830187049052,201.68445412055485,0,0,4,0,24,0
75%,2023-10-28,18.926997050554775,24.297438414967896,13.34808906286205,17.172823711897294,189.58516239333102,0,9,5,1,24,0
75%,2023-10-29,25.630439313770378,30.12165259176469,20.43472241937072,24.779431087675555,221.5167762701036,1,18,12,11,24,1
75%,2023-10-30,15.69047171820567,25.917856735208794,6.599566240219588,14.574427395942863,223.398519786737,1,11,17,11,24,1
75%,2023-10-31,8.968169272625866,12.939047761877086,3.5742795697433056,7.252779613196213,256.4178450996578,0,0,3,0,24,0
75%,2023-11-01,22.840248944574995,26.82739888549041,12.186217487868754,22.360359060810943,203.06767923311298,0,18,6,4,24,0
75%,2023-11-02,31.312754455523024,38.41090940181349,26.49380009753494,24.92822338902542,188.37370369434822,0,4,0,0,24,0
75%,2023-11-03,26.654469744316273,29.789264951764306,17.26318589769378,25.9819870224052,243.39877454128606,0,9,3,1,24,0
75%,2023-11-04,21.932035903506588,28.73537982487531,15.158291413505468,19.11640555285792,197.0065864424912,0,18,4,3,24,0
75%,2023-11-05,20.403153368621698,28.215687962686296,10.504091551601924,17.804890106694497,260.58656466330893,0,14,0,0,24,0
75%,2023-11-06,21.26714460368277,22.394737801972344,19.599594594010274,21.212929070435123,248.00905615068282,0,24,0,0,24,0
75%,2023-11-07,20.215716023567243,22.23391444419332,17.857961802628047,20.044050733196258,252.41956475729734,0,19,0,0,24,0
75%,2023-11-08,21.45802477707926,32.73727496096027,8.846456979840617,19.03251491189355,226.79174878059393,1,10,2,2,24,0
75%,2023-11-09,18.28008414059253,22.527891982650466,9.428000582510183,17.020793636712067,232.88600058886124,1,14,9,8,24,0
75%,2023-11-10,17.239885494223635,22.738826057844772,8.028978943500451,14.077726733342478,281.2582741638256,0,11,6,3,24,0
75%,2023-11-11,15.626116245594012,20.748182555759158,6.3782803999037005,15.43876337352864,303.59549329627976,0,6,7,0,24,0
75%,2023-11-12,8.076776988352753,17.357126605618152,1.0975970765440632,6.668197833620145,187.9266377825318,0,0,1,0,24,0
75%,2023-11-13,24.722614382310226,31.791717430837945,13.947893581524585,21.10959589390591,220.47959843612145,1,6,0,0,24,0
75%,2023-11-14,23.20557760465066,32.48734084793054,16.04970459871807,22.231464014325407,264.5285829578188,0,9,0,0,24,0
75%,2023-11-15,23.1222187249805,25.98297160235786,19.571420380287254,22.88171203567834,272.3442953562335,0,24,0,0,24,0
75%,2023-11-16,10.32833930802659,17.73800251155442,2.200136628036446,6.088659407756017,73.74241943629704,0,0,1,0,24,0
75%,2023-11-17,6.9614312686282105,9.471775146531073,3.932974663948071,6.447468850368473,250.14735170079882,0,0,0,0,24,0
75%,2023-11-18,21.470160048525887,27.418600202147765,11.976056416318226,19.221430626757677,202.6365187194762,0,19,1,0,24,0
75%,2023-11-19,25.04050170444482,26.653461605640178,22.715857571933256,24.895513877414274,242.84685072402834,0,24,0,0,24,0
75%,2023-11-20,16.27937180816274,23.97865625804946,10.238059698404607,14.875913870395031,274.87324709728443,0,9,2,0,24,0
75%,2023-11-21,16.319397442404494,19.613803712947867,11.044011169256551,15.699792901928621,23.092000932089206,0,0,0,0,24,0
75%,2023-11-22,13.896906423740935,21.307028049392624,2.6730305464019706,11.373542051483286,257.104259960149,0,11,0,0,24,0
75%,2023-11-23,24.419895783520122,27.417888984399294,21.650821107431906,23.35055514755163,279.082865826478,0,23,3,3,24,0
75%,2023-11-24,30.861551744860492,35.83871089115582,26.338690070875042,30.338764867439046,329.17741019471873,1,7,18,6,24,1
75%,2023-11-25,24.936396067460777,29.80179503292341,15.771890364126541,24.671720556558732,338.03094066135066,0,17,6,2,24,0
75%,2023-11-26,13.538898576056129,16.29069461041348,11.75001520976369,11.120125921165203,284.21373985214774,0,0,0,0,24,0
75%,2023-11-27,12.715094710692236,24.165043445897524,0.9260474347216787,8.602064711389776,41.16557148795886,0,6,0,0,24,0
75%,2023-11-28,16.98564381229607,24.680261470825076,3.454935486835843,8.655098515226404,338.53626320023704,0,12,0,0,24,0
75%,2023-11-29,13.491765634527475,26.664363300999604,4.967548403352293,12.17614259182241,321.23228318057227,1,6,4,1,24,0
75%,2023-11-30,10.215179427908316,12.787469222737132,4.326586700130451,9.439627123819752,40.11788132811438,0,0,0,0,24,0
75%,2023-12-01,10.243493193011753,14.08649694767358,2.185011777473425,9.87206743622539,79.99321560879451,0,0,0,0,24,0
75%,2023-12-02,7.5236782600992385,10.68603093291061,2.804182713291684,5.763626780153032,323.7745391122189,1,0,0,0,24,0
75%,2023-12-03,19.44230393370272,23.840462306292363,9.496601502849527,18.766721998808904,184.5084995071615,0,16,0,0,24,0
75%,2023-12-04,21.45074926732752,23.949441815079883,17.92815105011364,18.946545776357983,144.49851818076036,0,20,0,0,24,0
75%,2023-12-05,18.62694990690714,20.836655246462357,16.93034155885976,17.42489111649079,34.40512075925926,0,7,0,0,24,0
75%,2023-12-06,11.333753877062483,17.463436591102614,1.324171304416872,10.734725324555326,343.4485713164582,0,0,4,0,24,0
75%,2023-12-07,18.9760751545805,25.52074683253188,5.492059583591663,18.555680578091312,153.91445580919708,0,12,0,0,24,0
75%,2023-12-08,16.641885265675278,23.117702184838333,9.61473661744283,14.64903365879983,207.3648485780178,1,9,12,5,24,0
75%,2023-12-09,24.231291847020405,31.046953298372877,19.425288460682566,19.689743697381214,211.7007442952803,1,20,4,4,24,0
75%,2023-12-10,25.32645801567357,32.832375935958034,18.08599248327138,23.449533082437075,248.11333920835511,0,10,0,0,24,0
75%,2023-12-11,21.163046320435146,29.342343879720477,10.949507699021122,19.75807253888436,268.3842833592069,0,7,0,0,24,0
75%,2023-12-12,13.272265859817841,17.79685406555787,5.446092457262408,11.783846479433565,198.1130100825428,0,0,4,0,24,0
75%,2023-12-13,11.71109563132534,20.991709384696012,2.533492006622955,8.33995348075249,19.299417915584627,0,2,0,0,24,0
75%,2023-12-14,12.670405430768069,16.835959681896846,8.612899479012162,8.494198663473126,304.6601875693553,0,0,0,0,24,0
75%,2023-12-15,15.123028464506335,17.65215284695207,12.527409027407543,14.550380343752616,271.0443606806124,0,0,0,0,24,0
75%,2023-12-16,18.421234615578012,20.48632393555604,17.112256308047048,18.329353010690852,246.59162918954388,0,3,0,0,24,0
75%,2023-12-17,21.14424723371727,23.425123299661024,18.032331954277076,20.97378719291903,231.39771473299132,1,19,11,11,24,1
75%,2023-12-18,21.23468642554203,24.055358617572452,18.62685775466981,21.173218497380965,232.24291453890578,1,17,11,11,24,1
75%,2023-12-19,17.469325181310964,22.70531204808102,11.847028785253086,15.565086736312105,270.43912723165715,0,10,1,0,24,0
75%,2023-12-20,24.859022815491105,27.055004154035498,23.17385421457487,24.716059635176244,268.2754209071721,0,24,0,0,24,0
75%,2023-12-21,28.879446264008532,32.67307575878532,22.45061909798708,27.731012851160042,283.280828026563,0,7,0,0,24,0
75%,2023-12-22,28.046883342071965,31.80545538517115,23.506522145905656,27.827398391936057,291.3106651393462,0,9,0,0,24,0
75%,2023-12-23,24.858852844229386,28.189330092067056,21.633343451765786,24.41115290999457,264.29050250931255,0,18,0,0,24,0
75%,2023-12-24,25.70151301407439,28.621291731297692,22.99668646191332,25.64334414412177,246.78096682285846,0,20,0,0,24,0
75%,2023-12-25,20.294179597071082,24.141653610410998,16.78532667388668,20.077078552002384,251.2704515376352,0,14,0,0,24,0
75%,2023-12-26,17.0559180974397,24.70188328575677,3.137510583760104,15.974795383352616,270.9245508888213,0,11,0,0,24,0
75%,2023-12-27,21.884930387981857,31.158001922370133,7.825336267304853,18.868444265685728,186.24402672328588,0,11,4,2,24,0
75%,2023-12-28,30.34141352568535,33.04739222536469,27.752945388259366,30.252387180104233,225.18866278639317,1,3,23,3,24,0
75%,2023-12-29,24.911171162491545,29.08515310618117,18.46726259440989,24.620819356619133,246.16994952877621,0,17,0,0,24,0
75%,2023-12-30,22.046292208490897,27.423001490923564,14.04867492885193,18.68465639678226,218.1332457808144,1,18,0,0,24,0
75%,2023-12-31,27.235987126094845,28.97000032972265,25.65374361777352,25.201236821468434,201.66011774158082,0,13,10,9,24,1
75%,2024-01-01,24.10595157928709,27.54863537069402,17.95251747442392,21.44974075445825,239.96576964943864,0,21,1,0,24,0
75%,2024-01-02,26.22052331549268,39.42482978764901,15.87862994230417,22.714481033344818,220.87361952597925,1,7,4,0,24,0
75%,2024-01-03,20.001453997440827,28.528671969312366,14.041843425419373,18.942281396805846,264.0955022662066,0,6,0,0,24,0
75%,2024-01-04,14.071508887332309,20.57326222795247,9.099940332902934,7.139251437810032,254.76650873477345,0,1,0,0,24,0
75%,2024-01-05,14.347740328914496,18.840361832985593,3.4865336397094535,5.02683270984492,9.632576586492462,0,0,0,0,24,0
75%,2024-01-06,17.63901646607683,19.1266234371665,16.29816925187765,17.48779459924288,16.788799626307252,0,1,0,0,24,0
75%,2024-01-07,20.905700081081317,22.34516918996302,19.648057830150286,20.720346360032487,55.05094486148505,0,24,0,0,24,0
75%,2024-01-08,23.844737662854083,25.995112017392138,21.430986422950546,23.34438273183044,69.08485916597323,0,24,0,0,24,0
75%,2024-01-09,23.35628639736377,24.65188653249962,22.058964644746702,23.25741395661709,78.55048927794996,0,24,0,0,24,0
75%,2024-01-10,18.98807769405472,22.157230564664363,14.261082300642002,18.90126436908989,74.5962360508081,0,17,0,0,24,0
75%,2024-01-11,16.007382723313892,20.219500418129375,11.767125710261222,14.830703545382883,27.50364836098106,0,4,0,0,24,0
75%,2024-01-12,13.636721877685462,18.11176136205641,8.25281359734628,12.879886643870877,3.0501479584184494,0,0,2,0,24,0
75%,2024-01-13,15.804525507370526,17.72699261030835,9.78855695127883,15.65911574463583,285.76973838597326,0,0,0,0,24,0
75%,2024-01-14,18.35171905448261,23.63360942860173,14.117647580517048,18.028705030090904,301.61459052740315,0,10,6,6,24,1
75%,2024-01-15,25.853321866499225,28.84481648858994,21.44662295436082,25.734856734354132,315.4328778587378,1,23,20,19,24,1
75%,2024-01-16,18.553386812958813,23.184652828818294,15.751482270071909,16.670073072791702,261.6769717998466,0,10,4,4,24,0
75%,2024-01-17,13.877446521681039,22.086906148319216,5.116801427646879,5.508562773943863,308.45287310545797,1,4,0,0,24,0
75%,2024-01-18,15.083107478255073,20.104042810427757,11.60973627196291,14.166997653943765,327.4530412433435,1,2,2,0,24,0
75%,2024-01-19,18.850313672354645,20.95937288684852,15.296295549650278,17.541221731892406,274.26267033160224,0,14,0,0,24,0
75%,2024-01-20,23.919463797122408,25.685019582199008,21.345585763956095,22.644293123243305,221.06750806459982,1,24,8,8,24,1
75%,2024-01-21,29.937789665470934,38.067860404496216,25.969159257301587,29.702045935297335,203.72806900599764,0,10,5,4,24,0
75%,2024-01-22,28.78747346251654,38.39785145947348,24.00771045766002,27.616159104117003,239.64606438558098,0,16,4,0,24,0
75%,2024-01-23,25.39406008972711,32.16527906926291,17.211372550343864,23.27822071473629,234.10749517178186,1,11,9,3,24,0
75%,2024-01-24,26.010436103798394,32.34879482439722,18.473451682477673,25.545332963523933,259.12738928288184,0,8,0,0,24,0
75%,2024-01-25,14.87901517931459,21.63744485744868,8.317746569180795,12.819486855032444,226.06910902217493,1,4,8,4,24,0
75%,2024-01-26,22.407925262267742,27.16256527744956,15.84499996337026,19.317749296892423,257.7079406779234,0,15,7,7,24,1
75%,2024-01-27,14.986703571436166,16.615175936219575,13.289586903528658,13.647068796922808,223.38500735376326,1,0,6,0,24,0
75%,2024-01-28,17.9562553585158,19.171979845797043,16.209802058153194,17.689784272143815,181.49385789960886,0,3,0,0,24,0
75%,2024-01-29,14.038700739428158,16.664769570690837,12.644261767313344,13.650197625835986,203.2535515378981,0,0,11,0,24,0
75%,2024-01-30,17.210811051959716,21.10039465539808,9.688578890966268,12.850362868122966,247.3837430494367,0,7,3,3,24,0
75%,2024-01-31,18.505169390724465,25.037673154483535,9.05648358727577,17.81696966534603,232.32564393443337,1,13,14,9,24,1
75%,2024-02-01,16.00116961633426,20.43976207821943,12.767391821327271,14.8946806306139,284.9178137206246,0,3,2,1,24,0
75%,2024-02-02,19.39687484038937,21.164776899400007,18.119085632715592,19.304719419393663,251.28628069375557,0,16,0,0,24,0
75%,2024-02-03,18.293075645895446,20.114398389479245,15.3055834196985,18.17269216037894,256.21855777857394,0,11,0,0,24,0
75%,2024-02-04,20.436955047299975,24.796629446629478,15.60408554019123,20.282088854237358,261.36099722021544,0,14,0,0,24,0
75%,2024-02-05,23.821295402974297,25.23636452964071,21.9428046993879,23.5268896679244,247.69681029042263,0,24,0,0,24,0
75%,2024-02-06,25.18173712430662,28.8423888196766,14.187865233817066,23.069253327838478,246.12579198335334,0,13,0,0,24,0
75%,2024-02-07,7.20013370550259,13.912171132290094,2.133376151251847,5.382875320007161,20.142238706189687,0,0,0,0,24,0
75%,2024-02-08,14.639198384817966,25.455041301862465,2.080404759148167,13.939388053364794,108.31130366565941,0,6,0,0,24,0
75%,2024-02-09,19.683244673677617,23.729413609777176,15.241398976237345,19.244206424834772,194.12269214482603,0,15,4,4,24,0
75%,2024-02-10,11.437741221515083,16.078511093023124,5.386471866942696,8.60827533826676,160.17203568588525,0,0,0,0,24,0
75%,2024-02-11,10.960035131031242,12.64678603908752,7.804238867038517,8.475534807658557,228.74834701671773,1,0,2,0,24,0
75%,2024-02-12,13.322166200872452,17.095890801863696,11.994696852499647,13.14125098933351,260.2022583789568,0,0,0,0,24,0
75%,2024-02-13,19.45306858072402,23.531707898022823,17.007594906879756,18.324929998391237,217.08929849311764,1,12,6,3,24,0
75%,2024-02-14,20.350966218522647,23.61196000810222,17.70360330229136,20.265001791098552,228.3570632873082,1,18,17,13,24,1
75%,2024-02-15,16.675307936905476,18.442695161077985,14.13333750894128,16.02783484869583,194.9369551763371,0,1,5,0,24,0
75%,2024-02-16,13.13657017443512,15.51664233647952,11.107570955977186,11.35282046206471,252.89636856917684,0,0,0,0,24,0
75%,2024-02-17,12.107947767926587,21.89119211112245,4.8354461575274685,10.006904195943214,225.43361215142113,1,2,0,0,24,0
75%,2024-02-18,18.985936978097108,23.186457561889274,13.048611522959778,13.26042525351774,248.56876067161056,0,9,6,3,24,0
75%,2024-02-19,15.436021561944118,18.24159029359695,12.915519226464644,14.57230213357852,280.79264560715103,0,0,2,0,24,0
75%,2024-02-20,17.273144671878196,21.44858545557566,10.554895247387845,16.339640080537833,239.5418065819544,0,13,12,10,24,1
75%,2024-02-21,21.259035071521115,27.215887022904187,14.996028706090831,20.25056111188611,211.99925825511832,1,14,4,2,24,0
75%,2024-02-22,21.276415603629754,30.648090933160503,15.516492054161438,16.393126405476842,225.3195094576075,1,11,3,0,24,0
75%,2024-02-23,20.30243264721643,28.70403995719507,14.664462495515725,19.614555501755778,227.02891479184376,1,11,8,3,24,0
75%,2024-02-24,11.82414679590215,14.601935916569516,5.979388295695733,11.574072467577906,215.93626552066593,1,0,5,0,24,0
75%,2024-02-25,8.489024352755335,21.051529106304532,0.7979763237017958,5.549150178523274,96.42806551639171,0,3,0,0,24,0
75%,2024-02-26,24.144804666617656,25.89361901219331,19.353055222309077,23.886092553360232,41.90986506401731,0,24,0,0,24,0
75%,2024-02-27,10.360061168327036,18.353473576148733,1.3914819859267236,2.2582880808935206,357.31382339086286,0,0,3,0,24,0
75%,2024-02-28,14.709287890530925,23.37478043428851,5.452893980651202,13.37280482416916,213.03065083419898,1,7,1,0,24,0
75%,2024-02-29,17.86373919844704,23.557587007350364,3.3057480717471135,17.473432531504308,198.5788384842723,0,14,0,0,24,0
75%,2024-03-01,18.466843048404233,28.320965795371592,5.8002460152083035,15.086210453943409,182.77921137879952,0,8,0,0,24,0
75%,2024-03-02,18.661063178968714,23.448003925501716,8.80117118214108,17.849833977620815,168.59446684818226,0,13,0,0,24,0
75%,2024-03-03,7.250077094041916,11.908436308833965,2.261756432396855,6.222733988486497,314.0990650759418,1,0,3,0,24,0
75%,2024-03-04,8.054074524187476,13.689494190871052,1.2377285203591855,2.2481283964343253,155.5216572540147,0,0,0,0,24,0
75%,2024-03-05,5.969472992671398,13.373444334803313,0.6932466463283239,4.99940297187028,121.35246761063092,0,0,0,0,24,0
75%,2024-03-06,5.397033984094336,9.704392049996114,1.5045757177822294,4.557740458245658,132.10982513979798,0,0,0,0,24,0
75%,2024-03-07,16.184972818840162,20.66216769938201,10.262586065876937,16.128399196182777,87.56656783180216,0,5,0,0,24,0
75%,2024-03-08,20.41234694096404,21.887244281380838,18.884211803592585,20.36474826031784,96.7466621837442,0,24,0,0,24,0
75%,2024-03-09,18.15920603043992,21.032488810753264,16.370397734873613,18.012127864081595,107.0707050549704,0,7,0,0,24,0
75%,2024-03-10,16.2542733192811,19.660144180213994,10.937612973960174,16.03177616373531,82.3992051153416,0,3,0,0,24,0
75%,2024-03-11,12.236188335456776,13.737897648653078,10.455811749302718,9.9191041665542,19.203270497461688,0,0,3,0,24,0
75%,2024-03-12,12.195086510833862,16.35969915740702,9.151258129872284,8.690432952343828,228.2228084733779,1,0,1,0,24,0
75%,2024-03-13,18.75823353651292,21.84679921885415,14.161518783799528,18.559318974371486,224.73171493811103,1,14,17,14,24,1
75%,2024-03-14,18.29541896766738,20.208322898038702,16.628780392103856,18.07626281846693,203.97877442297545,0,9,8,6,24,0
75%,2024-03-15,20.64075900822597,23.542440217214082,16.117484435000918,19.52269741470454,226.40494103804633,1,19,20,19,24,1
75%,2024-03-16,11.570334537958225,17.702436039231483,5.3557099873153104,6.295618341259076,298.6705543886679,0,0,11,0,24,0
75%,2024-03-17,15.314254897603623,16.45795635532185,14.165610739114072,14.670192880221192,174.3383851263103,0,0,2,0,24,0
75%,2024-03-18,11.433674489084732,15.09500951254463,8.34510188843633,10.701372821510073,224.18745819828587,1,0,1,0,24,0
75%,2024-03-19,15.213656705000135,18.483639793154477,10.189880354619744,15.144157438700665,214.42485149192083,1,0,18,0,24,0
75%,2024-03-20,8.732281207794548,11.545733267549853,5.480596370463843,7.19762344870048,227.00382459300508,1,0,6,0,24,0
75%,2024-03-21,12.898975843925541,17.555888606310983,3.953579716694799,7.723886194416538,253.3398101681387,0,0,9,0,24,0
75%,2024-03-22,13.849444001847317,18.26702735449076,8.069136228649496,12.996312106556516,263.3290864409201,0,0,0,0,24,0
75%,2024-03-23,21.16095767741794,24.3711559603479,15.090510043253532,20.938036651774144,266.9759754865918,0,20,0,0,24,0
75%,2024-03-24,23.640193292657894,28.302197077324745,11.65989272484202,23.20390542585399,301.1326153561608,0,18,9,4,24,0
75%,2024-03-25,11.16490390261657,17.27879503675856,5.797501534807088,7.325950504572003,152.40197894906737,0,0,0,0,24,0
75%,2024-03-26,12.592056212905483,17.547962453963518,7.119678248877543,12.287598200962613,120.34523153169732,0,0,0,0,24,0
75%,2024-03-27,17.607866518500945,19.465483735916415,15.928284858338149,16.399493984259994,182.6853789468254,0,0,3,0,24,0
75%,2024-03-28,22.087144877827672,28.53277911623208,16.38544940795335,19.648912147049234,182.4701457818377,0,17,1,1,24,0
75%,2024-03-29,20.86261464547871,29.20051305679836,14.5872558237772,20.68066930244183,198.72988579364312,0,10,0,0,24,0
75%,2024-03-30,6.773843191887528,14.079090344050645,2.6920798052134414,5.475944629808773,189.02845463565527,0,0,0,0,24,0
75%,2024-03-31,12.67258040689793,20.17694037890735,4.874603083392031,12.031423120560138,92.17699362337356,0,2,0,0,24,0
75%,2024-04-01,15.51246201970236,18.506300157369644,11.289226340475132,14.638885520612607,210.95161514556295,1,1,14,0,24,0
75%,2024-04-02,15.346978235270688,19.484415117042168,11.605113465162749,15.16102390108429,220.01131880795785,1,2,13,2,24,0
75%,2024-04-03,18.498406291592094,22.645093753510057,14.629047346181556,17.35171224593403,208.075893728476,1,8,4,3,24,0
75%,2024-04-04,16.76282291935811,23.17387032276417,10.644733227596566,16.160280544667096,230.34379040399403,1,4,10,3,24,0
75%,2024-04-05,21.33713690022122,24.97245785191967,15.955602658064176,20.51479801424389,210.02957370254623,1,20,14,13,24,1
75%,2024-04-06,21.036087407345068,25.532257645896205,14.62955780476653,20.282500324209398,187.8568639207829,0,16,0,0,24,0
75%,2024-04-07,22.229951153193355,26.665411155236683,14.17046120016945,22.094426070939512,211.13242037265974,1,15,10,5,24,0
75%,2024-04-08,11.29291844476163,14.766532002916607,7.299135477255915,9.339430398857571,160.862823405178,0,0,1,0,24,0
75%,2024-04-09,24.724201250325223,30.769896879725838,17.55858255440842,22.037634201120017,226.9008670160012,1,17,4,2,24,0
75%,2024-04-10,18.542649756621895,24.894809027458894,10.524633024435953,15.692508255218941,231.6736338609255,1,10,5,5,24,0
75%,2024-04-11,16.899561718383392,22.898027995031548,12.207472690030889,16.60605744288099,220.64618409276736,1,5,11,5,24,0
75%,2024-04-12,18.01559185621737,20.997101186195977,14.863366843264352,17.895679123182802,226.40994160241706,1,10,19,8,24,0
75%,2024-04-13,17.74028457558546,21.06337178414802,13.851833108294565,16.35960826805393,235.0044264482123,0,8,9,5,24,0
75%,2024-04-14,11.73710806787836,15.641282591657184,6.3221515921908535,9.646423199393587,263.28116488506055,0,0,2,0,24,0
75%,2024-04-15,25.202322498548895,29.486507278629634,15.603431721365347,22.83043165449738,259.83750647925274,0,19,4,4,24,0
75%,2024-04-16,24.173080731134107,31.378936897492192,16.280758829112976,22.131066846479545,326.55325468157696,1,14,7,4,24,0
75%,2024-04-17,14.51561840886351,17.61615997813163,9.357507940963039,13.089105029942857,326.96536754654494,1,0,8,0,24,0
75%,2024-04-18,14.634648690642662,23.708205133813795,10.454087963230476,8.379163138196944,305.2239531312507,1,4,2,0,24,0
75%,2024-04-19,25.733597433291152,28.694115771086484,23.53884689160598,23.49335713469295,321.4145545618381,1,21,3,3,24,0
75%,2024-04-20,23.42761220472104,25.670480661313025,20.417293518125902,23.352304411736664,346.4944594967154,0,24,0,0,24,0
75%,2024-04-21,20.556832716160738,26.687867514418084,15.774023061426762,19.83381308045049,19.95362704692087,0,14,0,0,24,0
75%,2024-04-22,13.043208018888237,15.755893838219935,8.912864732997066,12.80109115003008,28.215140719738088,0,0,0,0,24,0
75%,2024-04-23,11.646709786889177,21.399728629953092,1.8846083383639276,8.930553056146108,329.1642716124653,1,7,0,0,24,0
75%,2024-04-24,21.070415525112644,23.658114577544072,14.050744305600801,21.054869891803484,339.1247311991222,0,20,0,0,24,0
75%,2024-04-25,13.292893346869924,16.710142120996128,9.980256232771442,11.618616608863796,277.50532962590626,0,0,2,0,24,0
75%,2024-04-26,7.390019547622683,15.231200740362015,1.5500388320253393,5.169697155582521,307.4496854217931,1,0,0,0,24,0
75%,2024-04-27,10.243894111841616,16.911207370591,3.48958180041587,9.326370048586405,78.21119581295392,0,0,0,0,24,0
75%,2024-04-28,20.53241118101085,23.44061659860386,15.158935330021114,17.810435712388202,195.6592915605977,0,12,7,0,24,0
75%,2024-04-29,12.180714270216761,16.58422837420794,6.386893275831324,11.584518280338822,187.3594457262986,0,0,3,0,24,0
75%,2024-04-30,8.73071059413305,11.074091712213535,5.240410650499943,8.061820169784257,130.48896977662775,0,0,0,0,24,0
75%,2024-05-01,10.64712837683137,15.135775536299397,2.85098787456945,8.029926464219315,40.25287743618378,0,0,0,0,24,0
75%,2024-05-02,9.63276192319036,14.683849503037576,1.4233761322429284,5.881894458131449,62.28852627479614,0,0,0,0,24,0
75%,2024-05-03,15.075346255530993,20.66894875997074,7.354593009295973,14.34081263300596,236.71356364074302,0,5,11,5,24,0
75%,2024-05-04,9.132356659061214,15.961459545554803,2.517730746431731,6.819698175145929,173.21120168300752,0,0,3,0,24,0
75%,2024-05-05,5.375742810595072,8.261538103021465,0.26601607840355934,2.3986625487565707,197.42001814018718,0,0,0,0,24,0
75%,2024-05-06,9.252153975817588,11.582678807964877,6.809693590718783,8.67240799295415,75.00540507136327,0,0,0,0,24,0
75%,2024-05-07,10.681323123198569,14.297926781190823,8.656002427142386,10.087108222540298,11.98885665046322,0,0,0,0,24,0
75%,2024-05-08,8.947964637473296,13.06408839552414,2.945989392758042,8.32667994990177,1.7335937398140686,0,0,0,0,24,0
75%,2024-05-09,5.093852880328469,8.386125645781698,1.2964959030669179,4.803760149588152,207.2032899054717,1,0,0,0,24,0
75%,2024-05-10,6.15021845923627,11.584605947661682,1.4451996788707149,6.086006683624319,59.97213930516119,0,0,0,0,24,0
75%,2024-05-11,12.650062289587526,15.42281816150193,11.036788537156689,12.555865510349983,72.40948018250566,0,0,0,0,24,0
75%,2024-05-12,13.915728763574336,15.591420798516422,11.123445650930043,13.578923895700013,101.37665441773572,0,0,0,0,24,0
75%,2024-05-13,9.69287460842888,12.215159726230945,5.134944775777178,7.751820913576488,167.84039267771072,0,0,0,0,24,0
75%,2024-05-14,10.800746128124908,17.496018019876963,1.0449881941521908,7.7147872448468275,151.59108634284968,0,0,0,0,24,0
75%,2024-05-15,4.076792877913197,6.8057489605995505,1.2003087103224581,3.506041811949686,48.46730744003679,0,0,0,0,24,0
75%,2024-05-16,7.4706827096686546,11.136235292162755,3.1950756813042966,3.713041865869284,317.4417125606615,1,0,1,0,24,0
75%,2024-05-17,6.504279126539814,10.882507870127274,0.509773546187773,6.091544551064777,346.4194196061606,0,0,0,0,24,0
75%,2024-05-18,8.879391983202206,11.969960078014752,5.242009016042797,8.507953864773109,334.61269115167806,1,0,5,0,24,0
75%,2024-05-19,12.115216434044832,15.476811266493637,7.155415122153807,12.057290510947892,12.679290698427053,0,0,0,0,24,0
75%,2024-05-20,13.555604384247808,16.641341219389837,8.87426697282547,13.402037928653108,11.852780544284087,0,0,0,0,24,0
75%,2024-05-21,6.798935503412037,9.4035787914934,1.5260151528062451,6.6384479245146215,48.88781399961232,0,0,0,0,24,0
75%,2024-05-22,14.369842583291542,18.055863976325867,4.635439469166444,13.247044332144812,220.2705850241157,1,0,14,0,24,0
75%,2024-05-23,13.449029942631741,17.48270821176655,8.178630462235683,13.295171245208062,218.26637328168732,1,0,15,0,24,0
75%,2024-05-24,5.428885119440333,11.106748360228677,1.6683582668796841,2.1191288576703458,321.5736202400834,1,0,0,0,24,0
75%,2024-05-25,10.14458283459757,14.147217151476733,4.247128346581169,3.7295153453923287,326.4723949934043,1,0,1,0,24,0
75%,2024-05-26,12.668401550952098,16.617675346221294,9.549127667645696,11.095031087202846,174.5042956215832,0,0,3,0,24,0
75%,2024-05-27,13.612066733976185,17.15240387241508,11.382966373548864,13.475783057360418,220.4183022455803,1,0,17,0,24,0
75%,2024-05-28,14.910999680905384,21.365796703093853,10.580384672668936,14.07719211920628,209.73165881204466,1,6,8,5,24,0
75%,2024-05-29,13.73017689823356,20.804140414413585,7.889606988231411,13.460386782146303,246.05310612608315,0,3,1,1,24,0
75%,2024-05-30,14.847087850849874,20.020285197359776,11.2962155873844,14.022790283878942,302.33771555763707,0,1,5,1,24,0
75%,2024-05-31,18.87368156725397,22.048282150868058,12.395621810722037,16.832574862739463,349.55114107914034,0,9,1,0,24,0
75%,2024-06-01,21.881298675858016,24.71019295668221,18.268212883183768,21.84074983594136,354.1864746451761,0,22,0,0,24,0
75%,2024-06-02,13.936604963187044,19.188568363392914,2.423071574099631,13.781354927674688,353.8954154989122,0,3,0,0,24,0
75%,2024-06-03,6.466903731314336,8.359749748453144,4.036407330347753,6.006442331287919,255.85135090667774,0,0,0,0,24,0
75%,2024-06-04,13.76804900328353,20.029336734458283,8.09390730501183,12.028420733985628,225.1628804945273,1,2,6,0,24,0
75%,2024-06-05,12.44732670514925,18.117764502627182,5.857517065473545,11.624812675064668,275.8311771523687,0,0,1,0,24,0
75%,2024-06-06,7.157141724081764,10.971674507838232,2.5680397732973486,6.307382284583981,254.60288586667832,0,0,0,0,24,0
75%,2024-06-07,11.329024425315863,16.965398462237474,6.738334400076681,10.528528861745414,229.31353725320884,1,0,5,0,24,0
75%,2024-06-08,12.36231790781617,17.22027652784888,5.324821568073937,11.367052549012891,262.3831930023399,0,0,3,0,24,0
75%,2024-06-09,14.164594815405396,18.142602369553156,10.8327248670741,14.014037064563425,273.4985079704142,0,0,0,0,24,0
75%,2024-06-10,17.499931992284562,26.472089375161154,8.521307937493862,13.141320842033732,319.76157550899393,1,7,5,1,24,0
75%,2024-06-11,17.161375557954567,18.446061098335335,15.982509846907156,16.843340561738653,313.4686219293982,1,0,10,0,24,0
75%,2024-06-12,11.939014903124209,16.422583436251106,5.429809238683498,10.537542101659332,304.2385466034955,0,0,13,0,24,0
75%,2024-06-13,13.333099200523412,14.696875007039564,10.055203131178233,12.846451419552997,207.87369808455836,1,0,11,0,24,0
75%,2024-06-14,17.472316831345896,20.257772757950164,8.705092277432213,17.37838641326541,192.52878958914715,0,6,0,0,24,0
75%,2024-06-15,19.976792081704573,27.015806961009414,9.891871677993398,19.590970837194234,218.70846947637995,1,14,12,7,24,1
75%,2024-06-16,17.700347849341068,22.268521599674212,13.390016807251063,17.66390096824451,214.69897201138124,1,10,17,7,24,1
75%,2024-06-17,12.157941562889063,15.312653340105522,8.51647735996734,12.007716768409344,221.21091589126675,1,0,8,0,24,0
75%,2024-06-18,5.740209748504044,13.570876720644803,1.0787609688477835,3.611975735105249,15.322952476932926,0,0,0,0,24,0
75%,2024-06-19,12.39141342327911,14.75793765742573,7.488053813883728,12.08793747732605,14.875987460640545,0,0,0,0,24,0
75%,2024-06-20,8.129821707228869,10.546061105693724,5.701081670644655,7.919490997975291,53.1129870980331,0,0,0,0,24,0
75%,2024-06-21,6.8290524073900585,15.259295984991985,1.1602778743514726,0.20981153856533843,359.65373069944536,0,0,1,0,24,0
75%,2024-06-22,11.049089843002333,16.346465089922724,7.830279490678811,10.538055221684006,237.9777070532943,0,0,4,0,24,0
75%,2024-06-23,4.904216346898772,8.962911739434666,0.44796719225934745,4.148847797638114,248.02843868269397,0,0,0,0,24,0
75%,2024-06-24,4.685816552355219,7.824772194545428,1.6421307312814677,3.3611094269819883,120.86906988249501,0,0,0,0,24,0
75%,2024-06-25,9.159571028458801,13.602090803498145,4.7857363902135095,8.572383745164705,61.42222335482097,0,0,0,0,24,0
75%,2024-06-26,8.43896950297274,12.800425180041753,2.8392885963969396,8.293271839509403,47.70812155148303,0,0,0,0,24,0
75%,2024-06-27,12.061996357242512,16.455350881518722,3.2600873483293555,11.746352032963065,225.59924402286205,1,0,11,0,24,0
75%,2024-06-28,13.91353892010715,17.42734519883076,7.989555218602344,13.159776963292096,240.5398119648745,0,0,7,0,24,0
75%,2024-06-29,5.993729846883078,8.739681491753664,2.0787402442446186,1.2308866769473206,207.8034942608684,1,0,3,0,24,0
75%,2024-06-30,10.972859439306701,13.42706523423252,7.822301387466519,10.779338750692705,330.54851043119135,1,0,9,0,24,0
75%,2024-07-01,11.890039998545985,14.647517584417661,8.940536674237508,10.978367727838448,285.82548989814586,0,0,3,0,24,0
75%,2024-07-02,12.791218146535362,15.966113283167076,7.888702954437116,11.412927480662407,325.25103502227495,1,0,4,0,24,0
75%,2024-07-03,14.244661441955325,19.408875970362075,10.801795170003526,12.71609824881769,243.5911067777775,0,1,8,0,24,0
75%,2024-07-04,17.489801452064015,21.756300736682565,13.465179252934854,16.621604120523006,269.07427700201373,0,9,0,0,24,0
75%,2024-07-05,16.193188641897503,19.24909845138001,10.759624977846904,15.253386578078388,233.00723809586182,1,5,3,1,24,0
75%,2024-07-06,20.382540681136806,25.11337443116851,16.335525592228436,18.881582531529933,238.60821354678916,0,11,3,1,24,0
75%,2024-07-07,17.45289552925991,19.90980785878987,15.35413134498231,17.06099290811435,228.9022423406009,1,2,12,1,24,0
75%,2024-07-08,8.43520885451574,14.57653310318088,2.671634932816221,4.430989554901454,210.24506867386896,1,0,2,0,24,0
75%,2024-07-09,10.376920285398342,16.720309625414718,2.085919805470704,7.695597388226132,135.92511655396913,0,0,0,0,24,0
75%,2024-07-10,16.207523484750727,19.2010461226524,12.855603722761549,16.056356132577847,213.47594242443157,1,3,11,2,24,0
75%,2024-07-11,9.869400497683568,13.532383944149293,5.130015188462349,6.571908380205278,276.2568469629034,0,0,0,0,24,0
75%,2024-07-12,15.640308990287616,19.150315359814254,12.437667341953135,13.894754289113058,344.1724432478864,0,2,6,2,24,0
75%,2024-07-13,17.234896189658578,20.192802626357228,12.686459222580716,16.269793973261844,284.0562148435697,0,5,1,0,24,0
75%,2024-07-14,12.521955401623572,18.698150441868243,3.4550161127044077,12.266843499382563,245.54099093664897,0,0,0,0,24,0
75%,2024-07-15,6.888621754327982,12.514204902337193,2.0738939200542523,5.7069237180377,107.70905636331713,0,0,0,0,24,0
75%,2024-07-16,15.983382783968501,20.580814978871103,11.298330576340476,13.237112888274453,236.3435220755846,0,3,11,3,24,0
75%,2024-07-17,7.063723551992357,11.248748607011736,0.6236737121024961,5.469808509439112,265.2975642747979,0,0,0,0,24,0
75%,2024-07-18,7.629596148803255,11.332282683255622,5.224872412705281,7.1754876848698315,122.82815178621786,0,0,0,0,24,0
75%,2024-07-19,8.383709542228262,11.381621183574941,6.331630327623524,8.289336139234047,122.65065146615717,0,0,0,0,24,0
75%,2024-07-20,8.865504708860579,12.694210708838638,2.056566734002125,7.8373532198199225,175.3381377262467,0,0,0,0,24,0
75%,2024-07-21,8.95864634889609,11.487599573558663,3.792450194933816,7.374290878713983,304.1374073346909,0,0,2,0,24,0
75%,2024-07-22,13.416051757934822,20.11798630194846,3.6993093224643943,13.192827858798035,212.84675481984297,1,3,6,1,24,0
75%,2024-07-23,12.814672097273323,16.720625165409153,7.403458898816651,9.560105351875333,301.7065874186145,0,0,6,0,24,0
75%,2024-07-24,7.579329193677611,14.325552843865141,1.55423757128564,1.069092060641837,199.55349836946607,0,0,1,0,24,0
75%,2024-07-25,15.929892473764786,17.866822831518643,13.9592262858017,15.724194831094444,207.61116809237527,1,0,7,0,24,0
75%,2024-07-26,10.638320306538079,15.779485452695345,6.255593080517304,9.394324619761964,244.22801993926618,0,0,3,0,24,0
75%,2024-07-27,7.11491654874355,11.346803853013574,5.740941787493173,4.021022563414963,261.6089808744607,0,0,2,0,24,0
75%,2024-07-28,5.8066703572849105,11.02271094099955,0.48422987690807207,2.8506716587504966,321.3952818029018,1,0,2,0,24,0
75%,2024-07-29,9.079003021728308,10.954973712498091,6.551865379090706,8.06244880694133,108.04799258331411,0,0,0,0,24,0
75%,2024-07-30,7.707917148103675,11.720624887041845,4.343322292377476,7.087809004861068,55.33118939936088,0,0,0,0,24,0
75%,2024-07-31,13.05095986798554,14.26624975559935,10.432669285620541,13.028027135148252,54.379644963695284,0,0,0,0,24,0
75%,2024-08-01,11.7330489123092,14.928936234106672,7.544073178139676,11.44123454047008,63.061419843881765,0,0,0,0,24,0
75%,2024-08-02,7.206695947592752,9.844567770535411,3.7691477923749126,5.807786566085095,129.6670742905476,0,0,0,0,24,0
75%,2024-08-03,10.841650419169113,14.066222210649885,9.035434893904737,8.580026590821438,249.16234794783085,0,0,3,0,24,0
75%,2024-08-04,7.646130275145404,10.512273199465096,5.176278933813443,4.1413119062569494,266.64173039674097,0,0,6,0,24,0
75%,2024-08-05,11.234418214995388,13.65102828335703,9.708236497160781,10.90081430346158,199.75674180560102,0,0,4,0,24,0
75%,2024-08-06,10.801730929934777,12.859711959630065,8.086545243127482,10.056523716103259,202.74131781813483,0,0,2,0,24,0
75%,2024-08-07,11.507574010000326,14.471068020764799,7.505377771306607,10.76837540097024,239.24820349219527,0,0,4,0,24,0
75%,2024-08-08,15.744733567828,24.884191217161828,11.109494528025351,14.320232853753707,224.72215989450424,1,3,3,2,24,0
75%,2024-08-09,14.769056949432327,24.029416522477415,5.204340812852136,14.347082904518182,235.45981099283244,0,9,7,6,24,1
75%,2024-08-10,11.952069869288804,16.159769170658002,4.664362608914802,11.424701063401875,245.05039650269333,0,0,2,0,24,0
75%,2024-08-11,6.83296627438904,15.298209534540604,0.4646381794296514,5.512134921217664,57.62779247979802,0,0,0,0,24,0
75%,2024-08-12,15.01448340219258,16.60234382734613,12.542286805790049,12.878260186051039,126.2239618788949,0,0,1,0,24,0
75%,2024-08-13,6.774046775797953,12.38372980336536,0.9704517471031047,5.232820044191532,222.905808708982,1,0,1,0,24,0
75%,2024-08-14,5.628164925537466,8.889651115300861,0.8828746527456374,3.3369911280463955,350.55321552509605,0,0,0,0,24,0
75%,2024-08-15,15.992894793803524,23.42219997216224,1.0015603371970283,15.656532472941072,216.01733906453333,1,10,12,5,24,0
75%,2024-08-16,8.821530248816341,18.752901830755526,2.2924933783866583,4.383582702062342,312.71135665537656,1,0,0,0,24,0
75%,2024-08-17,4.96466402958127,7.502225690684115,1.2833104715943302,1.2113032201078207,89.47247177095369,0,0,0,0,24,0
75%,2024-08-18,5.425977181563635,10.45857385110621,1.7095215976313691,3.1866698332076444,292.0368796796017,0,0,0,0,24,0
75%,2024-08-19,10.588167308072164,17.924808736604255,0.6841030990205389,9.975956757305534,200.38250013724036,0,0,0,0,24,0
75%,2024-08-20,17.02896477516803,18.949684992163906,12.909432445458656,13.550011460443251,221.12123979163025,1,1,1,0,24,0
75%,2024-08-21,18.99316904593901,21.87647962280096,15.124156092964897,17.615747692233363,256.56272060645694,0,10,6,0,24,0
75%,2024-08-22,25.695582038280662,29.873835578229535,21.53072041307049,25.602217536571636,219.58045586903302,1,20,24,20,24,1
75%,2024-08-23,20.349268973212002,31.520370213972654,9.095122893671892,19.62002685996904,223.98395153197097,1,7,13,5,24,0
75%,2024-08-24,12.037591341311222,21.059662549274353,5.052340631534801,10.481188171560287,234.6277060016217,1,1,5,0,24,0
75%,2024-08-25,19.630529894271447,23.20461972541524,14.643497653681377,18.321356403832315,243.49362024534742,0,18,10,9,24,1
75%,2024-08-26,17.566633443960328,22.959514189159,14.962082436996731,17.175903623325404,224.15812227215093,1,6,8,0,24,0
75%,2024-08-27,12.58051860927747,16.464892683601338,8.773949891871679,11.33387261104103,186.14962448177758,0,0,2,0,24,0
75%,2024-08-28,7.765857706925419,9.33487567958048,6.297403426635541,7.084591155744278,146.8362594373374,0,0,0,0,24,0
75%,2024-08-29,7.410663517024126,11.978979137489274,0.5520637865242101,6.065169621982167,284.0035219457334,0,0,0,0,24,0
75%,2024-08-30,9.17004379473756,16.243815762036768,2.4756310117822538,7.239588037235607,39.492094325026244,0,0,0,0,24,0
75%,2024-08-31,19.279820517712846,21.372120348209208,16.881366987672404,19.22559639856608,66.52584570807011,0,16,0,0,24,0
75%,2024-09-01,14.66215321739881,18.23940355312246,10.881387874913175,14.262926597599114,90.24952183958794,0,0,0,0,24,0
75%,2024-09-02,10.945760305978697,13.49129575251661,8.436867285072912,10.479862678361844,207.53339815239872,1,0,4,0,24,0
75%,2024-09-03,10.99979468088687,14.376924348610249,6.064656253970946,10.831491096111176,208.37141324728918,1,0,2,0,24,0
75%,2024-09-04,8.185531544530077,10.837201495510348,5.111360870899052,6.649270071198906,326.8745141299084,1,0,0,0,24,0
75%,2024-09-05,15.901780092829247,21.783971532239107,9.360379630813377,14.99811419464111,53.16311142467208,0,7,0,0,24,0
75%,2024-09-06,10.442785438002383,17.31764018469666,4.522474026325619,9.043227558682553,91.38463780696839,0,0,0,0,24,0
75%,2024-09-07,7.747631082565863,13.425798024511876,4.7309162014818105,5.144477036586751,121.56249894517333,0,0,0,0,24,0
75%,2024-09-08,15.649313562881643,19.938194852929172,6.605880619003215,15.25262428958807,184.69929265780655,0,4,0,0,24,0
75%,2024-09-09,12.87132050657572,21.960069681467886,0.6233701027669861,11.651010627604117,316.5059318190703,1,3,8,1,24,0
75%,2024-09-10,21.26453522826252,26.31415161194494,17.702538921509245,19.786700446367192,259.8607524822245,0,17,0,0,24,0
75%,2024-09-11,19.47307482470029,24.63234389687299,11.954792759961448,19.11188637932085,291.6208694378348,0,13,2,0,24,0
75%,2024-09-12,14.04522152757022,17.01955760155542,10.921078928859275,12.92616940008991,333.38085869950453,1,0,8,0,24,0
75%,2024-09-13,13.143727633464621,16.858597728923097,5.931297857374811,12.802709431542022,358.74548759296954,0,0,0,0,24,0
75%,2024-09-14,9.299666120770345,13.626809312353329,4.942631836426163,8.613501542187516,244.11113161335214,0,0,1,0,24,0
75%,2024-09-15,12.17812250170637,13.93972781843088,9.86163751871816,11.52750647857322,247.5737536779613,0,0,1,0,24,0
75%,2024-09-16,14.783492858649964,17.169054489630355,11.301725327851036,13.380824378827294,6.071167505854703,0,0,0,0,24,0
75%,2024-09-17,17.50748816227317,20.04947460029297,14.74943294116336,17.41078725997235,48.76847829707822,0,8,0,0,24,0
75%,2024-09-18,17.624350446630014,18.92147003994803,16.237706207149667,17.554514786101237,60.922697246654536,0,2,0,0,24,0
75%,2024-09-19,15.89994214831873,17.624088352380713,13.737363038446915,15.782102119402632,63.48633982116621,0,0,0,0,24,0
75%,2024-09-20,15.648772774348545,17.42474536047319,14.02000082084971,15.568964270418729,75.64115968289838,0,0,0,0,24,0
75%,2024-09-21,10.755021841653607,13.358207785152914,9.193931239687023,10.68794911494767,91.81082278096324,0,0,0,0,24,0
75%,2024-09-22,11.017484781785884,12.93706812845214,8.740071103055797,10.835437225590026,105.89749169109456,0,0,0,0,24,0
75%,2024-09-23,16.083535244843315,18.41366955909144,12.63460369552065,13.596398256748314,183.1237794147049,0,0,3,0,24,0
75%,2024-09-24,16.466465785453746,20.002740103658407,14.681876265987023,13.119293726836144,249.3941174823599,0,1,1,0,24,0
75%,2024-09-25,13.235461164998696,17.960416223852448,4.976404697180377,9.970875220980306,223.91983271366803,1,0,0,0,24,0
75%,2024-09-26,20.09960133656942,29.905212756160953,10.511358414494891,17.5736320698082,217.63947186202333,1,9,11,7,24,0
75%,2024-09-27,26.108267939798395,30.014980175940988,12.28284239648251,17.783195411472605,299.9846064463845,0,7,5,4,24,0
75%,2024-09-28,16.530391029824127,24.280951860298668,5.6098815002355,16.174701713985524,316.2628699445708,1,10,18,10,24,1
75%,2024-09-29,15.348971500439118,23.988898044921598,4.941146429010864,13.87646366021042,161.85085256880984,0,8,0,0,24,0
75%,2024-09-30,24.006393654616776,26.150858644504808,18.03380111188974,17.496691723021303,165.47437762444872,0,22,2,2,24,0
75%,2024-10-01,15.814330145128222,22.431312450407372,4.223588333293447,13.733143564718397,249.56192228127838,0,5,0,0,24,0
75%,2024-10-02,17.278656091801896,22.869961432859817,3.911119513597996,17.220232903195992,57.42975629250776,0,13,0,0,24,0
75%,2024-10-03,14.338631452385362,17.734776887271245,12.505460807118702,14.196382015342666,64.70886870065328,0,0,0,0,24,0
75%,2024-10-04,7.961338872800435,11.716866722816183,5.962546693237855,7.390809052906346,112.4491983786038,0,0,0,0,24,0
75%,2024-10-05,12.390458503842398,17.862660225051844,8.455414852941118,12.206463164947365,151.4276733969681,0,0,0,0,24,0
75%,2024-10-06,19.609079846783292,21.756506150470678,16.72887267389144,18.889690334641383,150.36313455038072,0,17,0,0,24,0
75%,2024-10-07,17.225702878658016,21.05082052360651,12.206608509882042,14.05535871919511,203.90679633810134,0,8,3,1,24,0
75%,2024-10-08,18.137538809512794,20.034865934366817,15.986296161437238,16.780186511965706,195.4508753642525,0,4,7,3,24,0
75%,2024-10-09,16.239077532603428,22.74158417252904,6.0787437074295525,11.361065234744231,215.01618691705588,1,9,0,0,24,0
75%,2024-10-10,20.877513660477028,28.20454407916027,14.036855879560846,20.64759577245021,339.2820871518031,0,13,7,3,24,0
75%,2024-10-11,12.215275214017405,14.413868105314414,9.254977643809603,9.375553373702093,271.75516625674265,0,0,6,0,24,0
75%,2024-10-12,18.616024615480956,30.68869867959614,11.471698329684603,13.884066305022053,214.38299182355908,1,9,0,0,24,0
75%,2024-10-13,18.56169087603325,31.107232577917333,1.6713602492736108,18.25524490949441,298.49926127332077,0,3,1,0,24,0
75%,2024-10-14,9.579578508412295,13.524810884050957,1.5608510230712198,9.179688735356857,121.96633851669719,0,0,0,0,24,0
75%,2024-10-15,18.335836886704236,21.77926406775128,15.647973257037188,18.309774698147443,119.54577053812358,0,9,0,0,24,0
75%,2024-10-16,19.93395275059754,21.99560146190383,17.275025290736885,19.592768224053863,144.32506035640404,0,18,0,0,24,0
75%,2024-10-17,10.429876397566252,19.03545122178145,4.372120796430416,8.861878523236895,212.34776796998705,1,0,7,0,24,0
75%,2024-10-18,5.433718725721434,12.795706680758586,0.8364105183221471,2.8340119925531266,211.69033435309277,1,0,2,0,24,0
75%,2024-10-19,15.13082597191782,19.706324540521646,9.968426038582704,14.576663162739928,203.56958490066347,0,1,1,0,24,0
75%,2024-10-20,21.81644236859452,30.032621295042688,9.66361556186995,20.795194233459796,197.76682954454176,0,12,9,7,24,1
75%,2024-10-21,17.62206114255034,25.451995067754194,10.84137425065759,17.29382316546293,233.2223976486767,1,10,14,6,24,0
75%,2024-10-22,13.683684575235512,17.1335097068772,7.166442039467091,13.584751007346584,249.62121113500697,0,0,0,0,24,0
75%,2024-10-23,10.868281407467656,14.31848320913464,6.581703511640751,10.025885381729513,200.91353280357103,0,0,7,0,24,0
75%,2024-10-24,15.626623896659071,18.197323928121154,13.109346962223654,15.55167723635668,152.30010298913317,0,0,0,0,24,0
75%,2024-10-25,9.577874331442889,12.8023203573925,6.937299036083476,9.544271404055559,160.35096893266712,0,0,0,0,24,0
75%,2024-10-26,5.458950232060961,10.613277418989588,0.999541180289127,2.4752523085234985,228.2314809260468,1,0,0,0,24,0
75%,2024-10-27,10.946166853836848,17.42020982873455,5.998321972508348,9.124247998807515,267.08859335828856,0,0,5,0,24,0
75%,2024-10-28,20.593446523682065,23.050723708089933,15.39080995383952,20.448903225690017,234.43733985995573,1,17,7,6,24,0
75%,2024-10-29,10.936870566981028,14.412480074863613,7.255915973125537,9.54765704339581,268.2180570358343,0,0,3,0,24,0
75%,2024-10-30,5.446280537813766,8.046014334952956,1.6955043604485596,5.0077106523264705,327.7040328604563,1,0,7,0,24,0
75%,2024-10-31,11.115816228798922,13.75222473237072,6.119336545064472,10.991967710533155,245.09535535382633,0,0,1,0,24,0
75%,2024-11-01,12.73139984172523,15.923130473026886,8.391429007747147,9.896950176077018,282.38744696827376,0,0,2,0,24,0
75%,2024-11-02,10.735412483480934,15.196158028834349,8.213257516687321,10.069460094942484,79.41896465532523,0,0,0,0,24,0
75%,2024-11-03,7.295772896850013,10.08006680261996,5.183062854030518,7.226383054538308,116.55548494064476,0,0,0,0,24,0
75%,2024-11-04,11.488937936390384,13.206411885015722,9.570953952932822,11.427271035566362,119.6807632859867,0,0,0,0,24,0
75%,2024-11-05,5.707715157554084,9.63138981407035,3.219716136588305,4.163975949097184,167.58232825617029,0,0,0,0,24,0
75%,2024-11-06,5.306236500392422,6.66785230471636,3.7326210941112192,4.181402973066007,349.8613124126326,0,0,3,0,24,0
75%,2024-11-07,9.963356258816583,12.168054796303414,5.618402620646743,9.897473294881769,111.13622555350258,0,0,0,0,24,0
75%,2024-11-08,10.902909394535941,12.462933659143477,7.945030248737479,10.829885970208712,119.2441744414603,0,0,0,0,24,0
75%,2024-11-09,6.605524676982575,9.590854242867282,4.283629697741567,5.283774386705314,181.72895827013153,0,0,0,0,24,0
75%,2024-11-10,8.884496645958963,14.343902487978205,7.19300138588165,8.846054166637993,262.6602418918701,0,0,0,0,24,0
75%,2024-11-11,21.89106760998125,26.94599763026967,14.929830117155895,20.17027673838646,339.3438915453361,0,21,2,2,24,0
75%,2024-11-12,18.15595006413781,26.86170610206227,10.897329058985472,17.479303393038755,42.181520982869415,0,9,0,0,24,0
75%,2024-11-13,11.241033991195993,13.291412175356196,9.01421793922813,9.713835636353117,350.12745123758043,0,0,7,0,24,0
75%,2024-11-14,13.861342202920952,17.15007584046464,9.631261618019744,13.623686282007954,355.05681548911764,0,0,2,0,24,0
75%,2024-11-15,10.337829316811616,16.939223198064756,6.02512552120443,8.393846878741929,265.53889161672714,0,0,3,0,24,0
75%,2024-11-16,18.18445289163599,19.60135737158669,16.430513205774975,17.50114299035811,266.0550708492992,0,3,0,0,24,0
75%,2024-11-17,21.01899282130106,22.830658230383595,18.251964431116672,20.92772579218542,292.51424976873545,0,23,0,0,24,0
75%,2024-11-18,13.107336261111323,20.574591254804307,4.777372514399333,11.672203873099345,299.7826089257112,0,3,4,0,24,0
75%,2024-11-19,20.723241439489716,28.373600782213227,14.095976444965046,13.308340743420022,20.495707756250397,0,14,4,4,24,0
75%,2024-11-20,26.303003538308683,29.82513628039879,23.9245152793164,25.043323335596504,313.18137397186064,1,15,6,5,24,0
75%,2024-11-21,20.09846592672302,23.82008391427237,15.437940219357758,19.948107768832017,293.88247664041404,0,13,2,0,24,0
75%,2024-11-22,23.781058285429253,32.129204985315546,14.812329235387603,22.678064547394175,291.0553799871159,0,12,3,3,24,0
75%,2024-11-23,26.245957683310873,34.31571902460489,16.06419848720195,24.59777939915857,201.53103481181472,0,5,4,1,24,0
75%,2024-11-24,32.63093274089687,34.275064195780914,30.347473966912364,32.52958479853113,204.4285305505219,0,0,8,0,24,0
75%,2024-11-25,23.410820022332643,31.222850387831286,20.845708662940133,22.80306748379654,229.06618518093896,1,20,5,5,24,0
75%,2024-11-26,16.273205739707375,22.784201930330894,5.6484472855432895,15.943016429498709,249.46949299482145,0,8,1,0,24,0
75%,2024-11-27,22.040167363031284,31.97175093029118,6.1517255999175875,4.741657496966582,274.3979631673541,0,9,6,3,24,0
75%,2024-11-28,12.76553797790031,22.9403614243004,1.3405535959871218,11.49196059285983,333.1244421798868,1,5,7,5,24,0
75%,2024-11-29,17.117492867914297,22.030012942474396,8.339757328324435,17.02289452942127,169.3979691965052,0,6,0,0,24,0
75%,2024-11-30,16.507022182335273,20.68023834555246,14.089388415291934,16.36307332224175,195.52283951833127,0,5,0,0,24,0
75%,2024-12-01,20.19709310650594,22.768959570357833,15.267828296462241,19.548195734666624,193.9046176493548,0,17,4,4,24,0
75%,2024-12-02,18.602183498817233,24.83494230046514,14.581640075138717,13.658374641101199,262.745268325305,0,6,5,4,24,0
75%,2024-12-03,15.506161527828676,22.919059634054662,8.0597430260692,15.301066109508836,337.26652894700914,0,6,5,0,24,0
75%,2024-12-04,11.703179048679717,20.544600487366623,4.760042940796977,9.52702705734266,252.525141720023,0,1,1,0,24,0
75%,2024-12-05,24.612294624641326,29.16251613581525,16.76504845098384,22.298911623666722,209.78166522161897,1,15,3,2,24,0
75%,2024-12-06,25.384432768032763,33.95719174437241,10.692832194566515,20.431909198357502,287.195915295647,0,4,0,0,24,0
75%,2024-12-07,24.680818337692873,31.546526055505115,16.446535274979396,13.81195192662157,231.2465132635641,1,8,3,3,24,0
75%,2024-12-08,24.359650863686102,25.85885439778022,22.59034330481609,23.84333460086207,35.40383001050452,0,23,0,0,24,0
75%,2024-12-09,25.544285455864458,29.531249719614504,23.074297682525394,25.480906167364758,52.404039861593674,0,22,0,0,24,0
75%,2024-12-10,20.723884254523167,22.941126477188153,15.61548577420253,20.700674506568213,56.52659553506135,0,20,0,0,24,0
75%,2024-12-11,12.034975625563966,16.375928315720028,3.595818813168348,11.95887998688304,54.10839478085995,0,0,0,0,24,0
75%,2024-12-12,9.062432512301713,12.1277969222849,2.7614012934036394,8.610778524347726,68.34979566593114,0,0,0,0,24,0
75%,2024-12-13,8.913192907595244,10.273033674869966,6.875135952505668,6.530751662494163,155.63356765659455,0,0,1,0,24,0
75%,2024-12-14,17.03723735698325,20.46324329359474,10.329395146775168,16.497896940349825,289.97831089025476,0,3,0,0,24,0
75%,2024-12-15,19.57260704315431,20.88771141639077,17.955700156046813,19.350274684160944,260.5296849798121,0,10,0,0,24,0
75%,2024-12-16,20.543049449709375,21.490056108971395,19.352983131589667,20.50489910442242,250.7307304081916,0,24,0,0,24,0
75%,2024-12-17,18.235360285848433,23.471309808750775,13.964785418537716,16.29110758302963,223.81449369615268,1,8,2,0,24,0
75%,2024-12-18,26.296045570265377,31.569358481514307,21.24901523958116,25.621545905253328,215.7492262204759,1,18,13,9,24,0
75%,2024-12-19,25.931880227933352,30.05750707143827,22.591524259455703,21.112909082247153,296.9877683521008,0,21,15,14,24,1
75%,2024-12-20,20.91041286076684,25.0820851564032,16.855674469634973,18.796594825617746,264.6057744373882,0,19,0,0,24,0
75%,2024-12-21,22.675069375106798,28.684873851670893,17.826810906208756,21.752479967224517,250.61568386053005,0,18,3,3,24,0
75%,2024-12-22,28.72753655946075,32.29814871908086,24.58595889005627,27.722056146025242,288.3153291084675,0,13,2,0,24,0
75%,2024-12-23,24.255962678839328,32.395766779892234,12.001137073217583,23.77221173950878,321.33107817783554,1,11,8,3,24,0
75%,2024-12-24,12.677588285635151,15.653035826305217,10.29084020805407,12.272361260700652,250.52682835751,0,0,2,0,24,0
75%,2024-12-25,9.479232723191759,11.270060960999475,7.660395018257843,9.294365596740843,232.48472705315248,1,0,9,0,24,0
75%,2024-12-26,7.546896308860217,8.26696861781906,5.88758879887181,7.2787894136005855,195.14724566320376,0,0,3,0,24,0
75%,2024-12-27,4.6482578210762595,7.743361474027082,2.848488696153787,4.505607573906148,183.5357025278219,0,0,0,0,24,0
75%,2024-12-28,8.316784660976102,10.981591666919577,5.863300803887391,7.694050979722574,227.80905328049727,1,0,7,0,24,0
75%,2024-12-29,15.09464418795225,20.00676788192887,10.027478151947157,14.848026010607315,259.4742923811766,0,2,0,0,24,0
75%,2024-12-30,20.319164589194244,21.351823002563123,17.799535858877693,20.249093946578245,240.59060587019437,0,22,2,2,24,0
75%,2024-12-31,25.371057074260808,31.23323989628155,18.71121796145965,25.16115904829368,221.48697518541377,1,15,21,14,24,1
75%,2025-01-01,29.099909766782762,35.71868667100707,17.623640556508295,26.372122163459025,237.12614681214086,0,7,14,0,24,0
75%,2025-01-02,17.479176036591802,21.537709485372595,14.352137370506892,17.38832448612644,322.36795865374967,1,8,23,8,24,1
75%,2025-01-03,20.46839805578485,24.563349142066794,12.119052944342524,20.07398690265229,303.8692647342278,0,18,8,5,24,0
75%,2025-01-04,12.921120497378539,16.98275113973959,9.03373228596707,9.20314103140533,236.0253062944575,0,0,0,0,24,0
75%,2025-01-05,23.616107861524693,27.75113741495583,18.132858385536466,17.16940451603051,180.0128509600499,0,18,10,10,24,1
75%,2025-01-06,29.476225764191184,32.434116706580404,25.05597621050328,25.55148820763755,224.75525994597828,1,6,0,0,24,0
75%,2025-01-07,21.302866685442613,26.045963756026623,18.276522207927233,21.223452886312902,261.1165649739365,0,19,0,0,24,0
75%,2025-01-08,13.027024307972036,24.47140810950394,1.7378439288691816,8.736303503069255,280.63743779857634,0,8,0,0,24,0
75%,2025-01-09,16.602004991027687,24.883826019462195,4.195503407643779,14.260084640039716,315.8365744433811,1,12,1,0,24,0
75%,2025-01-10,14.600025081384045,21.565571515832826,8.58711838265752,13.471136557302502,307.71131805645797,1,3,3,0,24,0
75%,2025-01-11,11.101426145522991,14.943931976462514,8.148657610139953,10.709893925891617,353.78757193149994,0,0,2,0,24,0
75%,2025-01-12,6.9616283601382944,12.083838144738454,3.423891185543503,5.028992477932862,327.4816296382588,1,0,0,0,24,0
75%,2025-01-13,16.045522192299725,19.46828267293679,8.86868876454882,15.969804945488415,215.24588662082417,1,6,20,6,24,0
75%,2025-01-14,15.028745557192018,19.7351981455216,9.80237128180994,14.010077579259558,255.9863190612977,0,2,0,0,24,0
75%,2025-01-15,6.346063106809772,9.982216941267477,4.0589639944875415,5.684739495400872,276.9988985871049,0,0,0,0,24,0
75%,2025-01-16,10.431523404213836,13.41227692595727,5.8518976965258345,10.340336252562459,197.0622505528949,0,0,2,0,24,0
75%,2025-01-17,10.688129403236333,14.570717986396762,5.271801516496966,10.410468213116713,208.9610741309015,1,0,15,0,24,0
75%,2025-01-18,8.79467488119074,13.354804499891483,4.92162924066594,8.319275537228723,143.67456104292557,0,0,0,0,24,0
75%,2025-01-19,8.327034523152284,11.102729847496903,6.84121934426703,8.066699061178467,192.78995960342044,0,0,4,0,24,0
75%,2025-01-20,10.030064248392916,13.66218962725271,6.088583913188629,10.013100699208742,230.89113807261725,1,0,2,0,24,0
75%,2025-01-21,13.068059338719541,15.503132080781874,8.980276408095136,11.885815143353728,209.42378615083584,1,0,8,0,24,0
75%,2025-01-22,8.431772101301073,14.303015426482554,2.968916961050789,2.1556345589310593,199.12325250639174,0,0,3,0,24,0
75%,2025-01-23,20.838495027836036,26.178977763746204,15.014978690317559,17.34360376984245,242.58097224756256,0,14,0,0,24,0
75%,2025-01-24,24.799666372013096,32.97343816367533,16.54969742626228,23.585826961313956,215.08263533366272,1,11,8,2,24,0
75%,2025-01-25,12.255129160721603,17.185985943024022,3.6594545257355695,9.704694360948597,246.1076910102785,0,0,2,0,24,0
75%,2025-01-26,19.199562426399535,32.55758194017774,0.765427430388013,17.874569554572012,167.3390749249944,0,9,0,0,24,0
75%,2025-01-27,26.602914124355625,30.226825203690908,23.555320915905952,25.261490785458516,200.6370882660345,0,18,6,5,24,0
75%,2025-01-28,22.7690535158182,25.78850752629561,15.460409914841692,20.593744093158232,193.4839530352329,0,17,0,0,24,0
75%,2025-01-29,16.289984876916115,23.962927474198395,7.163108373380387,15.263017072425885,267.7162632518608,0,10,0,0,24,0
75%,2025-01-30,13.937709329047783,15.74061347391936,10.304340847788499,12.640060378686519,324.3985064517246,1,0,3,0,24,0
75%,2025-01-31,11.931246749703385,13.549606130136109,8.662766563189326,10.056623009431213,214.76070716731869,1,0,0,0,24,0
75%,2025-02-01,10.737461203159716,15.437967706593371,8.176804767530458,10.437430048685556,170.05976384092708,0,0,0,0,24,0
75%,2025-02-02,11.747091280503126,14.869907666729592,9.296972732968932,11.191891288947794,176.6317404008023,0,0,1,0,24,0
75%,2025-02-03,13.608438477633326,17.17876680951354,9.460077663036918,13.43414746496431,217.0141143835267,1,0,11,0,24,0
75%,2025-02-04,20.118926699509803,23.556156633337736,16.251133292141752,19.721093936422783,206.35707907582236,1,15,4,1,24,0
75%,2025-02-05,10.744783349082239,17.968750773755367,5.842885674815401,9.87967389236937,273.73368891266267,0,0,2,0,24,0
75%,2025-02-06,14.931280794229025,21.276085360375436,8.78300259621027,14.36033937350026,52.077171645961926,0,6,0,0,24,0
75%,2025-02-07,24.842020084476882,28.21449074898064,20.237070608435822,24.55288465096541,85.27064427684269,0,24,0,0,24,0
75%,2025-02-08,13.931988665825012,23.07160822292348,7.223644129552468,13.425973027635836,116.52894031964729,0,6,0,0,24,0
75%,2025-02-09,14.40131216164139,21.029933209696022,6.516582292607536,14.153956712516834,73.03784387363737,0,7,0,0,24,0
75%,2025-02-10,22.674823245918958,24.213925607313573,21.52106266271399,22.637162671796354,77.12609578509955,0,24,0,0,24,0
75%,2025-02-11,10.846565794739048,21.03592563229426,3.7093363772108536,10.403629336064268,84.11557326214165,0,3,0,0,24,0
75%,2025-02-12,9.016050172408248,13.620574131861275,5.046144188130559,8.52079172826531,38.26558205945827,0,0,0,0,24,0
75%,2025-02-13,14.121059436340216,16.629716681000232,9.303865049628977,13.89737187022972,43.85201688372973,0,0,0,0,24,0
75%,2025-02-14,9.635165354553346,13.412710656735323,7.38834882365115,8.48688062005521,130.34856824851158,0,0,0,0,24,0
75%,2025-02-15,12.403729509885677,13.6536562949058,10.954362444078615,11.905514091669476,149.16662063257058,0,0,0,0,24,0
75%,2025-02-16,16.86554962280714,18.673894496578963,13.09036591311548,16.819345429293193,100.10453046368934,0,4,0,0,24,0
75%,2025-02-17,12.56488714014209,15.509627982074724,10.125554675093811,12.476094925551179,97.34949805250079,0,0,0,0,24,0
75%,2025-02-18,17.758207801897075,20.708399232832363,13.56489450213163,17.641402171952862,115.20896939982202,0,7,0,0,24,0
75%,2025-02-19,18.27829547682666,20.80106017020246,13.379170337630264,17.756333239369866,140.28217491881003,0,11,0,0,24,0
75%,2025-02-20,19.32798273597542,23.517082183302207,12.59763297721791,18.84868047860628,195.7389429179049,0,15,4,4,24,0
75%,2025-02-21,20.034357009207508,22.857192132417186,17.07113425621252,19.871986561758764,187.13367282516288,0,15,0,0,24,0
75%,2025-02-22,13.02592278856784,16.84804843375012,9.499889811100578,11.91748346615252,215.06343533854536,1,0,0,0,24,0
75%,2025-02-23,19.953230884592905,26.498768916157776,13.46910408067792,19.41445157682933,199.89935386673744,0,12,6,0,24,0
75%,2025-02-24,20.852343401199374,26.687064773516905,13.415791902114236,20.23010706387967,212.38590587080782,1,12,6,0,24,0
75%,2025-02-25,8.522892378189809,14.36024200997351,3.6255683051715097,6.635258603343004,241.55298482612616,0,0,6,0,24,0
75%,2025-02-26,13.737171896770414,22.39600384785838,8.843533986674718,11.148171298414498,223.82268632495374,1,2,2,0,24,0
75%,2025-02-27,17.018793562290814,21.886160753030094,12.036051664681539,14.403933146141858,313.0659151267747,1,6,1,0,24,0
75%,2025-02-28,12.085805715271372,18.262318409491584,7.6856037581501955,11.891802774037268,9.598207425120279,0,0,0,0,24,0
75%,2025-03-01,5.025420723628805,7.925813275582322,0.4276089605984297,4.968471489303097,23.72184032240051,0,0,0,0,24,0
75%,2025-03-02,4.986027036002805,6.65816933545648,2.571819415737882,4.8761401827930255,214.5881083431035,1,0,7,0,24,0
75%,2025-03-03,7.438212585557341,8.976194796313095,5.88661302536323,7.2229808076760005,232.6523769502966,1,0,5,0,24,0
75%,2025-03-04,9.507093287514351,13.814882152341633,6.723447566631749,9.085675185530587,222.43841599417573,1,0,6,0,24,0
75%,2025-03-05,13.725534531942166,16.263191979794655,10.951311903581463,13.575376044824859,216.86850913416743,1,0,15,0,24,0
75%,2025-03-06,12.652648397962885,16.27447663846029,10.00030506063763,12.465430291012844,191.96073760446583,0,0,0,0,24,0
75%,2025-03-07,13.04755413376314,15.5070861642097,10.92260030606835,12.310450279586341,176.69379269567173,0,0,0,0,24,0
75%,2025-03-08,13.121875319061594,15.033271945852292,11.443977447715069,12.56559574769785,118.78265820011802,0,0,0,0,24,0
75%,2025-03-09,11.298688651020209,12.790630844599045,9.754566998775509,11.060167639938186,95.82259358247876,0,0,0,0,24,0
75%,2025-03-10,11.318512447442592,16.102883063157208,7.864480113286482,10.570532579244796,40.54620997258064,0,0,0,0,24,0
75%,2025-03-11,16.26955443871633,18.43009782072073,13.99371813298626,15.757800949659128,350.68232055913023,0,0,1,0,24,0
75%,2025-03-12,13.669835596086378,16.836776063243324,9.401052491800904,12.70071130559062,318.81750543550436,1,0,6,0,24,0
75%,2025-03-13,12.920255625156123,14.38309945088839,10.482112680808843,12.716333740733742,12.771774768878004,0,0,0,0,24,0
75%,2025-03-14,10.573402268882079,15.447901803375997,8.068260219301374,10.170529712412941,34.06796140704165,0,0,0,0,24,0
75%,2025-03-15,16.101587712552217,18.512005729604155,14.35371926653946,16.028839794468094,51.019839768860265,0,1,0,0,24,0
75%,2025-03-16,12.871432773925825,15.62549769931606,9.753841326313578,12.484141044930173,30.632522332550252,0,0,0,0,24,0
75%,2025-03-17,15.1811651224367,18.200259956880576,11.547385500731425,14.569411913966764,71.27493933488228,0,0,0,0,24,0
75%,2025-03-18,15.788719164582,16.81447559013325,14.34422109638033,15.619989922994097,103.99947238771159,0,0,0,0,24,0
75%,2025-03-19,9.904229275632554,13.737964746398378,6.5182644904809734,9.42384848425484,149.6660199804195,0,0,0,0,24,0
75%,2025-03-20,6.597328146494515,13.952925266350652,3.0329592132498426,4.459077727559412,142.49602961282847,0,0,0,0,24,0
75%,2025-03-21,16.465637571001917,18.06075135330422,13.375872115391774,16.1889655997938,113.73765616670534,0,0,0,0,24,0
75%,2025-03-22,12.032582383944423,17.408939940399296,7.273707217476958,11.82418991709977,120.55474922556675,0,0,0,0,24,0
75%,2025-03-23,5.899296254817233,9.753196717691374,0.30667274378281867,4.223910702866698,128.2648067177505,0,0,0,0,24,0
75%,2025-03-24,10.304874643950429,13.205865891516536,4.86550566804109,9.988144814291303,344.6635835162033,0,0,0,0,24,0
75%,2025-03-25,10.126193469314597,12.235183531766928,7.04393370081041,7.231172430379595,287.2937434493776,0,0,0,0,24,0
75%,2025-03-26,6.057240953023691,10.063420513719079,2.611755151752093,2.2949302481897274,320.5491877438079,1,0,0,0,24,0
75%,2025-03-27,12.683455201605666,16.007892498436355,9.383100653304128,12.570568003351745,208.42984868586765,1,0,9,0,24,0
75%,2025-03-28,13.114871881113581,16.777172968810476,7.565518521101883,10.421589738212566,241.00294492292898,0,0,14,0,24,0
75%,2025-03-29,14.034515501516344,23.53278663505666,7.672330352772028,9.672742057325982,259.7864383226181,0,4,5,4,24,0
75%,2025-03-30,19.891917361103058,23.579618493786686,15.898942297539142,16.641484667920565,292.58312713001965,0,11,4,0,24,0
75%,2025-03-31,10.583825075033028,14.592284179107905,6.2706085342747,9.057136252097015,12.572976350396004,0,0,0,0,24,0
75%,2025-04-01,14.102969205789776,17.372821528202966,10.98948185395521,13.945174057981315,75.69504065307979,0,0,0,0,24,0
75%,2025-04-02,18.218092098485283,19.842511812069514,16.57033604779097,17.995908094530176,75.1816612050834,0,9,0,0,24,0
75%,2025-04-03,15.087222483009825,18.653120678584898,12.453481015744396,14.999497387819364,92.95701723918933,0,1,0,0,24,0
75%,2025-04-04,14.100891422270175,19.912164605363753,10.05235348732886,13.445813203236414,62.099692175425844,0,3,0,0,24,0
75%,2025-04-05,18.15749784722056,21.559700968190953,15.797797083366255,18.017364575133712,51.28740819883927,0,9,0,0,24,0
75%,2025-04-06,17.51541212490295,19.02996687230814,15.106910064538358,17.10821558249726,76.53403398415708,0,5,0,0,24,0
75%,2025-04-07,11.758067490814383,16.064848443060168,8.315016119718914,11.576474982132822,70.2160848958182,0,0,0,0,24,0
75%,2025-04-08,11.868951759122638,13.36185868228227,9.045917455486235,11.174251129897367,62.78777760671454,0,0,0,0,24,0
75%,2025-04-09,13.531464681855077,16.02328347318366,11.850713772607765,13.17547372036202,18.746952245320585,0,0,0,0,24,0
75%,2025-04-10,10.33419354869646,15.248103697662263,3.8435856051388964,9.083708716431927,340.1872668073438,0,0,0,0,24,0
75%,2025-04-11,6.6694443072258105,11.584587069994539,0.3615230063729094,5.011809669890894,256.0362515226106,0,0,0,0,24,0
75%,2025-04-12,11.468464421760743,16.862446907453744,6.420982192920015,10.474166186817685,129.07129640724736,0,0,0,0,24,0
75%,2025-04-13,13.662679977335443,17.43373670209871,9.371812774989445,12.668365715442276,227.3739122526632,1,0,2,0,24,0
75%,2025-04-14,10.647514629004943,15.43300526704421,7.1390995848399434,5.563012807721345,165.08088089527052,0,0,6,0,24,0
75%,2025-04-15,11.588095509310845,16.782124156700444,6.187544687753135,9.189446122616861,147.57409167164997,0,0,1,0,24,0
75%,2025-04-16,17.02840280686084,19.88210583046624,11.681532796651014,16.87404888850313,203.8382153982189,0,0,1,0,24,0
75%,2025-04-17,5.2019240641516715,10.441524149115425,1.7431454314478874,2.671094833817322,251.08160111495977,0,0,3,0,24,0
75%,2025-04-18,9.042948590268066,16.538293739547058,0.742566185922113,8.517604811052038,94.91694843229016,0,0,0,0,24,0
75%,2025-04-19,14.785234365382415,16.753808739836103,13.537441596330401,13.906279219342041,63.833335607034314,0,0,0,0,24,0
75%,2025-04-20,9.823430363561434,13.738075521638482,6.883026943048405,9.686284374487812,47.415417425869464,0,0,0,0,24,0
75%,2025-04-21,3.8227769560381883,6.425932585109742,0.2307739302895514,2.661065355052856,78.18524827938938,0,0,0,0,24,0
75%,2025-04-22,7.4037657899659886,10.691111032969996,5.446135920601948,6.539408154582007,217.17216947038597,1,0,0,0,24,0
75%,2025-04-23,10.650877139555568,14.96140127704032,6.109161299986708,5.88856174204741,72.98605351597269,0,0,0,0,24,0
75%,2025-04-24,15.473543718366836,17.7775318882034,10.960618545319635,15.32712092936927,14.071090735080134,0,0,0,0,24,0
75%,2025-04-25,8.936455468732644,11.257243673097946,6.222178191282727,8.703709930886609,44.100374220649826,0,0,0,0,24,0
75%,2025-04-26,9.509954767204201,10.902311510223855,8.338510186118771,8.330639830570197,59.79914586658509,0,0,0,0,24,0
75%,2025-04-27,5.0740815625234905,8.260568680272973,3.5790683476286835,4.120842675304809,27.755076870439495,0,0,0,0,24,0
75%,2025-04-28,3.347611583678415,5.299835765947754,0.6644454285359291,2.337514233983505,205.69508874516606,1,0,0,0,24,0
75%,2025-04-29,7.3767912336413195,11.557034717288813,3.993667605753349,7.1893324944007615,65.45079521632022,0,0,0,0,24,0
75%,2025-04-30,7.2499285506509645,11.015050074446158,3.365163060692686,6.7444637686249,82.80338937547049,0,0,0,0,24,0
75%,2025-05-01,4.6070529840586625,7.617031984442395,1.6296419056893452,3.8243626916520235,139.82966476604207,0,0,0,0,24,0
75%,2025-05-02,9.479358940002298,11.71433146868641,7.2958063841835274,6.66456407585741,5.707643523930642,0,0,0,0,24,0
75%,2025-05-03,10.022544880269713,19.4113196256114,0.8961280672130961,7.490012396308523,353.4016272956751,0,0,0,0,24,0
75%,2025-05-04,17.005129597867292,18.19276803304421,15.24802749324408,16.866085556689757,351.90123567558146,0,0,0,0,24,0
75%,2025-05-05,17.35852457227061,20.507944121464245,11.88342545155219,16.790289089135154,37.755246757911095,0,11,0,0,24,0
75%,2025-05-06,14.618683189432806,17.012533864295552,11.351560267723226,14.507012275290656,17.875374414179987,0,0,0,0,24,0
75%,2025-05-07,13.82716268355653,15.947432195567336,12.38244784390718,13.787907460258523,29.759641186147576,0,0,0,0,24,0
75%,2025-05-08,13.81882535688456,15.960025490312711,12.303296091475879,13.546981955795042,28.790639845957685,0,0,0,0,24,0
75%,2025-05-09,11.804972757326695,16.124119126420354,7.657792162299977,11.203108764549437,71.29370016035853,0,0,0,0,24,0
75%,2025-05-10,13.920019390528529,19.096291690036367,9.580481357571053,13.427351297338758,82.10936634209679,0,3,0,0,24,0
75%,2025-05-11,14.198357889515018,17.27665208042245,12.163345609667173,13.932743877287047,91.35982477109025,0,0,0,0,24,0
75%,2025-05-12,14.8535929468825,19.09166300608472,12.331057605106498,14.122954018022448,90.95325435293665,0,2,0,0,24,0
75%,2025-05-13,14.127045899940528,16.565211008871845,12.042743416503463,13.325452479180688,65.97339611808758,0,0,0,0,24,0
75%,2025-05-14,14.393615743863043,17.907585627686718,11.957141084490225,13.303881428470424,16.04392708871626,0,0,0,0,24,0
75%,2025-05-15,15.886246975616537,17.72994644015651,13.298405870330347,15.601444953280968,17.409770248911343,0,0,0,0,24,0
75%,2025-05-16,15.289374765814287,18.57824910223039,12.443675178194828,14.969169327815631,352.75654254319716,0,0,0,0,24,0
75%,2025-05-17,14.83401469031403,17.196482226991744,11.802247417249323,14.111308376372037,347.647724722183,0,0,5,0,24,0
75%,2025-05-18,11.146924346180285,14.856416619317734,6.738981291928926,10.893764731292999,355.2884164463107,0,0,0,0,24,0
75%,2025-05-19,9.443456087810285,13.143057607081497,5.605126037896878,9.311287445794028,29.631667608736677,0,0,0,0,24,0
75%,2025-05-20,10.00191172501294,12.469311002806158,7.045320543233673,9.166516527369895,357.10974138029223,0,0,0,0,24,0
75%,2025-05-21,12.162199959670962,16.204038598020936,7.587916421376703,10.8382572221489,331.27832856009144,1,0,0,0,24,0
75%,2025-05-22,15.998638092419746,17.759295156724075,13.845698373668116,15.88681281646129,334.5507163761147,1,0,6,0,24,0
75%,2025-05-23,14.550525821605426,19.443611378125198,4.927229640888074,10.995720194423381,303.1640970381652,0,4,11,4,24,0
75%,2025-05-24,15.888490040628398,19.059675397184698,13.590052586804623,15.69489138673744,227.75813243073347,1,1,10,1,24,0
75%,2025-05-25,15.39866054272787,22.30459201216009,7.630960004399491,15.015089345936682,236.05034641848255,0,9,7,6,24,1
75%,2025-05-26,17.33437572518872,22.872274926303927,14.260898256893872,16.345566291339942,232.2559518822164,1,8,11,8,24,1
75%,2025-05-27,21.07905889642792,26.70052336987305,13.508914792814508,20.75331627230576,227.78256495303083,1,13,11,8,24,1
75%,2025-05-28,9.977830934342867,22.531550409051697,3.339127862018912,8.57513196752966,270.4714302917203,0,2,1,0,24,0
75%,2025-05-29,17.53210464720779,22.24135449948064,7.705392812770233,17.163385214773268,215.24180432002356,1,7,12,6,24,1
75%,2025-05-30,14.715673427613497,18.331169691716973,7.277062399143244,14.441852486613481,227.8384636867669,1,0,7,0,24,0
75%,2025-05-31,7.817214369137066,11.912224657081339,5.912917002656883,7.706626585928895,208.76082068045585,1,0,3,0,24,0
75%,2025-06-01,13.91282332105998,16.600938788261132,11.324569972017475,13.084071144378125,235.99859789432122,0,0,6,0,24,0
75%,2025-06-02,10.259275458811873,15.516130313596125,3.349955504568062,6.9035242966417325,251.9585894265275,0,0,0,0,24,0
75%,2025-06-03,21.21590619604503,24.723732891859143,16.526703120484147,20.994410515741667,207.12690574126884,1,16,9,7,24,1
75%,2025-06-04,15.092035985770627,18.23234938818591,12.731005496203023,14.897598332992178,224.0245210635394,1,0,10,0,24,0
75%,2025-06-05,18.16582551921027,20.634976989306036,15.825301687233507,17.959483449614282,211.8453881755356,1,6,13,4,24,0
75%,2025-06-06,15.469595725642927,20.410805342564988,6.79650827046312,15.131160245107163,238.23983874583388,0,7,5,0,24,0
75%,2025-06-07,10.408802871828117,12.850427769824574,8.164788054647719,9.90050281473329,233.09522564886726,1,0,7,0,24,0
75%,2025-06-08,17.175939234894084,22.76635306403316,9.253253337910602,16.44025324927297,288.6739030558128,0,10,0,0,24,0
75%,2025-06-09,13.153925051522409,17.57342026804305,10.629293108854707,12.337848422170671,230.8384006639244,1,0,3,0,24,0
75%,2025-06-10,15.311664080152779,20.46410036566497,5.715522708856776,11.584136391916154,264.7678376945262,0,8,5,3,24,0
75%,2025-06-11,8.387819523380847,16.64864769186108,2.4203400317244275,6.7358171075304405,86.59026829538647,0,0,0,0,24,0
75%,2025-06-12,15.917541212483448,19.46299415398939,6.096905855814432,14.914861573604782,108.51591069318829,0,5,0,0,24,0
75%,2025-06-13,6.598101841141362,14.37731394148975,2.5237050351838994,2.208246001857036,49.83055170132445,0,0,0,0,24,0
75%,2025-06-14,13.764998372505838,19.28949936890943,7.823364499172161,12.236576837296736,200.7255240516188,0,3,5,2,24,0
75%,2025-06-15,10.334209583913683,14.039402988938598,6.516580869336213,10.156435039243226,239.92077567518658,0,0,1,0,24,0
75%,2025-06-16,7.724214967972867,10.60653926434799,4.521866252650356,5.173513326706772,259.7302832089812,0,0,0,0,24,0
75%,2025-06-17,11.503421151272178,12.587274589394989,10.069690328214877,11.451131142238982,215.72101333128145,1,0,7,0,24,0
75%,2025-06-18,5.71409859410042,10.254834471677919,0.9134098200007611,4.055568743425168,324.65021328321956,1,0,0,0,24,0
75%,2025-06-19,8.641652492550913,12.51415835840347,3.4594082341821437,8.54093502711872,83.56771967304002,0,0,0,0,24,0
75%,2025-06-20,10.47424771780991,12.036739810362658,7.796124723720511,10.104309165538735,102.05867959348723,0,0,0,0,24,0
75%,2025-06-21,9.854637851993585,14.079712382776949,5.677066409502752,9.7262434228734,125.21402466406005,0,0,0,0,24,0
75%,2025-06-22,17.71031153173903,22.555700028571827,10.923526416221705,16.224304011013867,211.08557462955625,1,8,7,6,24,1
75%,2025-06-23,16.294246751454974,21.61194873169006,10.269356728966786,15.555838404208231,258.602473317711,0,9,0,0,24,0
75%,2025-06-24,18.20613497022796,21.30307554448664,12.658586763202726,17.777519570592464,235.53457848169924,0,5,12,3,24,0
75%,2025-06-25,9.702280781611535,17.41857117008772,4.693976462782771,6.441712139417536,230.35190797167056,1,0,0,0,24,0
75%,2025-06-26,13.205948869387631,21.452821024649218,5.916714855526977,9.368956805229182,223.33005819165368,1,2,5,2,24,0
75%,2025-06-27,13.380256256003179,21.15447487570016,2.6496314426046377,12.87526650045428,216.4167327953211,1,5,8,5,24,0
75%,2025-06-28,17.04030251247138,19.437684354677373,13.671484365875253,16.690993149785513,226.65485652644912,1,6,10,3,24,0
75%,2025-06-29,7.489668581382143,14.649698847420343,3.4059394243979497,3.4367469761864164,325.6939090622295,1,0,1,0,24,0
75%,2025-06-30,9.742806513086174,12.896170241920409,7.658679264726964,9.531471429686153,104.06361836512548,0,0,0,0,24,0
75%,2025-07-01,7.6219797689641515,13.655170957342671,3.4304985860219586,3.9038276302490664,163.9416060132054,0,0,0,0,24,0
75%,2025-07-02,10.349024184437832,18.050428898351885,4.061509458230548,9.090446775614105,305.75924102778265,1,0,4,0,24,0
75%,2025-07-03,10.457038651541607,19.198238987734488,4.655022561999101,7.607896030526659,297.5349337663737,0,2,10,1,24,0
75%,2025-07-04,13.951704995223418,21.735106765154434,7.839282879233728,13.578164119836396,218.53135999326759,1,4,4,4,24,0
75%,2025-07-05,19.26738858925663,20.75180261454133,17.66126320432812,18.957789856352907,230.99989240349296,1,13,14,4,24,0
75%,2025-07-06,8.634491423594616,18.743198274116864,2.9966409762458084,7.265975491513138,262.85631665546543,0,0,0,0,24,0
75%,2025-07-07,17.307131207980408,21.952361198739837,10.178475683146875,16.70397457474099,337.39999327348556,0,11,6,3,24,0
75%,2025-07-08,14.961881855211496,19.01463913273737,8.324998419691097,14.595928059131845,322.63042360860936,1,1,12,1,24,0
75%,2025-07-09,5.3319370898158835,9.665536717557263,2.4442582002673605,4.119235775552651,259.31978452825183,0,0,0,0,24,0
75%,2025-07-10,3.8130415342534705,5.970205529153488,1.362330604907645,2.714525034813365,62.27240715439132,0,0,0,0,24,0
75%,2025-07-11,3.28444467988542,7.873024283710212,0.13345751076764487,2.693174392641881,16.53325185921716,0,0,0,0,24,0
75%,2025-07-12,10.356132088863012,12.474290532909682,8.20018780932945,9.95519424586953,5.287969481388416,0,0,0,0,24,0
75%,2025-07-13,6.80372979980445,9.524392868207073,3.59369966034371,6.20524038691536,21.068883416562926,0,0,0,0,24,0
75%,2025-07-14,11.787073669439609,20.919596638269923,2.2782917053074265,9.387954141910523,210.13324302236092,1,6,6,6,24,1
75%,2025-07-15,16.124177361288172,19.932470075429176,12.600689813831748,15.490961175879322,229.3090391026579,1,3,8,1,24,0
75%,2025-07-16,13.354872536637876,16.91300528793448,6.095893660553428,11.413929940531263,297.82238046551765,0,0,3,0,24,0
75%,2025-07-17,4.795586888030825,7.93995582002868,1.6205963016798073,0.9826253254878168,227.9265722246998,1,0,2,0,24,0
75%,2025-07-18,8.884178270891162,12.682621050641572,6.255812819796113,8.299416188844646,144.20653666235614,0,0,0,0,24,0
75%,2025-07-19,12.79366255115199,15.240371652200952,10.542642580206108,9.509492082839266,123.58908486845945,0,0,1,0,24,0
75%,2025-07-20,10.461463730192259,12.963181421649216,8.361717795431197,9.954564685531016,183.20397731225466,0,0,1,0,24,0
75%,2025-07-21,11.552266724329614,14.935786739729554,8.314709113471062,10.15910334131917,190.51220496314178,0,0,1,0,24,0
75%,2025-07-22,10.737825352495834,13.459523409156658,7.640377577948824,10.651706732511778,264.5657364888701,0,0,0,0,24,0
75%,2025-07-23,8.421551089528725,10.406492070073591,6.960099417326768,8.212995551535256,310.4400264987856,1,0,6,0,24,0
75%,2025-07-24,9.4514978586378,14.626893579688593,1.6902171951204843,8.375424837689792,337.9098256953588,0,0,2,0,24,0
75%,2025-07-25,7.92837708089347,12.463493571275675,1.964394472226738,3.2923065390709167,319.94317108038774,1,0,0,0,24,0
75%,2025-07-26,8.54350179224558,10.490806916289479,6.547687651727581,5.254003815450108,276.2402585119279,0,0,0,0,24,0
75%,2025-07-27,10.138427189195054,14.806385172374311,6.225799923709971,9.87320865107885,332.73986747726127,1,0,3,0,24,0
75%,2025-07-28,11.796927290168988,15.960711099533972,4.438460175365572,11.699592488974613,309.5917596847522,1,0,13,0,24,0
75%,2025-07-29,6.458965226956468,8.144318627973984,5.1335152413877205,6.290932220479467,319.50586592827005,1,0,3,0,24,0
75%,2025-07-30,11.724239252242365,13.97749257119097,7.793749020876775,10.111382640092948,296.42031049246015,0,0,9,0,24,0
75%,2025-07-31,11.531293278332233,12.815848422318002,9.993542313572352,11.27967232872647,298.7050044453363,0,0,4,0,24,0
75%,2025-08-01,18.34374245096792,21.405525131296795,12.568283492189677,18.214361913262763,322.5067266344907,1,14,16,9,24,1
75%,2025-08-02,17.833209203608806,22.81163455469539,8.958372655403053,16.834189244995148,327.9611793774533,1,12,9,3,24,0
75%,2025-08-03,14.408477659395032,16.592334048451402,8.939412092408741,13.762778082394131,260.03645664532075,0,0,0,0,24,0
75%,2025-08-04,16.697463185188123,26.12291843789657,7.353710890574256,13.836051201989994,242.15773378406345,0,8,5,5,24,0
75%,2025-08-05,19.88715179149873,22.043319743359476,17.411772369353656,19.704775978067985,285.4994296043492,0,16,0,0,24,0
75%,2025-08-06,12.262973155680259,19.385159937422138,8.408164342736631,9.228020897258421,255.76996959083107,0,2,0,0,24,0
75%,2025-08-07,16.33067866790442,18.973433075705966,13.948823334824048,15.77986321593033,217.56823662415718,1,0,11,0,24,0
75%,2025-08-08,8.430927787095131,15.292360009347677,3.097220022946826,6.5420709189656545,243.75241190399814,0,0,0,0,24,0
75%,2025-08-09,9.992746693080585,11.204818849087378,8.033457829896443,9.352907564831431,225.00436839471308,1,0,1,0,24,0
75%,2025-08-10,6.586908224260864,10.52844067590339,0.16069206626077628,2.1572304536195817,12.529402280283762,0,0,5,0,24,0
75%,2025-08-11,7.8664147635009165,13.878170452089332,3.332598111584632,6.263768092916432,110.99259798314228,0,0,0,0,24,0
75%,2025-08-12,10.816783811392021,14.664780153349987,8.19592269545523,9.973556850816788,88.40443651343105,0,0,0,0,24,0
75%,2025-08-13,6.130050352324784,10.373945743159037,2.6063342075016327,3.253846649232469,177.3509845904864,0,0,0,0,24,0
75%,2025-08-14,8.425656467538243,10.924706676433772,5.231745294671303,7.777221981375468,215.64865191078212,1,0,2,0,24,0
75%,2025-08-15,10.038390711401545,15.03383746580194,6.774042268337553,7.5343268912056836,337.22710104938665,0,0,0,0,24,0
75%,2025-08-16,13.370293629196292,15.040801645522816,11.327379126515337,13.321420490374733,19.18032622335926,0,0,0,0,24,0
75%,2025-08-17,11.439513485905914,13.986576012548664,8.395284716297457,11.25767866306518,18.136928937487994,0,0,0,0,24,0
75%,2025-08-18,10.470730938006279,14.525693812947653,6.509222821913468,10.317204626530105,51.59854382064225,0,0,0,0,24,0
75%,2025-08-19,15.865570543275297,17.674420903039575,13.578443965763192,15.449431060106539,40.23277737175681,0,0,0,0,24,0
75%,2025-08-20,15.781532626171332,17.81965875310659,12.433229728532325,15.51101435895714,27.454329213037283,0,0,0,0,24,0
75%,2025-08-21,16.285081656253272,18.504712310763846,14.812879949938191,15.960796752356435,13.394712600650223,0,1,0,0,24,0
75%,2025-08-22,10.575003305376901,13.99651812022613,6.902186502336788,10.050227080561886,318.0699734055464,1,0,7,0,24,0
75%,2025-08-23,10.30893340022804,14.832151311557645,1.205762535082109,10.05755358749431,357.39311685673505,0,0,0,0,24,0
75%,2025-08-24,4.9956560009817,8.681499357313673,0.5486643100959868,4.638021778337272,217.92574210277672,1,0,0,0,24,0
75%,2025-08-25,9.366321181291822,15.265321327539336,5.703194853450818,7.9673620150958575,173.3795310922028,0,0,0,0,24,0
75%,2025-08-26,15.901476005276967,17.180294748326222,14.508014378190445,13.537066482540453,186.1651196406542,0,0,6,0,24,0
75%,2025-08-27,13.799536256757934,15.822458465484104,11.634487683490915,13.058004783067576,215.08084408553623,1,0,4,0,24,0
75%,2025-08-28,12.825862332903752,20.056908814153886,8.115334883304962,12.686047037595305,219.80833898729605,1,5,7,5,24,0
75%,2025-08-29,17.547945240807277,20.07962139080085,13.101791568070608,16.20917255398344,203.02062985654592,0,9,2,1,24,0
75%,2025-08-30,16.841433371128442,21.951015319321126,12.40440130956293,14.789621831955353,215.42993396846595,1,8,1,0,24,0
75%,2025-08-31,15.655918050176053,23.091660650243814,13.085215811127577,15.064374956007061,209.12814900775246,1,3,2,0,24,0
75%,2025-09-01,18.365041148024698,22.366047491614086,14.562800353030857,18.276378748775883,206.60874588941,1,9,5,1,24,0
75%,2025-09-02,17.91185418685926,21.914434250204074,15.973454106327504,16.806713006619198,200.88322900483723,0,6,8,0,24,0
75%,2025-09-03,25.774553931479478,31.45470979554373,20.481217811175526,25.043587534327642,201.66671391934617,0,20,4,4,24,0
75%,2025-09-04,20.712476683215957,23.312466016517565,17.07099421922611,19.286293104634783,221.62731414788348,1,21,7,7,24,0
75%,2025-09-05,10.811782698801593,16.160692792101482,6.260024081426178,9.707176180787156,262.28781987377437,0,0,0,0,24,0
75%,2025-09-06,13.626564246545419,19.1653104876407,9.877847387618974,12.024052061399264,139.26111524303525,0,0,0,0,24,0
75%,2025-09-07,17.782860160169573,20.714761931767217,10.564411354245626,15.94028954028688,138.3805878351818,0,10,0,0,24,0
75%,2025-09-08,10.335573181641982,13.59481390830015,5.183403284739814,10.042344999663273,242.91731498932427,0,0,0,0,24,0
75%,2025-09-09,6.073636577600936,12.04465162448066,1.899788620055851,5.5189896992461955,136.44472182802463,0,0,0,0,24,0
75%,2025-09-10,16.443068429574236,22.315471588550984,11.987741395496853,15.726387515630675,167.04723741736314,0,1,0,0,24,0
75%,2025-09-11,21.63088201027907,24.419396470883523,18.5558674646264,20.958199913405913,238.37478960658302,0,24,6,6,24,1
75%,2025-09-12,22.759592718380656,24.554345782594673,20.312417384312088,22.399069790882017,231.78367463971335,1,24,11,11,24,1
75%,2025-09-13,19.763404705439772,21.726717148435284,15.667842665644516,19.15003339402841,222.4231802146442,1,17,17,17,24,1
75%,2025-09-14,17.86991762667041,28.156727730256772,11.830174328348466,14.324692115591645,214.5591564102681,1,6,0,0,24,0
75%,2025-09-15,30.940025747509306,32.32614352127073,27.806902432655207,30.707145687567476,239.48336217531244,0,1,3,0,24,0
75%,2025-09-16,25.45478075448415,31.388872761428228,19.03400418099009,25.178205768204442,268.937257995363,0,9,0,0,24,0
75%,2025-09-17,20.441449127919174,26.025552859563245,13.457408796706067,19.195123312922778,233.1271445562349,1,13,8,8,24,1
75%,2025-09-18,21.009290980188492,22.207818014183058,18.78022018446401,20.9211031311476,227.99805067565086,1,23,16,15,24,1
75%,2025-09-19,15.030638465527298,17.99869390636759,11.826114514827568,13.590802047782013,202.55582967474794,0,0,8,0,24,0
75%,2025-09-20,18.005200349012153,29.244220359690047,11.159534093294933,17.698926909869687,208.64938276901916,1,8,9,2,24,0
75%,2025-09-21,22.38559017845463,30.298528500840092,17.48974914616412,15.325529505233844,311.94708438204594,1,9,7,0,24,0
75%,2025-09-22,17.478834978172838,18.79247892436694,13.792983596739239,17.43000894323779,10.006588026759232,0,2,0,0,24,0
75%,2025-09-23,14.99315168050825,18.185012606478367,12.89451499061211,14.459221275852505,31.555925819943695,0,0,0,0,24,0
75%,2025-09-24,18.145230170201977,20.989490566919603,14.410201200562062,18.036306076299443,68.67129019959214,0,9,0,0,24,0
75%,2025-09-25,20.139898038345343,22.248710421169953,17.20461604255963,20.02820295784696,70.74497559149466,0,19,0,0,24,0
75%,2025-09-26,12.764279265855,18.054917746848854,7.937084625059725,12.216869889638053,104.43543690260645,0,0,0,0,24,0
75%,2025-09-27,7.741128982350223,12.331341987208337,3.7097987027054553,7.604815665414909,141.18219541122187,0,0,0,0,24,0
75%,2025-09-28,8.153279754201806,12.9795272538414,1.1040051460259463,7.704262059029153,178.27133526327987,0,0,0,0,24,0
75%,2025-09-29,8.941118378680025,12.486292140297916,4.083210119646017,8.827247633559983,337.5065094898292,0,0,4,0,24,0
75%,2025-09-30,6.637205274145508,9.650573440748882,4.317626607874783,5.994003284127299,14.666088624361407,0,0,0,0,24,0
75%,2025-10-01,8.390098435400022,12.340642064272181,4.732974969567269,8.238962936061027,163.56397622154896,0,0,0,0,24,0
75%,2025-10-02,15.170782907977058,21.64430135804415,10.696226681892467,15.125112956244841,176.97190979853906,0,5,0,0,24,0
75%,2025-10-03,25.692056609357792,33.46279571177631,21.340399976378773,25.583326721306236,183.59329563591356,0,16,0,0,24,0
75%,2025-10-04,30.871409160027966,36.21096685121538,26.54083164293183,29.62966186502899,257.8700124622428,0,4,1,0,24,0
75%,2025-10-05,26.289478515374668,31.84445029564518,18.718381658764805,25.71308166125539,292.2673593424978,0,15,0,0,24,0
75%,2025-10-06,14.50519226608722,20.57606396626263,8.449307161914025,14.125992289798491,276.4337274155121,0,4,0,0,24,0
75%,2025-10-07,12.783055272537645,15.312367375397022,9.12275698351836,12.736712829254598,246.73893473771795,0,0,0,0,24,0
75%,2025-10-08,10.792949690979157,12.550326404763489,8.357231469410742,9.781766093903672,299.1354744082153,0,0,5,0,24,0
75%,2025-10-09,11.24266965056116,13.4414175273335,8.873319927141349,11.00879304188757,289.10313305115324,0,0,0,0,24,0
75%,2025-10-10,9.169402255565634,11.501290791183902,5.838442219518487,8.98460822349435,290.4029191155464,0,0,0,0,24,0
75%,2025-10-11,6.775778641102264,8.467457797940956,4.849073627366334,6.608839764424983,299.18391226326065,0,0,1,0,24,0
75%,2025-10-12,8.721294269560014,12.491662450332544,4.84981218325574,8.499342682377733,357.3979273186057,0,0,3,0,24,0
75%,2025-10-13,10.581744945942173,12.090604197792404,9.395645813620156,10.409614190518262,29.57848287529771,0,0,0,0,24,0
75%,2025-10-14,12.360712191898374,14.01871682093025,8.575786355182107,12.29692001220247,4.267641578869814,0,0,0,0,24,0
75%,2025-10-15,12.409189431630013,13.572610667161387,10.891944179825858,12.300197959171328,15.259651234256523,0,0,0,0,24,0
75%,2025-10-16,12.999666806418604,15.41836150700733,11.016735977604599,12.924530166197135,9.671663995159918,0,0,0,0,24,0
75%,2025-10-17,9.855517363707675,11.836093937410686,6.410993101938298,9.017301681723856,343.2098202405885,0,0,5,0,24,0
75%,2025-10-18,12.455451030735617,15.807769103128484,6.208273677422866,12.100310551029537,131.83009133047676,0,0,0,0,24,0
75%,2025-10-19,18.865760028758103,23.125957418777745,15.327503275893383,18.728429237504294,154.93377068722134,0,7,0,0,24,0
75%,2025-10-20,20.70008944519544,22.822947866005048,17.214850981687825,20.35969672838812,184.76583331130797,0,19,0,0,24,0
75%,2025-10-21,19.28331015631348,21.323820048579954,12.380654331148518,18.463258233553148,244.2793264974376,0,18,6,6,24,1
75%,2025-10-22,13.802143950052127,19.684210479450485,7.190638621508682,8.391777030975321,239.34197907361323,0,3,1,0,24,0
75%,2025-10-23,23.7909966477724,33.14972063398468,2.075002321659106,9.415557601238312,281.0002151487413,0,4,2,0,24,0
75%,2025-10-24,27.99998038313767,31.619796036257682,24.019018717314538,27.45108304333406,259.47608849829027,0,13,0,0,24,0
75%,2025-10-25,25.46336344062155,29.471662157257697,21.98138674724574,24.01579430632121,293.687712135666,0,21,4,2,24,0
75%,2025-10-26,28.10050737530419,30.824399542739798,25.65482792915645,27.09272139981829,282.24219985163825,0,12,0,0,24,0
75%,2025-10-27,25.853132334177985,32.1594206244733,17.388506809075295,24.93388047976112,293.20934786108376,0,9,5,5,24,0
75%,2025-10-28,24.19374195752385,28.451728706949627,19.101350916908505,23.909137315174956,258.24687355862955,0,24,0,0,24,0
75%,2025-10-29,18.883809657483837,22.293142500412642,12.764412213491768,17.09647510861267,232.38310580285824,1,10,7,4,24,0
75%,2025-10-30,17.525354422741124,21.484213746237405,11.248145771064783,12.84062019061665,246.68103283208643,0,11,0,0,24,0
75%,2025-10-31,22.09716695651004,24.1650387309193,19.143275941947017,22.048795296464647,180.2743887523337,0,24,0,0,24,0
75%,2025-11-01,22.7252722991127,26.277110996286044,19.549109324857916,21.81883274623151,208.0992786558857,1,22,11,10,24,0
75%,2025-11-02,17.516894305269286,20.370236679798936,14.938840903100864,16.22215172490143,244.89597536534532,0,3,6,2,24,0
75%,2025-11-03,23.480209247573285,26.027529591850993,16.571288880498976,23.188964656491528,219.376970065492,1,22,19,19,24,1
75%,2025-11-04,22.475727053986592,25.22968660394801,20.1615386027327,21.918643786574204,199.41673130171563,0,24,9,9,24,1
75%,2025-11-05,18.58823201916016,21.776723379579824,16.539523738251255,18.183868146324343,180.87022458003207,0,8,0,0,24,0
75%,2025-11-06,10.678544525908293,16.636531486526174,5.42116278911535,9.631488663297858,176.79556015533592,0,0,2,0,24,0
75%,2025-11-07,10.953874998229166,13.89362402487044,8.349300602302215,10.190515364877907,179.8003316237947,0,0,2,0,24,0
75%,2025-11-08,9.825806264075869,12.191517047903789,8.334070763284497,6.904280698749396,215.02846128012007,1,0,1,0,24,0
75%,2025-11-09,12.451977134761384,17.460304396737886,8.337048273613597,10.051058015605998,233.94773866548252,1,0,0,0,24,0
75%,2025-11-10,21.443092913165387,24.08268766433724,17.502683834917576,20.53300530360243,187.31646518269127,0,21,0,0,24,0
75%,2025-11-11,20.71924492823452,24.155553251852513,15.747794136025169,18.807068898111517,203.3514782596803,0,17,2,0,24,0
75%,2025-11-12,21.032293164825393,24.83683601960232,18.828326557454155,20.982433507997914,195.4472947831169,0,24,0,0,24,0
75%,2025-11-13,14.89134994410106,22.53645810929409,5.6047348852564,13.720491478070281,217.32134815200675,1,9,8,5,24,0
75%,2025-11-14,20.325577288829002,26.117251080606614,8.577524462471413,20.28364711864654,76.76570275107383,0,15,0,0,24,0
75%,2025-11-15,18.013092458025188,24.287951006580663,13.137951092063656,17.82828623734181,78.58059775619256,0,10,0,0,24,0
75%,2025-11-16,15.932405076701466,18.964737161141265,13.542515294070343,14.506647985174403,22.865230674103714,0,1,2,1,24,0
75%,2025-11-17,21.89912310145868,29.327950255386057,12.93028633885562,21.251236252853307,352.0365120159797,0,17,1,0,24,0
75%,2025-11-18,18.325198813274643,20.354086466146896,15.993667365287758,17.489609395349685,273.0400238340967,0,10,0,0,24,0
75%,2025-11-19,20.00476826916738,26.15676232133545,9.682219959812915,15.674736851987305,356.9058021043578,0,12,0,0,24,0
75%,2025-11-20,13.86035709095209,15.356903143250578,11.631320328324772,12.686546118722221,338.1828985666428,0,0,5,0,24,0
75%,2025-11-21,11.326611779409133,16.849946626951823,2.8869821667068276,4.644132792783951,359.51771164577013,0,0,0,0,24,0
75%,2025-11-22,24.08009057080868,27.568969379874567,16.392438994682024,22.922399426358513,211.32739003208047,1,21,3,3,24,0
75%,2025-11-23,25.21721943510883,27.307473021011027,21.699240903659636,21.390842157443647,211.314794396387,1,24,0,0,24,0
75%,2025-11-24,11.631920283693526,20.963419565456263,2.5246866487110835,8.539573702245642,266.45134355998624,0,4,0,0,24,0
75%,2025-11-25,22.02694063480725,27.17419825843409,13.2817839391198,21.990449883689063,8.320065504365402,0,19,0,0,24,0
75%,2025-11-26,12.73701516373872,21.838067466355874,3.5698625472529617,4.175447194515457,320.0597174207732,1,3,3,0,24,0
75%,2025-11-27,23.49921199387786,26.92571649437351,20.103783149256063,23.384909192790435,220.9832364104026,1,24,20,20,24,1
75%,2025-11-28,20.26164561415149,23.34697177660209,17.44777701769239,20.026676338253985,226.5140489181736,1,13,15,12,24,1
75%,2025-11-29,21.37605756694727,26.496605101752845,14.703658823482028,19.551573443054654,205.59949567194963,1,19,0,0,24,0
75%,2025-11-30,20.212832631835255,23.606580116961386,15.720238373695274,19.487767742293308,268.59704024339425,0,16,0,0,24,0
75%,2025-12-01,28.09162938062714,32.02316000054731,18.926227371632713,27.761942734047857,194.07162751488636,0,8,0,0,24,0
75%,2025-12-02,19.863818393924518,29.78816285020097,15.510698490999223,19.677005496425966,199.26069743478928,0,5,1,0,24,0
75%,2025-12-03,14.956415231202667,16.781986537738568,13.127865785585268,14.715397040537242,200.68759620801595,0,0,3,0,24,0
75%,2025-12-04,20.91696329957038,25.679005344097913,16.644750194791097,18.831121309339014,169.94758550186782,0,16,0,0,24,0
75%,2025-12-05,16.577502368789002,30.50780603305695,9.23315431803548,14.962363267311536,184.71933435101738,0,6,0,0,24,0
75%,2025-12-06,24.034229857644778,31.531884913207094,21.436905905318508,21.8877439653054,208.69042351489682,1,21,7,7,24,1
75%,2025-12-07,20.000270527237348,29.006961991024443,13.799243769231317,17.446965254259226,220.17290021882786,1,13,4,1,24,0
75%,2025-12-08,20.47432415705544,23.308054033139133,16.917214618816406,20.282712541353874,226.3413425146357,1,20,21,17,24,1
75%,2025-12-09,22.89059293151401,26.307037671756248,17.43754739751037,22.661855906995864,200.22574318871324,0,22,4,3,24,0
75%,2025-12-10,21.07267913477359,23.79145277584745,18.721358382394747,20.856914544037366,230.6582051104069,1,24,15,15,24,1
75%,2025-12-11,18.495655541677873,20.085937512595155,14.40996890609811,17.574783574203398,213.08711338332336,1,12,4,2,24,0
75%,2025-12-12,15.599548238562761,17.983261221425735,13.687074434212139,14.058086287341128,189.40853003947555,0,0,0,0,24,0
75%,2025-12-13,13.259520325608358,18.715365297397284,9.76057818328524,11.763439104301934,247.26039452347055,0,0,8,0,24,0
75%,2025-12-14,22.44393571441854,24.477841018392816,19.025359051604376,22.32158850865683,209.8345783188038,1,22,13,11,24,1
75%,2025-12-15,21.67971040013556,24.39080045038521,15.02892090260055,21.627008293805726,195.91405280284155,0,20,0,0,24,0
75%,2025-12-16,11.965697057549015,15.503775414360105,4.041897701788093,10.838434317536283,191.36480024091836,0,0,0,0,24,0
75%,2025-12-17,13.45571683728363,25.58588890767352,4.617273290913831,10.362177875557833,217.72824976478256,1,7,2,0,24,0
75%,2025-12-18,25.917896599165317,31.03397108789323,21.321990517096566,25.506439929329044,193.60714179209762,0,20,1,1,24,0
75%,2025-12-19,17.62138640527142,24.50304493184267,13.214819427119684,17.35767464086219,234.1927674699171,1,5,9,4,24,0
75%,2025-12-20,13.079558484679131,18.306615289130033,10.195827377893282,9.174195485409868,152.57946435766303,0,0,4,0,24,0
75%,2025-12-21,14.577788636096685,17.771125988914214,11.890843906435805,13.71471679525722,111.25107198513643,0,0,0,0,24,0
75%,2025-12-22,16.952133133654193,19.567743830766243,14.303539711096818,16.77549077166575,109.53607530315787,0,3,0,0,24,0
75%,2025-12-23,20.816772933880703,23.57454331976181,17.716996053117708,20.73523379894155,87.25869549936169,0,16,0,0,24,0
75%,2025-12-24,25.158554874577746,27.520370437850584,23.37427798012203,24.82301241587813,70.7276587562684,0,24,0,0,24,0
75%,2025-12-25,24.646254422812216,27.049245393579124,20.16489861023572,24.4302327348505,74.67674997826379,0,24,0,0,24,0
75%,2025-12-26,18.678370507595584,20.40939326618902,16.4066598452839,18.65733262118848,83.21395089922925,0,13,0,0,24,0
75%,2025-12-27,17.632938612157442,19.223409082000043,15.835715129293712,17.12786944453882,49.251312834715804,0,1,0,0,24,0
75%,2025-12-28,11.700419882448129,15.960013979810455,7.721930546239205,11.514698621877722,47.738497862510656,0,0,0,0,24,0
75%,2025-12-29,14.933419786058131,20.283112783626503,11.238183537325027,14.72375168173328,14.405346432344174,0,4,0,0,24,0
75%,2025-12-30,17.555563384004667,19.883915003728028,15.293137812342163,17.279659505499232,14.60981392331388,0,9,0,0,24,0
75%,2025-12-31,18.16788113438599,23.030523945937688,14.910704169151836,16.59274842477283,302.91344286617147,0,7,5,2,24,0
75%,2026-01-01,27.566261653208542,30.248331213069832,23.89351889899291,26.774124912511944,282.21486411559,0,19,0,0,24,0
75%,2026-01-02,26.876556489813755,31.018994408509048,21.621772157277864,26.576942299313718,306.3544069270758,1,12,11,9,24,1
75%,2026-01-03,24.827795482315434,28.20746757785794,20.08885239891168,23.795846967352748,310.1422530776429,1,22,10,10,24,1
75%,2026-01-04,23.65169102865825,27.12632871758561,18.336246282657964,23.45914360072375,298.56797169633387,0,23,1,1,24,0
75%,2026-01-05,17.61717771712838,21.64798054547277,14.928758676669736,14.838027043463416,310.89826575940896,1,3,0,0,24,0
75%,2026-01-06,16.444558199826997,24.499835401927356,13.428057752185417,13.015140055843345,266.1258372141816,0,4,6,4,24,0
75%,2026-01-07,23.136524889339054,29.437717443305456,20.102129001831,19.9278384128128,249.19235441213232,0,17,0,0,24,0
75%,2026-01-08,15.663520377931286,27.554502656152486,7.502795782181151,5.1594803425394415,210.38856563731792,1,7,0,0,24,0
75%,2026-01-09,19.89774310516063,27.249552921791654,15.692151715581454,17.271641692167186,59.70417121855178,0,12,0,0,24,0
75%,2026-01-10,17.119223677071645,20.81817640880844,11.816508890494125,15.986274827187433,56.881494438421896,0,9,0,0,24,0
75%,2026-01-11,20.541982110622428,29.819331699349608,10.364941089358828,20.16330362880985,167.7411261958299,0,9,0,0,24,0
75%,2026-01-12,22.229863069766285,30.060761270151254,18.33681213333384,21.67588432604614,206.209193823163,1,20,10,8,24,0
75%,2026-01-13,17.04658969745531,20.936635679782786,12.022195221691831,15.544649442008367,215.29424505339082,1,5,9,2,24,0
75%,2026-01-14,11.510123256793984,17.479799448979332,6.321344509409966,5.240965922010278,242.26365410199594,0,0,5,0,24,0
75%,2026-01-15,20.83068143228216,25.51160239536363,17.006947595452168,20.018438791994825,190.1188283664364,0,16,2,0,24,0
75%,2026-01-16,15.697662849768944,25.456512637112613,11.201510637979496,13.862704504559147,197.72157181230625,0,4,1,0,24,0
75%,2026-01-17,9.059038802394925,13.402764983904524,5.029215032478807,8.462998765962626,128.86325069996707,0,0,0,0,24,0
75%,2026-01-18,11.54650880957531,14.7229651941903,8.755305885109017,10.876484398356578,109.16038106570733,0,0,0,0,24,0
75%,2026-01-19,12.779496212728198,15.505044317142008,10.221411084393162,12.486929718778095,162.456492692055,0,0,0,0,24,0
75%,2026-01-20,16.023459639213822,19.78036613446726,13.31890735526593,15.889114701956236,157.68887788385314,0,0,0,0,24,0
75%,2026-01-21,21.203140124276096,22.88565390616921,18.052648234199612,20.816807759624766,147.87672800237362,0,22,0,0,24,0
75%,2026-01-22,19.097074486508482,20.604092107957726,16.13454066802039,18.99379871616002,120.81550336928899,0,17,0,0,24,0
75%,2026-01-23,17.392052674599338,19.821038363164693,14.542062768843461,17.31834935961572,129.70811877086373,0,1,0,0,24,0
75%,2026-01-24,16.003950767019337,19.712251075531018,12.561829447708808,15.752622418957355,135.60036423879308,0,2,0,0,24,0
75%,2026-01-25,15.719528445057295,19.862046794381822,6.976392783522642,15.294381921118648,110.43340501864634,0,3,0,0,24,0
75%,2026-01-26,8.157573572668161,15.64326849137765,3.7566772922002283,7.004896216674727,88.21289126923205,0,0,0,0,24,0
75%,2026-01-27,20.974782503537877,25.80122880632738,11.112275935482948,20.50885022475277,122.85582726970165,0,16,0,0,24,0
75%,2026-01-28,8.962249695086951,13.372620867092566,3.2534503103686725,6.866615795572919,123.25653743602726,0,0,0,0,24,0
75%,2026-01-29,10.663246993814239,13.202863905958168,7.117340683624392,10.08329752388023,105.18216814611179,0,0,0,0,24,0
75%,2026-01-30,19.671724328658012,21.532602102332536,13.478923492409798,19.590818704975206,128.9247774107049,0,16,0,0,24,0
75%,2026-01-31,11.844854519603523,19.777959315771604,7.762091996276082,11.309708520620605,159.4278817281761,0,2,0,0,24,0
75%,2026-02-01,13.14745596679729,15.344658083808524,10.53838590875077,12.67668393409902,159.56440253826008,0,0,0,0,24,0
75%,2026-02-02,18.538065497292646,22.86934579835957,13.28811601778249,18.492075784308852,101.36877752947407,0,11,0,0,24,0
75%,2026-02-03,21.542963206150322,24.962032604104603,12.249975183573392,20.9970646370031,103.38694500387493,0,20,0,0,24,0
75%,2026-02-04,15.481069067277005,24.018715873871894,11.494352539672445,12.688335901144528,126.76179495578464,0,6,0,0,24,0
75%,2026-02-05,22.497101239998035,25.272176670258396,18.466973881197486,22.488671525885145,99.1335484698094,0,23,0,0,24,0
75%,2026-02-06,16.806323553923416,19.208746630818588,13.552674130810926,13.868280990347602,122.45849494775354,0,2,1,0,24,0
75%,2026-02-07,16.21588693626475,17.699020094762847,13.932598617682379,15.424928317549556,179.66007726313364,0,0,3,0,24,0
75%,2026-02-08,13.068189749322821,16.137365179891898,10.647142866104923,12.707648396619838,156.54295267929194,0,0,0,0,24,0
75%,2026-02-09,14.881529655520259,16.762841778402375,13.11405040238958,14.766174612121777,142.85552692344515,0,0,0,0,24,0
75%,2026-02-10,13.474641478761953,16.99119925292992,8.987565801485426,13.052950875770138,140.45745045769308,0,0,0,0,24,0
75%,2026-02-11,9.650283518237737,16.850083768086243,3.1788450017812138,7.018906037690387,193.38364917864868,0,0,10,0,24,0
75%,2026-02-12,10.875562378474529,15.570176058234663,1.299461376534149,8.949429064763288,305.8198184394996,1,0,1,0,24,0
75%,2026-02-13,15.036387130240781,20.96063121636235,7.8485043122667255,14.407121216360265,62.14116931603712,0,8,0,0,24,0
75%,2026-02-14,13.031289755953322,20.432739274363595,1.4659914383023167,10.531173737882336,28.78604786516479,0,8,0,0,24,0
75%,2026-02-15,21.45421841504475,27.331469126717735,13.214078116468981,20.711125169849744,178.33044934758357,0,15,0,0,24,0
75%,2026-02-16,18.25006151794222,20.195997015463657,14.711870796261428,17.668179038681004,281.61245758732343,0,6,0,0,24,0
75%,2026-02-17,22.387059168614453,28.178248703127107,10.210080766267136,21.507169735868864,317.46984068782274,1,15,12,11,24,1
75%,2026-02-18,20.12877187612582,29.22632987215784,8.202422672944266,19.376780144991937,103.17239913326216,0,10,0,0,24,0
75%,2026-02-19,22.210571690235096,29.70303415546596,8.002986603209932,21.690591799370257,107.62805702261534,0,11,0,0,24,0
75%,2026-02-20,17.69594432061475,25.793926106608513,6.974914179344154,16.47703220200612,232.3109428766483,1,12,8,7,24,1
75%,2026-02-21,18.55021754847427,22.891238679064287,15.861594443198433,17.980758875633377,248.70727280806312,0,9,4,1,24,0
75%,2026-02-22,20.88697525141908,23.89718357626901,16.853193579698097,20.752494929278715,243.2407097639777,0,17,1,1,24,0
75%,2026-02-23,20.301771860255666,23.562450030670103,12.420116568266828,20.1896121568416,250.50428475222515,0,19,0,0,24,0
75%,2026-02-24,11.131319699014353,16.798855085232265,4.936051716684611,10.147001074969157,203.93686501413436,0,0,0,0,24,0
75%,2026-02-25,14.590502667443815,16.535789223893783,13.134410901199681,14.340576247974361,185.90623443251488,0,0,0,0,24,0
75%,2026-02-26,19.670655075503163,24.843667869370975,14.857646210722086,19.522643705040103,217.84689066726963,1,14,19,12,24,1
75%,2026-02-27,19.53823305891677,23.864154975609026,16.300874107520634,19.446891242920117,206.55206965967582,1,12,6,6,24,1
75%,2026-02-28,17.36316172832752,22.3910465365062,10.81691131524246,14.33611131427914,230.7079526410135,1,5,5,0,24,0
75%,2026-03-01,19.571614201221877,22.88045394833394,13.080821846215269,19.25178067631416,202.7222571093467,0,16,3,2,24,0
75%,2026-03-02,17.086673823154698,20.217284317567277,12.988921921583497,16.98452533587211,183.1696565828865,0,7,0,0,24,0
75%,2026-03-03,10.86678297309612,14.591518773627758,6.434205125558489,6.654079185235071,29.834699477604772,0,0,1,0,24,0
75%,2026-03-04,9.074438749605978,13.010936507022569,5.736011747746265,8.625912336258176,107.48563070866544,0,0,0,0,24,0
75%,2026-03-05,12.319504914695912,13.642532386820617,11.053815216749078,12.254764366330106,145.2290077431877,0,0,0,0,24,0
75%,2026-03-06,8.319315310030799,11.278209445483283,5.041374924410943,2.822366457425398,246.21872953931347,0,0,0,0,24,0
75%,2026-03-07,9.863335315855657,12.013231624515681,7.714885951788851,8.720725750100772,30.465570855667465,0,0,0,0,24,0
75%,2026-03-08,6.006404716389697,9.983001536018936,3.272874236384938,5.360216158353148,93.17852358587339,0,0,0,0,24,0
75%,2026-03-09,4.606439387352844,6.1234986946783945,2.6936692024059488,4.343513292409817,201.2322525252431,0,0,0,0,24,0
75%,2026-03-10,12.192047924356102,21.25789231906332,3.1942384185637374,11.814610665204963,213.6756007668329,1,3,4,1,24,0
75%,2026-03-11,17.244292641334038,25.40958455315634,10.680416373126974,14.919526794931093,230.39460872050842,1,9,0,0,24,0
75%,2026-03-12,26.21480081049243,31.852925945487524,14.319683796340714,25.85631486546664,209.73959315783262,1,8,7,5,24,0
75%,2026-03-13,21.4650574403003,33.32753438005034,11.77007925082914,20.576007576266335,225.82872066973084,1,9,7,2,24,0
75%,2026-03-14,11.518267113039075,14.585680475103512,8.006145124069313,10.707218688030787,308.7569285217862,1,0,8,0,24,0
75%,2026-03-15,17.634366874502003,27.084470447953677,6.93945645150427,16.044138390350273,217.65969047871474,1,11,2,0,24,0
75%,2026-03-16,17.526401688989544,23.657045129481563,11.173411181770549,16.27860003655009,259.51772867992355,0,7,7,0,24,0
75%,2026-03-17,15.869789641079135,18.293475421399084,13.95350856530044,14.744092274140392,204.0262094079994,0,0,9,0,24,0
75%,2026-03-18,13.363442529940485,15.2291816367366,10.801179271585514,12.27132668094122,137.76792708515848,0,0,0,0,24,0
75%,2026-03-19,7.404440544500232,11.515369092470596,3.2512169528757138,5.901667898860831,59.16889232216471,0,0,0,0,24,0
75%,2026-03-20,12.34905558365125,13.631898890430763,10.92527940444933,12.239931310003795,65.78608722202574,0,0,0,0,24,0
75%,2026-03-21,10.738314376623869,13.654387119507884,8.41830407170094,10.541184875472005,61.339619887220636,0,0,0,0,24,0
75%,2026-03-22,7.256593914732712,12.176370296730065,1.904245710256837,6.260326164504727,88.82966104527253,0,0,0,0,24,0
75%,2026-03-23,6.594185731116436,15.103919449876575,0.46097653464771765,3.170806649789533,253.53706863848385,0,0,2,0,24,0
75%,2026-03-24,22.78936548587647,30.33558701537943,15.99560171256912,22.70811897395983,221.9644099073439,1,17,23,16,24,1
75%,2026-03-25,24.78926389544532,30.52104027166526,21.31331290777351,22.624407717486008,293.8059213683907,0,18,5,5,24,0
75%,2026-03-26,19.815120188531257,24.66303267222122,4.332397906297029,19.765112042140192,331.6745243601286,1,18,12,12,24,1
75%,2026-03-27,16.437635324481928,21.021026486554597,4.46921762022674,15.10011611587888,221.53692139376162,1,6,7,2,24,0
75%,2026-03-28,18.722735361957064,20.339755512256104,15.996355063139509,18.363118631350723,308.2503224463545,1,12,5,2,24,0
75%,2026-03-29,19.36021455589642,28.71388769206308,11.24647976671491,15.822371213231053,254.37608826166567,0,11,8,7,24,1
75%,2026-03-30,21.12688680864366,26.11921487459482,10.827394586779121,20.299131756403824,310.6335189010807,1,17,4,4,24,0
75%,2026-03-31,8.595571541703633,14.169608182587831,0.8913909668023875,8.259089794586677,300.1150728488218,0,0,0,0,24,0
75%,2026-04-01,5.620904283341063,8.026267974894441,3.0249950505147334,5.281376566400276,195.9309223338468,0,0,0,0,24,0
75%,2026-04-02,11.801446584519221,18.94247123834951,2.6033539269780057,9.35146242221968,326.0685681614849,1,1,0,0,24,0
75%,2026-04-03,21.505476854365355,25.904311215697078,11.180408566930424,20.01844185945185,214.92264370574017,1,16,4,4,24,0
75%,2026-04-04,17.06458608641511,31.315253227676617,7.753225417082296,14.347290958614277,219.56510847755175,1,6,1,0,24,0
75%,2026-04-05,20.187196063590225,31.613859912248696,14.852259426710631,18.70110776361777,256.2106812887069,0,3,3,0,24,0
75%,2026-04-06,8.563882370717545,13.922245934724062,4.921970258103464,1.866445338895129,224.33020896060216,1,0,0,0,24,0
75%,2026-04-07,14.111162273371505,15.965880301187127,12.557207065272399,13.738228391601744,103.4818076321929,0,0,0,0,24,0
75%,2026-04-08,11.27814348294877,15.692474648569226,8.374230692081856,11.116133720352956,125.20423866808812,0,0,0,0,24,0
75%,2026-04-09,12.826178521956145,23.027597848132515,8.96115583872339,7.124945605569565,216.33023637618578,1,2,2,0,24,0
75%,2026-04-10,13.88977590715342,23.9745171526682,5.66648094241149,6.432028440651932,277.93527632839636,0,7,3,1,24,0
75%,2026-04-11,18.57524151849238,21.50207266515816,13.01831561749013,13.543089659212285,179.85506633011994,0,10,4,3,24,0
75%,2026-04-12,18.09045807092942,22.50476611471219,10.342608042769108,17.955840136559342,201.2755987525264,0,9,3,1,24,0
75%,2026-04-13,4.1557205902116845,10.269033328640699,0.9283793588866192,1.4550276430184796,254.278449694035,0,0,0,0,24,0
75%,2026-04-14,8.204479487895238,15.84881389796877,2.035428121975722,6.428688887002131,186.7087493213446,0,0,1,0,24,0
75%,2026-04-15,16.405312733596116,17.817109906365683,15.183044590252539,15.788586948250954,183.85843938503496,0,0,1,0,24,0
75%,2026-04-16,14.78546213223928,17.264560949964643,12.059441072996595,14.62982292154098,217.36061615869593,1,0,12,0,24,0
75%,2026-04-17,11.261857720738874,12.640391583428253,9.40066300028764,11.0719706824713,199.92422242176676,0,0,3,0,24,0
75%,2026-04-18,7.409961465941748,12.462317822503095,2.7363185433369828,6.8688296398229935,248.6014253036394,0,0,1,0,24,0
75%,2026-04-19,11.76593490378447,13.662237815994052,9.829056784624761,11.081323742714433,345.05787131541314,0,0,4,0,24,0
75%,2026-04-20,12.685750771668834,17.17490610884919,9.00349523474151,11.343190874938967,20.479032555503636,0,0,0,0,24,0
75%,2026-04-21,17.928571694549326,19.659072270088707,16.47577457454261,17.836661179936048,60.2330741896439,0,8,0,0,24,0
75%,2026-04-22,15.39888541122478,17.852428118302004,12.468115879599756,15.11033843468664,62.176325307226875,0,0,0,0,24,0
75%,2026-04-23,12.44234413701948,14.217535639591793,9.990271948428635,12.149273267817348,33.32462492188705,0,0,0,0,24,0
75%,2026-04-24,10.440747333852743,12.277961050511111,5.957274920165729,10.283687940803762,20.020181703199,0,0,0,0,24,0
75%,2026-04-25,6.35143725641225,11.215991553740935,2.6032993030702576,2.858124026598736,325.8884827129884,1,0,0,0,24,0
75%,2026-04-26,8.430666237110314,10.804171707396579,4.996992092286692,8.166549805293059,63.10408175939261,0,0,0,0,24,0
75%,2026-04-27,8.236666673841933,16.451340783273935,3.730246164949197,7.854201599699143,72.29349139146143,0,0,0,0,24,0
75%,2026-04-28,19.758945547207762,22.36770643995496,16.454164285511848,19.632655352001766,52.40798374440601,0,17,0,0,24,0
75%,2026-04-29,20.23179909447834,21.267866642401447,18.439557277444592,20.021828370635216,69.29720523827189,0,22,0,0,24,0
75%,2026-04-30,18.19664827958129,19.86727831743963,16.4945435443547,17.928025035450567,104.21059668968729,0,11,0,0,24,0
75%,2026-05-01,12.067198496270372,17.114786768499123,7.685655688491824,11.61394742997527,145.66125875716762,0,0,0,0,24,0
75%,2026-05-02,8.579461614718376,10.9757172085349,2.5707854660568414,4.844108564915195,204.5508392925437,0,0,4,0,24,0
75%,2026-05-03,7.9132999207288215,10.739567289969585,4.7969087410276945,5.390852518646856,182.9556877209416,0,0,1,0,24,0
75%,2026-05-04,8.133361845811802,12.900108471813805,3.707808263236841,6.958657955277018,26.856632562522577,0,0,0,0,24,0
75%,2026-05-05,11.770345532794913,13.414218514974845,9.198864600953188,11.710761957272764,38.16752487599979,0,0,0,0,24,0
75%,2026-05-06,13.979940611574726,16.546708885510736,11.532342107284437,13.912242586150631,31.70849806900617,0,0,0,0,24,0
75%,2026-05-07,8.627198539439549,12.127913060766844,6.026556330874883,8.326651637800138,56.06952841379251,0,0,0,0,24,0
75%,2026-05-08,6.930176721765057,8.526019544221395,5.558121502943053,6.489598578839121,82.53804493242245,0,0,0,0,24,0
75%,2026-05-09,7.72608423882609,11.655470160886004,4.763081610694031,7.3908777741992235,49.923670704978235,0,0,0,0,24,0
75%,2026-05-10,17.07546112469563,19.536414129905626,10.978486913810347,17.001547609842053,23.176847168285633,0,8,0,0,24,0
75%,2026-05-11,18.754827353226144,26.629562616109165,9.144474282891673,18.163909527456536,332.29869015545364,1,14,4,4,24,0
75%,2026-05-12,16.527311383879226,23.00907748452405,13.434949842620394,14.091830974434757,287.05044221285004,0,5,5,5,24,0
75%,2026-05-13,12.280818353902818,15.81969930758209,7.590061342904629,11.195714893310141,278.53966955748575,0,0,4,0,24,0
75%,2026-05-14,12.67044424994392,16.133281668893677,9.332832739696352,11.609379547165261,351.12266488698197,0,0,2,0,24,0
75%,2026-05-15,17.023712207977834,20.064758800170473,12.897173945002564,16.93257511188803,318.5941869691436,1,4,20,4,24,0
75%,2026-05-16,12.424748749695858,14.74598392700068,9.133853746497438,11.0685209408905,243.61184510162792,0,0,4,0,24,0
75%,2026-05-17,10.308046724087303,15.58571489616917,5.6862716666007,9.641819926851332,219.66769758413844,1,0,7,0,24,0
75%,2026-05-18,10.3411895225083,13.476986437807083,3.597845810756748,10.1320668433355,216.787773610277,1,0,4,0,24,0
75%,2026-05-19,18.850615022580147,21.37400971522031,14.00728403257009,18.33890912309337,183.9175412816011,0,11,0,0,24,0
75%,2026-05-20,17.917747296955472,21.54845996018005,14.78204398265703,17.687861608181986,229.07037557378305,1,8,15,7,24,1
75%,2026-05-21,12.50488480452939,15.914900114005025,9.726274614989137,11.545647263593157,221.98231696685542,1,0,2,0,24,0
75%,2026-05-22,9.721293833044973,11.906761569310238,6.9964905286482395,8.973148866535261,163.45613287961544,0,0,0,0,24,0
75%,2026-05-23,9.237017049282796,12.571968712106075,6.065671535123972,2.234920463424409,212.06368220151282,1,0,2,0,24,0
75%,2026-05-24,6.464515053632468,9.876995898438949,3.9041508424734954,6.304762900716473,89.252005993181,0,0,0,0,24,0
75%,2026-05-25,6.413823697210645,10.3614391429981,3.5967028472025406,6.121100905239734,150.31684605218004,0,0,0,0,24,0
75%,2026-05-26,8.375824830257278,14.085745996354715,2.496714584264306,2.5084384024802437,162.27143717267302,0,0,1,0,24,0
75%,2026-05-27,15.746385542103248,16.739505744714013,13.715713190569646,15.679809102090292,59.768530643475174,0,0,0,0,24,0
75%,2026-05-28,14.140861922473057,15.796738276678337,12.434812704678164,12.999242669870846,108.85507038204906,0,0,0,0,24,0
75%,2026-05-29,7.140982876011807,15.69034682994506,3.4291063093777643,3.4242131634854567,217.08658250674108,1,0,0,0,24,0
75%,2026-05-30,7.463208375586761,13.001983256425786,2.3870638635249577,3.9310453358339092,78.28394547148514,0,0,0,0,24,0
75%,2026-05-31,6.141129337880966,11.246503983368903,2.6715642744517085,2.825479118716957,279.75864021424974,0,0,0,0,24,0
75%,2026-06-01,10.321337652247456,15.955767192011146,2.096403440943224,9.889194467471697,210.1439676851558,1,0,0,0,24,0
75%,2026-06-02,12.444079580005125,14.925703758753954,9.737653834533708,11.240303408949108,208.07053479044086,1,0,1,0,24,0
75%,2026-06-03,19.545667040959483,25.690982977245042,12.689614415982836,17.93937018287794,220.13325660479583,1,13,5,4,24,0
75%,2026-06-04,21.64719405464099,24.22670700482871,17.34337391229,21.336111470238375,221.88920982873182,1,19,19,18,24,1
75%,2026-06-05,12.947604632926394,17.995031181257026,8.782251914709715,11.638567472761236,236.84250042728274,0,0,0,0,24,0
75%,2026-06-06,18.49527348834801,24.395374615710868,12.491382489788064,17.135544835410986,186.4796375136752,0,9,1,1,24,0
75%,2026-06-07,17.884554160045045,23.409036264726744,14.382379479388028,16.643949158046404,231.2062670826088,1,7,0,0,24,0
75%,2026-06-08,13.46621106234059,16.864717980726493,10.365058003746553,11.646555476046565,215.01331977145392,1,0,2,0,24,0
75%,2026-06-09,14.770446276486979,18.803788953530013,10.032425142309819,14.021112222968181,251.64092411561302,0,0,1,0,24,0
75%,2026-06-10,11.936911614400223,15.797435174302413,8.024997605332977,11.791425301650785,255.98450691056297,0,0,0,0,24,0
75%,2026-06-11,14.987699372895284,22.232442308878444,10.121519525456169,13.564855562434118,243.24341472263865,0,4,2,1,24,0
75%,2026-06-12,15.84265481635657,18.307973414868723,12.755844279585851,15.086044268493488,257.76641775058897,0,0,0,0,24,0
75%,2026-06-13,15.964537810739229,21.386743058214133,10.732444197280683,15.824319394096998,279.93588197283515,0,4,0,0,24,0
75%,2026-06-14,16.12345667092358,19.169889442545543,13.325540325907184,15.988828442690115,310.6106496649218,1,0,13,0,24,0
75%,2026-06-15,8.997492719018496,15.203943597249614,2.475585906319779,4.261492522334538,337.6772148063973,0,0,10,0,24,0
75%,2026-06-16,7.691930973381507,14.895871856833814,1.910839707688123,6.522869563939741,91.48884223220313,0,0,0,0,24,0
75%,2026-06-17,14.555496471210441,17.537907667965445,9.750521120434257,14.177755383044587,219.56117151100716,1,0,16,0,24,0
75%,2026-06-18,9.365002852641128,12.328176350092434,7.655265444550907,8.228096621277896,210.99891522812766,1,0,1,0,24,0
75%,2026-06-19,10.94543590969351,14.781129044106873,8.741991684546255,10.292738851066217,194.10068102311712,0,0,1,0,24,0
75%,2026-06-20,7.283346090056008,10.54927092591744,1.0411104452265334,4.875174760875095,229.13284602246543,1,0,1,0,24,0
75%,2026-06-21,11.675410650276918,17.125416720648296,4.7362304181697965,11.005429563160028,55.93482058985762,0,0,0,0,24,0
75%,2026-06-22,15.4140684091806,16.753838871020456,13.357790608057906,15.351106587457998,61.13038061942029,0,0,0,0,24,0
75%,2026-06-23,9.010564798384173,14.343763750192537,5.636839358462802,8.691545370349386,102.3102710238694,0,0,0,0,24,0
75%,2026-06-24,8.805408901754431,14.42716019055342,0.9272707487716993,3.9529094679382664,64.78317907124222,0,0,0,0,24,0
75%,2026-06-25,15.016717909391787,18.027911777229228,12.276197007574348,14.565785119578472,64.1350530680233,0,0,0,0,24,0
75%,2026-06-26,12.596023423299549,16.068929174183516,9.156795595193183,8.469972319539277,172.5371499673854,0,0,1,0,24,0
75%,2026-06-27,6.114062371377543,12.20709314984282,2.2745289949678957,1.2146857801095146,336.290374650046,0,0,0,0,24,0
75%,2026-06-28,14.34780523557793,17.837164051969584,11.58157520482867,12.72992200816287,210.60055936183707,1,0,9,0,24,0
75%,2026-06-29,7.699085764328838,13.199611236073618,1.3293393912617877,5.697307729875472,285.2738154812365,0,0,0,0,24,0
75%,2026-06-30,6.757866044267996,8.51684699025643,5.106174400620778,6.02914114102626,173.06936375847386,0,0,0,0,24,0
75%,2026-07-01,4.9812769996789426,13.805336327642044,0.6270911578728748,3.539411839013079,229.34617699731479,1,0,1,0,24,0
75%,2026-07-02,14.02157264196993,21.404098830580846,4.8864972732281515,10.949982936833456,267.0526006661635,0,6,3,0,24,0
75%,2026-07-03,11.015252832648981,15.990906870894603,2.3466123091152733,7.606136968097554,275.89669991779976,0,0,3,0,24,0
75%,2026-07-04,12.08920596252068,16.4455737444497,5.701626041738254,11.390777337129238,255.20073873210606,0,0,0,0,24,0
75%,2026-07-05,10.521626903618797,15.491590712463132,3.58536700952097,8.94662275756565,281.1599168722937,0,0,0,0,24,0
75%,2026-07-06,11.356482428547011,15.059935813828632,4.410894328238829,10.08993945917773,259.578099329611,0,0,3,0,24,0
75%,2026-07-07,8.533988013341334,13.978681525978299,3.311364140875593,7.38556780576138,286.87848128375924,0,0,0,0,24,0
75%,2026-07-08,5.317046300078596,8.900403018081988,1.6971305390482447,4.23973492569882,300.6553152494092,0,0,0,0,24,0
75%,2026-07-09,5.962291532248863,10.691723923460653,1.410235631149018,5.457718557316334,103.9266558171222,0,0,0,0,24,0
75%,2026-07-10,10.20679688383622,13.746175425092058,6.376765693407125,9.285021599460423,71.08529545956321,0,0,0,0,24,0
75%,2026-07-11,13.259043858227514,18.153334502735056,11.146258319158004,12.993477234384764,42.48754754968911,0,0,0,0,24,0
75%,2026-07-12,17.531490598763746,20.379735027479466,14.599043035665273,17.381723712106197,42.060365960962486,0,7,0,0,24,0
75%,2026-07-13,17.085835126644092,19.712556209901376,14.43137372351228,17.037083611671726,32.80342608726119,0,1,0,0,24,0
75%,2026-07-14,15.801612452903335,18.240112813091002,13.862517486383584,15.67819399025865,42.40694204838303,0,0,0,0,24,0
75%,2026-07-15,15.246364774084688,17.413795764014097,12.478989799659315,15.204953813741449,40.191090314508756,0,0,0,0,24,0
75%,2026-07-16,13.968380999038551,16.44645611830192,10.362385914041315,13.714461492666908,27.470508052164803,0,0,0,0,24,0
75%,2026-07-17,12.102894331459312,13.601471562301118,10.13283429199293,11.956707684564712,339.3543706918753,0,0,0,0,24,0
75%,2026-07-18,15.58462994507603,19.185155808996672,10.244610351263297,15.495497011876635,331.87095869659026,1,5,5,0,24,0
75%,2026-07-19,16.949133253407346,18.82698459244788,13.167956852873111,16.887640763169202,339.0928458202324,0,3,0,0,24,0
75%,2026-07-20,13.768599335216832,16.550757656967154,9.974344183941747,13.596533830525985,356.39766109045115,0,0,0,0,24,0
75%,2026-07-21,10.229935952387558,14.001192832352839,6.442685544315046,9.95908439145869,347.8272863865396,0,0,0,0,24,0
75%,2026-07-22,15.14028930691272,17.292867309109567,11.520940023707704,15.079833274714568,330.0444940670087,1,0,11,0,24,0
75%,2026-07-23,9.827722562236788,16.301084334292362,0.8723877706336811,9.689793585197378,334.3886766846891,1,0,3,0,24,0
75%,2026-07-24,6.421118255064247,10.122409165791373,2.8612033304259095,6.078137535574752,200.05549215284046,0,0,0,0,24,0
75%,2026-07-25,9.79912845384089,14.257650593992583,6.317554011184833,7.662835846939605,248.7036322624544,0,0,1,0,24,0
75%,2026-07-26,13.92450824094576,19.37847262266482,4.126524683896433,12.50020872781674,273.1788755182205,0,0,0,0,24,0
75%,2026-07-27,12.661434935494768,19.2398236233231,4.690702480629842,10.114359447837334,283.6830630675195,0,2,1,0,24,0
75%,2026-07-28,9.58500387095746,12.668463337772653,6.14734595281523,8.971617649642006,205.500259902263,1,0,2,0,24,0
75%,2026-07-29,8.701055704294372,12.89746768085326,6.406567718766134,8.157259383789656,175.00644055307214,0,0,0,0,24,0
75%,2026-07-30,7.243049815868074,13.180320722347036,1.7055529029509644,3.400970976901902,287.2348068781775,0,0,2,0,24,0
75%,2026-07-31,9.564511622202135,14.101658468367134,4.215802146012898,8.28981792217582,23.22754774127725,0,0,0,0,24,0
75%,2026-08-01,3.2214075919950194,7.8524172185388625,0.43859340742270553,0.7357214533718976,145.0314132182083,0,0,0,0,24,0
75%,2026-08-02,9.347687767132552,17.48283975649662,3.7782957800123578,8.165168052784447,68.77617710845277,0,0,0,0,24,0
75%,2026-08-03,9.60504196314349,17.363245559536622,1.4539785896749247,8.320426155569601,43.98782514246744,0,0,0,0,24,0
75%,2026-08-04,11.037927013401806,20.83799532635228,0.2564128248065739,10.19061959405748,203.78903900044526,0,5,5,5,24,0
75%,2026-08-05,17.466141029187806,20.753841041741186,13.248842381204852,16.5495019959498,231.03301832634523,1,8,18,8,24,1
75%,2026-08-06,14.185698583452433,17.517220522176906,7.546385540092076,13.551094583051414,288.57853387212066,0,0,1,0,24,0
75%,2026-08-07,5.937941673939414,7.909020982865904,1.4589313896142762,2.6189100797815006,259.098697340334,0,0,0,0,24,0
75%,2026-08-08,8.877628823829175,11.49675576847269,4.057303474796309,7.334798688417284,142.07806555826073,0,0,0,0,24,0
75%,2026-08-09,9.16755117230156,14.638249749849365,6.806028714187126,7.781675848578971,193.45578146488265,0,0,3,0,24,0
75%,2026-08-10,12.329303508742205,14.42706100708303,10.46761852566516,10.980180856707769,350.3633952925659,0,0,0,0,24,0
75%,2026-08-11,12.551815048552413,18.576792464936325,8.530863677276106,12.180503044136321,78.32130660128121,0,2,0,0,24,0
75%,2026-08-12,13.654009944455135,17.787376812701506,11.06980287093821,13.409954331106105,100.89571233309903,0,0,0,0,24,0
75%,2026-08-13,7.393855066417987,11.383483966940439,4.894719883027207,7.249023659164254,111.06875459897435,0,0,0,0,24,0
75%,2026-08-14,7.083783292395366,8.360665430832693,5.62226164943499,3.3905451659515813,255.97672829389091,0,0,0,0,17,0
50%,2021-01-01,10.299283459991951,13.768661693710797,7.952454024807042,10.0707537371403,317.64754729180925,1,0,9,0,24,0
50%,2021-01-02,9.477349206984934,12.44968258393141,6.500147805663892,8.608151829597379,352.3048140584065,0,0,3,0,24,0
50%,2021-01-03,15.95179745566687,23.454166675298968,10.05092509789425,15.597469468838687,70.17092848605597,0,9,0,0,24,0
50%,2021-01-04,24.598813014532936,28.13745126897843,21.525670025830742,24.53195235792971,60.601253207661216,0,24,0,0,24,0
50%,2021-01-05,20.769437277480293,22.174033008600478,18.307282306678875,20.65615013828263,65.31413376152864,0,22,0,0,24,0
50%,2021-01-06,14.872980002313312,17.953881416433504,11.424505173616756,13.262273899795373,40.68168723024462,0,0,0,0,24,0
50%,2021-01-07,17.69268878383484,19.997142995233226,16.0335983424904,17.28829047509006,343.2670479378222,0,3,0,0,24,0
50%,2021-01-08,10.77543425995278,16.29881271018052,6.70589288741232,9.085651965417725,6.772221492818858,0,0,0,0,24,0
50%,2021-01-09,11.859940319507281,14.819893659204647,9.38068269888468,10.514450809682613,333.4423166155215,1,0,7,0,24,0
50%,2021-01-10,13.961319786945944,16.66951748069372,11.971913533596414,13.829838099404798,269.60691516391563,0,0,0,0,24,0
50%,2021-01-11,21.692295707937564,23.934641510711756,18.07465356921172,21.629928970934017,251.3765783213081,0,22,0,0,24,0
50%,2021-01-12,19.40343218507387,23.699659047380848,15.27540156082946,17.135116813378964,311.4393308603553,1,14,12,7,24,1
50%,2021-01-13,16.4999713377528,20.50629865670581,10.663506242082507,15.64472477526069,301.6574018651686,0,1,6,0,24,0
50%,2021-01-14,15.698553010374212,19.40354846975292,7.789320287772341,14.72675693989937,94.37173276294766,0,1,0,0,24,0
50%,2021-01-15,8.24242689940526,16.535046088942565,0.7999561007083198,6.886791796658922,40.62079157993912,0,0,0,0,24,0
50%,2021-01-16,16.8881239977387,23.505956238415884,5.815160466001803,13.994148498222962,214.3090729430683,1,10,4,0,24,0
50%,2021-01-17,17.99402020852359,19.954185432088657,15.89908319803149,17.689585995418348,306.61501719769046,1,5,10,3,24,0
50%,2021-01-18,19.671167284854402,24.782092356426176,17.440108036033298,19.042850535462662,255.3103901846008,0,16,2,2,24,0
50%,2021-01-19,26.403984538393104,29.391873014640005,20.681642420940967,25.453113220862132,229.10797880522554,1,22,14,14,24,1
50%,2021-01-20,28.19414435717276,29.691494133398663,26.498595826729932,27.759488548979387,201.9122693887759,0,20,10,7,24,0
50%,2021-01-21,28.42152556816906,35.7410103477501,16.316028306693344,26.767165599144672,224.31285452447295,1,5,13,4,24,0
50%,2021-01-22,18.53861525923892,23.99062650665994,12.936274851325631,17.998950808707665,256.1528626982083,0,12,2,0,24,0
50%,2021-01-23,13.484037928906703,17.09419259133771,8.583719287372952,11.35700170193306,273.4585656981804,0,0,4,0,24,0
50%,2021-01-24,11.491535683421683,16.217087887471404,5.898842397585085,2.193602397597822,262.1238915958023,0,0,3,0,24,0
50%,2021-01-25,17.275134892915094,26.987322066246445,9.82455622445253,13.684228800157435,300.978468032742,0,9,0,0,24,0
50%,2021-01-26,18.433441263205594,26.944307780304147,11.277489264144858,14.196148328754187,264.77420089081784,0,11,3,1,24,0
50%,2021-01-27,14.382244448285135,23.547180243573475,3.235690093602565,11.020705284750257,257.0948531169638,0,5,0,0,24,0
50%,2021-01-28,10.652211169908997,17.042286105343987,2.473037551040976,8.634859184436344,118.21766510050054,0,0,0,0,24,0
50%,2021-01-29,19.092815553157166,23.043095958441288,12.872803256762753,14.248180454559598,274.4450075103736,0,13,3,0,24,0
50%,2021-01-30,20.88025333530574,24.509535348792284,15.710447733130328,20.497086237133615,80.47247119704531,0,19,0,0,24,0
50%,2021-01-31,18.035625659804964,21.18390192772491,15.942039609650491,17.554864920520743,92.98756553144176,0,7,0,0,24,0
50%,2021-02-01,11.411438878273016,18.058913336649173,2.1602662275457165,9.133289524729468,49.70185953421628,0,0,0,0,24,0
50%,2021-02-02,14.757045152028752,22.515645192133817,3.0321614851054624,9.612360571704967,165.3021439328271,0,7,5,3,24,0
50%,2021-02-03,14.254221900036365,21.574173171163494,7.514287882420676,13.014619379991192,242.1138405722817,0,5,10,5,24,0
50%,2021-02-04,11.804477958767782,19.08987593327358,7.3762509441165856,5.633617187914593,211.9353542766897,1,1,2,0,24,0
50%,2021-02-05,8.660656592193773,12.435650767320443,2.678613816645101,7.263463738124267,162.3862116195163,0,0,1,0,24,0
50%,2021-02-06,18.115191523003165,29.34588708708363,6.530951961777222,17.805702536446557,84.70728951694878,0,8,0,0,24,0
50%,2021-02-07,31.320182917310515,33.932660693138416,29.174565597498407,31.259759833436263,66.84677464773154,0,2,0,0,24,0
50%,2021-02-08,26.329491006736063,29.664378229823612,23.390615488314165,26.32067945262675,73.07939060486513,0,23,0,0,24,0
50%,2021-02-09,17.91003480799831,23.590040503511666,14.399745594761246,17.87085799282128,78.56430453388941,0,7,0,0,24,0
50%,2021-02-10,14.567755064694522,17.195389423752626,11.320435057444994,14.372180390629824,65.05667759708507,0,0,0,0,24,0
50%,2021-02-11,12.065941062477604,15.756985918144963,9.48530559633464,11.723227459491444,109.5666766364439,0,0,0,0,24,0
50%,2021-02-12,20.36514403589345,25.147255108175745,15.922688457125748,20.13098759639627,101.99784464901256,0,16,0,0,24,0
50%,2021-02-13,22.38244262716243,24.70402125384512,20.20599313813919,22.104634549082704,127.51382128938582,0,22,0,0,24,0
50%,2021-02-14,24.827577085721135,26.55854424797133,23.16609626002971,24.73962671158787,165.01568750122215,0,24,0,0,24,0
50%,2021-02-15,18.796662450587007,25.320959236362263,13.785877823712918,17.635216031290135,203.24417729861327,0,13,9,1,24,0
50%,2021-02-16,19.219927193408374,21.814267412476738,15.86526681806214,18.385857990440734,209.3626977044399,1,16,7,4,24,0
50%,2021-02-17,21.18658015787309,23.091015339179073,17.67439632217582,20.56501969337777,217.23675205503076,1,19,14,12,24,1
50%,2021-02-18,22.03687228187786,25.36504219172237,17.09871457036755,19.114276343273517,196.07768802388478,0,20,0,0,24,0
50%,2021-02-19,20.399555156687835,22.304484035213097,16.809542005388955,19.26595587658894,196.75099922475664,0,20,3,0,24,0
50%,2021-02-20,21.885511427693714,24.272556206424163,19.611832638970206,21.804918055006485,177.43540265360525,0,24,0,0,24,0
50%,2021-02-21,13.82936909927316,21.858677672276404,9.20441120773783,13.276908328603865,181.34426366467946,0,4,0,0,24,0
50%,2021-02-22,14.222202184685793,18.161277804764744,10.079325955557351,13.601657951686303,194.57398096945747,0,0,5,0,24,0
50%,2021-02-23,18.453447108147426,26.47910448557303,11.75812240830352,18.373899827312897,202.35427131073988,0,12,7,1,24,0
50%,2021-02-24,20.237437357154676,25.137413587636598,16.05639885635018,20.044300890498356,203.83724347374084,0,16,8,8,24,1
50%,2021-02-25,11.345955150102215,19.193392510254526,0.3994285037086502,8.667286719835126,240.66104359558705,0,2,5,1,24,0
50%,2021-02-26,9.472041086567568,11.558558504030097,5.875273670772174,9.429905777494497,313.7431061849959,1,0,16,0,24,0
50%,2021-02-27,4.2325880687490995,6.712779054673286,0.5897585954222747,3.3948915349086666,345.0850952453383,0,0,1,0,24,0
50%,2021-02-28,8.198775832089416,13.9665073381566,3.9590363930505275,7.965215356772953,65.98099762675082,0,0,0,0,24,0
50%,2021-03-01,12.323963956939147,14.451016448575722,10.723490572810677,12.164796723082233,89.92983705925496,0,0,0,0,24,0
50%,2021-03-02,7.567573665099567,10.907567264367588,0.8184366793112066,6.744450805966351,84.22992796143512,0,0,0,0,24,0
50%,2021-03-03,6.461782979767036,8.134227570223352,4.502550359331451,6.250220755766221,323.7348690753585,1,0,12,0,24,0
50%,2021-03-04,12.835182535928281,19.533485647167186,5.57527284423198,12.527391053013814,15.168022506650459,0,2,0,0,24,0
50%,2021-03-05,13.526846955368953,18.49126921586406,8.922529084618134,13.491302573611117,37.33528938440577,0,0,0,0,24,0
50%,2021-03-06,5.3312286866162015,8.715151803150455,2.795250011537385,5.073655726031703,53.10938273231943,0,0,0,0,24,0
50%,2021-03-07,6.04598850945959,7.600539356695565,2.1603804199019114,5.745535535764555,311.08650994092443,1,0,10,0,24,0
50%,2021-03-08,12.129652457445252,15.657068932442339,6.545720056823596,12.051677078898818,250.91460443233132,0,0,0,0,24,0
50%,2021-03-09,9.953117186200565,15.343931464616425,1.624492836516774,7.268005335428937,302.85450289818976,0,0,8,0,24,0
50%,2021-03-10,23.25380151539377,31.004423926820316,12.10429681065722,23.019614271459034,200.64256946421597,0,11,4,0,24,0
50%,2021-03-11,29.172786566662907,38.339171927749724,22.72829398637109,27.964630701848073,236.10825350166112,0,11,9,0,24,0
50%,2021-03-12,23.446632783508235,26.744564895225146,21.20134972413731,22.93672647290465,237.86339665828967,0,24,9,9,24,1
50%,2021-03-13,27.135196891161797,32.044845645814355,21.641860854713368,24.981031036710327,248.50680920763511,0,13,2,1,24,0
50%,2021-03-14,18.904655214334383,22.254516080595792,15.832610836424081,18.50303027077258,281.55319461712725,0,15,0,0,24,0
50%,2021-03-15,19.039791865839685,21.763897173381842,15.669858124712434,18.97906611566181,323.0413051492858,1,11,23,11,24,1
50%,2021-03-16,12.80783833673515,25.61925364150398,5.318168145998123,10.572341785333963,318.1932588982372,1,2,1,0,24,0
50%,2021-03-17,18.395360081620563,23.016226984840333,13.250805904801624,18.284305192105567,354.17344911198694,0,9,0,0,24,0
50%,2021-03-18,16.24024492108526,18.08732221758605,11.834875339511763,15.844441524120505,359.3926504954961,0,0,0,0,24,0
50%,2021-03-19,13.53153564667476,17.194818681612375,12.011902014634718,13.045396160746586,33.975574023514014,0,0,0,0,24,0
50%,2021-03-20,9.012830928364684,12.76942136703918,5.563893697615285,6.517068775624324,308.20338384719213,1,0,3,0,24,0
50%,2021-03-21,16.264733082585384,18.902339120130517,12.438886252115555,15.986844601519472,347.87037559114447,0,1,0,0,24,0
50%,2021-03-22,8.003263846334654,11.813370525803572,3.9954595922355503,4.800021574952863,272.06432163432567,0,0,3,0,24,0
50%,2021-03-23,11.42580210729875,16.811099039743464,5.995981990586786,11.16219568211851,225.69448619387293,1,0,10,0,24,0
50%,2021-03-24,13.510904697040543,15.951072084272347,11.74269818660525,13.457588449811704,227.5641434877521,1,0,18,0,24,0
50%,2021-03-25,14.394144832645388,20.514089972811377,8.406491251384304,14.080804225400534,226.27724681637886,1,6,13,6,24,1
50%,2021-03-26,20.977125435980337,23.916158748614667,17.552089624081336,20.219110185961405,210.5096174765805,1,19,7,7,24,1
50%,2021-03-27,19.431882236624087,23.763766490700274,13.900849387727728,18.62969488542496,249.31146188844184,0,14,6,2,24,0
50%,2021-03-28,25.00294862639467,26.805727516757084,21.30186955096508,24.981757197685962,222.47267620078793,1,24,24,24,24,1
50%,2021-03-29,20.056304998697463,24.880765976373365,16.056699101778676,19.921576070631602,226.76465754287088,1,17,20,14,24,1
50%,2021-03-30,8.399097648747523,15.423366898345051,5.166207201043828,6.443898686870661,203.63082658859489,0,0,1,0,24,0
50%,2021-03-31,7.3485162188313,9.012688501375886,5.929029742279622,6.739641727691331,201.81810485448707,0,0,7,0,24,0
50%,2021-04-01,16.763832927150897,19.23913595353115,7.906119307599864,16.158875701362213,24.254722064251382,0,8,0,0,24,0
50%,2021-04-02,16.80211588036271,20.032631414335576,14.314278521962585,16.28819783154921,9.440177925017736,0,6,0,0,24,0
50%,2021-04-03,16.84130272996386,20.833622558223283,11.75979700358715,16.803731850377545,11.115134108237669,0,7,0,0,24,0
50%,2021-04-04,12.790784279395849,20.556016858970317,6.146081143467407,8.606458453551262,263.3900921065699,0,4,4,0,24,0
50%,2021-04-05,26.75422844812954,32.295728986777824,21.684333898395675,25.602693067620564,319.4028759339904,1,20,9,6,24,0
50%,2021-04-06,25.96102834897513,28.154477318111773,24.567810622152393,25.795098277391368,323.26430009758934,1,24,22,22,24,1
50%,2021-04-07,23.997186410268583,31.929155562519703,13.949910935287303,23.90493015149479,311.66130729951436,1,14,20,12,24,1
50%,2021-04-08,17.9640787731395,22.549898199720168,11.40685859571417,16.65948505665401,231.08609382997744,1,13,14,13,24,1
50%,2021-04-09,12.005778405906277,21.628566055830888,3.5016730192612795,7.962474350235021,256.3840025476951,0,5,0,0,24,0
50%,2021-04-10,16.44292084107867,21.678040450111496,9.1471086602445,16.13844341310069,55.566600424166836,0,11,0,0,24,0
50%,2021-04-11,15.72681333877307,20.427058531791644,11.432526019181337,14.522368388517284,352.2859013955509,0,5,5,0,24,0
50%,2021-04-12,13.311760680749053,15.598675295978296,8.342930394300987,12.76874115505568,303.1712380691536,0,0,3,0,24,0
50%,2021-04-13,7.70318706550844,10.42860097294194,4.248321303962239,5.817173165950343,263.05116814839045,0,0,0,0,24,0
50%,2021-04-14,11.580545703619315,15.477256367457732,6.025693618256732,11.547284642456455,17.338392672215605,0,0,0,0,24,0
50%,2021-04-15,13.191585503912753,15.95342307978783,10.767686104656098,12.783147856255626,29.796516194217645,0,0,0,0,24,0
50%,2021-04-16,12.101839146267858,14.797324840663263,9.456331306861216,11.889130613123044,29.744587035589063,0,0,0,0,24,0
50%,2021-04-17,12.81056680252774,13.98954315182833,11.27996454760459,12.633988548777717,17.786689972910494,0,0,0,0,24,0
50%,2021-04-18,8.36147175770572,12.227477895378534,6.241062032079296,8.248422659758528,2.5591013818765305,0,0,0,0,24,0
50%,2021-04-19,7.9391424040370495,9.400618289073568,6.401257177739518,7.418999716788418,20.108842149969234,0,0,0,0,24,0
50%,2021-04-20,4.454941143523423,7.769252283418106,0.6652895522287313,3.249286564302998,35.79150175155837,0,0,0,0,24,0
50%,2021-04-21,14.479854314259816,17.757218499910042,7.30347267925759,14.390894682951783,21.730750133397294,0,0,0,0,24,0
50%,2021-04-22,9.334739035135371,14.60640603006861,2.6915105465713274,9.229226566511375,16.31105240519804,0,0,0,0,24,0
50%,2021-04-23,4.583888408450541,9.306660772081402,1.5684175691251685,4.070576152357866,35.947460234493406,0,0,0,0,24,0
50%,2021-04-24,11.577120860383125,16.859532818764738,7.107730913530218,11.222680985534817,60.6210181743524,0,0,0,0,24,0
50%,2021-04-25,15.272479602541985,16.63486809958767,13.616229174159917,15.215578350538363,35.55549853530431,0,0,0,0,24,0
50%,2021-04-26,13.034057869154772,15.373311499715317,11.007804168610205,12.857173377243816,53.28710832280302,0,0,0,0,24,0
50%,2021-04-27,10.583798254975212,16.81563142858666,6.863930031662286,9.967313219500554,79.69785935741993,0,0,0,0,24,0
50%,2021-04-28,16.25388456481671,20.72265735107488,13.050569147699102,15.181539917832255,47.56220461297107,0,2,0,0,24,0
50%,2021-04-29,14.952085921089383,19.760397546977742,10.100669733002627,14.079845776030579,340.88843161331954,0,3,10,0,24,0
50%,2021-04-30,6.945544304116678,11.180833409221062,3.0908404968376897,6.610860273825581,327.9970211434948,1,0,6,0,24,0
50%,2021-05-01,11.640134369352134,14.71110842958879,9.562196992055508,10.298956889298196,330.16541142048715,1,0,0,0,24,0
50%,2021-05-02,10.919300547291312,14.911159174678206,7.062366869020965,7.964975697260298,295.8221956261375,0,0,11,0,24,0
50%,2021-05-03,19.479676720500475,32.47949314839518,13.541411715488437,18.76545297431901,216.15691757722846,1,6,5,0,24,0
50%,2021-05-04,27.28713062913422,33.01995277348846,22.31418356513585,24.581147777489175,257.8299208280913,0,14,4,0,24,0
50%,2021-05-05,18.401486064045756,25.43665670265443,7.583315025482927,17.874671214534505,289.1492073189082,0,13,0,0,24,0
50%,2021-05-06,8.011407423885442,11.161048862370661,4.852237862826769,7.387088827607896,270.94630628825934,0,0,1,0,24,0
50%,2021-05-07,10.298260146217745,13.563319446410098,4.840251861518207,7.637342300594421,272.54998527484497,0,0,3,0,24,0
50%,2021-05-08,18.315540424549134,25.541877055005372,11.373661662348804,16.061653374664026,188.22986379955273,0,9,6,3,24,0
50%,2021-05-09,13.138550975173205,18.315977639745697,6.861096433130954,12.929875077098432,187.08841004067642,0,1,0,0,24,0
50%,2021-05-10,16.11752175505204,21.19272375494088,8.98789780378989,15.485372565995755,204.3351252746712,0,1,5,0,24,0
50%,2021-05-11,6.093297997566871,9.38041879280647,1.9610222939599085,3.1850618079138204,145.53672085863388,0,0,0,0,24,0
50%,2021-05-12,10.48108847517334,14.399699081401284,5.813561800696906,8.831343889053848,200.1112738493637,0,0,8,0,24,0
50%,2021-05-13,11.335121741353646,13.753656072515133,9.343275979075344,10.488125911865495,68.50161319530878,0,0,0,0,24,0
50%,2021-05-14,7.204493831506947,11.983251284173898,0.31681499313537587,6.863201376252957,20.91785823247966,0,0,0,0,24,0
50%,2021-05-15,5.318731767593218,9.140174251260872,1.1581083802643737,4.499614285999478,124.97768629007572,0,0,0,0,24,0
50%,2021-05-16,9.804261980878513,12.122983397159002,4.909575820096538,9.198210581987087,211.42306827298196,1,0,4,0,24,0
50%,2021-05-17,7.910901431234866,14.569157200975773,4.12215287094088,4.0605780327845284,308.3056115650225,1,0,6,0,24,0
50%,2021-05-18,8.420450422857979,10.548747718632686,5.785244940456176,7.913720671247496,253.757817680738,0,0,2,0,24,0
50%,2021-05-19,6.43329409722081,8.726267978554247,3.6909934339242394,5.428135761961045,277.1680639820822,0,0,4,0,24,0
50%,2021-05-20,14.651734552398045,24.871813176753516,5.949312500336865,13.596086096076057,197.646451122191,0,7,1,1,24,0
50%,2021-05-21,28.9799291108383,31.931036563261927,26.338725096702767,28.94552262739149,216.83199871539935,1,13,24,13,24,1
50%,2021-05-22,16.187569015898713,29.54938610865396,2.7462040175698474,14.463867250192484,267.5593384308001,0,11,1,0,24,0
50%,2021-05-23,14.253924951592616,20.81573923937489,7.05295565131739,12.662835428824486,207.23997357818382,1,1,4,0,24,0
50%,2021-05-24,15.131968814835437,22.43886509009092,9.77770247077909,14.565374470735584,196.40303411536846,0,5,1,0,24,0
50%,2021-05-25,13.190564602533707,17.431749202915707,7.191121565121164,12.976608743669768,268.50257123634196,0,0,0,0,24,0
50%,2021-05-26,14.135227679590566,18.173069687823766,9.451080334556655,13.800325889714532,289.1686575908201,0,0,0,0,24,0
50%,2021-05-27,13.408498427160234,18.983645589721277,3.760287156325161,12.624243340793022,320.73852845201486,1,2,11,0,24,0
50%,2021-05-28,5.292380369126641,9.863709483468616,2.8990665495493566,3.0894111031234566,113.43465239135014,0,0,0,0,24,0
50%,2021-05-29,9.546312043887076,12.523724030885003,6.608712564199867,9.195592372843498,52.718903286620275,0,0,0,0,24,0
50%,2021-05-30,11.592543767399969,13.578527273363012,9.304066144826082,11.407579672019772,48.94468115782843,0,0,0,0,24,0
50%,2021-05-31,11.364944894469891,12.664657361002902,9.388926993883965,11.300338896617264,66.71751855207282,0,0,0,0,24,0
50%,2021-06-01,11.814549972038654,16.279299665797698,8.418474253079731,11.315068209995742,82.49127226041895,0,0,0,0,24,0
50%,2021-06-02,13.151709471706107,15.91619756298655,10.80707051714258,12.981147823387804,76.69586403019986,0,0,0,0,24,0
50%,2021-06-03,8.121080246610857,12.65008194636391,3.0159837824029534,6.982752744760398,221.1286170010365,1,0,10,0,24,0
50%,2021-06-04,7.946061205371137,13.43479751687801,0.882705125929468,5.7906559609096835,2.8211986651573966,0,0,1,0,24,0
50%,2021-06-05,11.395306643213447,15.20064060803515,6.194033354562057,10.98584210901281,339.67278565112485,0,0,6,0,24,0
50%,2021-06-06,3.5685850906987735,7.146962904279568,0.16294135349046013,1.3429799500378532,331.2861431170772,1,0,0,0,24,0
50%,2021-06-07,3.715278107324862,7.91378197264828,1.1697643034346,2.9676964613561303,111.42046025828978,0,0,0,0,24,0
50%,2021-06-08,4.2374662695700955,7.492003391578964,2.7030044575897207,3.6727283636891013,158.20707674703146,0,0,0,0,24,0
50%,2021-06-09,9.178987095697954,11.657883855432837,5.817714149038761,8.858092821308333,210.6709809907296,1,0,11,0,24,0
50%,2021-06-10,8.986946804218665,12.54450942346757,3.97347416551726,8.726365800086477,230.69826043897996,1,0,6,0,24,0
50%,2021-06-11,11.830033993705335,14.467941432110843,8.898551723029044,11.472665515363783,230.00428878881235,1,0,14,0,24,0
50%,2021-06-12,8.402778367244354,11.79784112678029,0.9439595901924226,7.644494876996134,317.821080849906,1,0,8,0,24,0
50%,2021-06-13,6.4780214113983625,8.742993794582192,3.09765340163926,5.9147755103050565,194.12025313295192,0,0,2,0,24,0
50%,2021-06-14,9.403910808218233,12.402204954164324,6.551252473760745,3.2266733511277423,210.64283354773022,1,0,4,0,24,0
50%,2021-06-15,6.717933671234786,8.53726830751577,5.523719007056446,5.779431938555222,56.3987713787339,0,0,0,0,24,0
50%,2021-06-16,9.219013707031616,11.976121572946745,5.749787616724589,8.904228061165833,138.96677057017826,0,0,0,0,24,0
50%,2021-06-17,8.01860464076528,13.092774158307469,2.7628577329060753,0.4986654474169165,262.09382183668646,0,0,0,0,24,0
50%,2021-06-18,11.901728015781616,21.5950348688699,1.647417324193406,7.48442029673601,60.8583349431147,0,3,1,0,24,0
50%,2021-06-19,10.359710310422328,15.680740750625352,3.975675282905396,4.139200845990457,348.9637500956712,0,0,0,0,24,0
50%,2021-06-20,11.493541807774093,21.13809007103547,3.065831377552222,8.796279088254407,8.757144085302798,0,0,0,0,24,0
50%,2021-06-21,16.910084759381537,19.770788214252253,12.568789133576663,16.79680544420107,32.43469220747335,0,2,0,0,24,0
50%,2021-06-22,15.026330868160834,17.731474728057872,10.609064472273948,15.000628511108326,18.74563760965725,0,0,0,0,24,0
50%,2021-06-23,9.059953372155066,10.73280979753042,5.852875292946422,8.856062226861905,19.001326133239274,0,0,0,0,24,0
50%,2021-06-24,4.7799882880140245,11.246037042513848,0.6018401740313521,1.1001378537355637,205.45875881447074,1,0,1,0,24,0
50%,2021-06-25,10.260077864869325,12.57926557979955,3.7673697749544885,10.112228854818573,210.04108165458348,1,0,8,0,24,0
50%,2021-06-26,7.144501413813047,13.360841249596051,2.9329253497274177,5.255300866575539,66.52781866748768,0,0,0,0,24,0
50%,2021-06-27,16.362330879454785,20.15178442918934,12.88966053186799,16.29368631243007,58.51966447101154,0,3,0,0,24,0
50%,2021-06-28,10.12956574918449,15.540524606609862,6.087843710969849,9.282320196752933,47.66953962620073,0,0,0,0,24,0
50%,2021-06-29,13.459966282721803,17.49501820350556,10.9014723305306,12.784604177136568,14.594922141433301,0,0,0,0,24,0
50%,2021-06-30,15.072248700047504,16.94614966753641,13.140683595935705,14.886979766274404,335.8636658531138,0,0,9,0,24,0
50%,2021-07-01,12.030703291129546,15.190436984720783,6.081886998078467,11.630293239058071,297.45284237261296,0,0,10,0,24,0
50%,2021-07-02,5.562115293137096,8.193029020876928,1.7447870809502128,1.9012068811921157,236.86346391078075,0,0,1,0,24,0
50%,2021-07-03,11.696166893809623,13.370576281678721,8.740537237953852,9.46539632817126,156.5832949768752,0,0,0,0,24,0
50%,2021-07-04,10.832832995700876,14.756094248584972,7.791746632282828,10.093773512855275,194.66210435547853,0,0,8,0,24,0
50%,2021-07-05,13.453594425926793,16.070393353208665,9.794049061633377,11.84881606152734,197.0897427390225,0,0,11,0,24,0
50%,2021-07-06,22.981404688175346,29.04688782858786,14.776258985384867,21.715201675331073,205.20932999897312,1,19,11,11,24,1
50%,2021-07-07,17.436858040388216,21.9317733641294,13.336424294961168,17.420779824730594,211.2364078428327,1,10,16,8,24,0
50%,2021-07-08,10.90934396871662,13.321094380256314,7.384227722394416,10.812834553526361,215.51316849381828,1,0,14,0,24,0
50%,2021-07-09,6.432289424582257,9.922181124978987,1.9419871356117777,5.571787867859203,207.9788561776499,1,0,7,0,24,0
50%,2021-07-10,5.653378189559798,12.066645564277623,1.6697559280443326,4.1645537106821084,79.8560682597049,0,0,0,0,24,0
50%,2021-07-11,3.6154319224157803,8.908845543371916,0.523651098667958,1.9514260911777328,163.84513219527742,0,0,0,0,24,0
50%,2021-07-12,7.946394493438042,11.75776258315332,4.821491450475029,6.78336527804397,79.08629778796694,0,0,0,0,24,0
50%,2021-07-13,13.692465736561592,16.283597767578357,10.703669194455168,12.92313421075095,352.94702337986587,0,0,0,0,24,0
50%,2021-07-14,18.359339602761555,22.255202129349048,14.146004023344647,18.313596928628392,334.01180743551424,1,11,10,1,24,0
50%,2021-07-15,17.956985956847685,20.499196436252547,15.61578707851582,17.864496369069872,352.4538067442189,0,3,0,0,24,0
50%,2021-07-16,13.237977370220731,15.08359032772676,11.483971611384824,13.139318523650706,350.1118187742321,0,0,0,0,24,0
50%,2021-07-17,8.994785670326655,11.860395397969494,4.5148020876969825,8.661547786966862,356.66596315921583,0,0,0,0,24,0
50%,2021-07-18,6.551865051560628,9.004625163980451,3.4282376314571885,4.33166690887478,337.111762290677,0,0,2,0,24,0
50%,2021-07-19,8.092447589305158,11.920529846497647,2.3474204380571577,7.919230628829015,79.46179830360126,0,0,0,0,24,0
50%,2021-07-20,7.5981958351229055,10.475546610641903,4.228540700527104,7.242892071332555,119.4498702062387,0,0,0,0,24,0
50%,2021-07-21,4.637210665955199,7.348145303921445,1.0597101218016842,2.306694190103981,68.5005338045496,0,0,0,0,24,0
50%,2021-07-22,7.598066308453675,9.160868635458058,5.94747591740122,7.498628047012465,30.992058337244373,0,0,0,0,24,0
50%,2021-07-23,9.793718897944045,16.46058727924929,6.131424354701068,9.495589902910371,47.114311659210045,0,0,0,0,24,0
50%,2021-07-24,12.623019955080002,17.913475353730067,5.172410586040763,12.114872602671953,65.35106088675161,0,0,0,0,24,0
50%,2021-07-25,4.126347793537029,7.853581598212687,0.21931015413199442,1.0373072813607787,138.48337509116544,0,0,0,0,24,0
50%,2021-07-26,7.076123573557478,10.549629101357958,3.1217441904753294,4.986981666581108,344.6708323869243,0,0,0,0,24,0
50%,2021-07-27,12.800863322540833,16.447650947117772,10.12419662999626,12.753418424029611,207.19025793665944,1,0,9,0,24,0
50%,2021-07-28,18.389578296383757,23.86951596804399,14.507683491642778,18.130651843246834,223.49187470316934,1,9,19,7,24,1
50%,2021-07-29,20.776091334643535,24.106824604381526,16.648508306887223,20.447849460763464,239.4420414349072,0,16,7,1,24,0
50%,2021-07-30,17.616809777623015,25.45249584995756,10.955183644372893,15.753868611144297,212.1172292727897,1,9,3,1,24,0
50%,2021-07-31,15.170969190351101,23.08669606101347,6.779665948493189,14.762709245856014,271.75456238648997,0,9,0,0,24,0
50%,2021-08-01,10.220607823940108,12.73673893898693,6.673538180909745,9.591030005657172,325.3266290708594,1,0,5,0,24,0
50%,2021-08-02,7.116895742249991,11.406892172974246,1.0412611804835128,7.009342128854703,327.5422536510881,1,0,11,0,24,0
50%,2021-08-03,5.667437890778665,9.496254254819597,1.4371406061611207,5.322148461778014,55.68638185081363,0,0,0,0,24,0
50%,2021-08-04,7.002405084915726,8.201885864933356,2.9081531102795806,6.834922384208714,91.24987430566284,0,0,0,0,24,0
50%,2021-08-05,9.05229750221343,18.667579825622546,3.2925948876449995,8.561359412264595,154.96017575137478,0,0,0,0,24,0
50%,2021-08-06,19.725104733560297,24.527315373104585,15.208560613268755,19.18748151810278,209.72699496034255,1,13,17,12,24,1
50%,2021-08-07,17.843948531528838,22.372355850036026,12.894920952314493,17.21411321079775,207.40814939447344,1,6,8,3,24,0
50%,2021-08-08,22.67934512859516,25.90677556091918,18.42200125795736,22.40712048110956,232.86033286866825,1,23,14,14,24,1
50%,2021-08-09,17.760856477434075,21.38466614890154,14.650992994191007,17.552348701821053,228.5892590760748,1,3,15,2,24,0
50%,2021-08-10,10.870756047813702,14.270846552686551,7.997871975921683,10.426608139378406,238.02949459382353,0,0,5,0,24,0
50%,2021-08-11,10.999547953054098,13.085509670223617,6.502172227271349,10.756451499977521,216.34910219156413,1,0,9,0,24,0
50%,2021-08-12,12.711010253529878,14.452315028000521,11.162873718456664,12.473261007809997,214.15884284056753,1,0,13,0,24,0
50%,2021-08-13,16.818150880238164,18.315605248065687,13.207917276373657,16.553779607533347,232.05067475683424,1,1,9,0,24,0
50%,2021-08-14,13.812735539846067,16.939665578378175,10.266600256548926,13.302814893650787,237.29435076258878,0,0,7,0,24,0
50%,2021-08-15,12.318526554621359,15.882599222238703,8.850965271586087,12.097802826204422,239.46029013140793,0,0,6,0,24,0
50%,2021-08-16,20.635225395846682,24.43102569862757,14.327769487592766,19.90921031133803,303.6776555668091,0,17,11,9,24,1
50%,2021-08-17,16.127093075820913,19.144396356594207,11.492004485925571,15.483586978296943,288.5753781580809,0,3,6,0,24,0
50%,2021-08-18,11.928032570014013,14.367647149258854,10.259344232117252,11.722996883876526,271.749994745173,0,0,0,0,24,0
50%,2021-08-19,11.728323817329931,14.015403813034292,8.082373472307713,10.961071441664046,255.5346057942674,0,0,1,0,24,0
50%,2021-08-20,8.646613851387214,12.844313050837327,5.056218959251959,8.392961124553375,243.34708565588173,0,0,0,0,24,0
50%,2021-08-21,6.311343219268835,8.499128556368575,1.4898392866108499,4.708855194291925,152.88702466191114,0,0,0,0,24,0
50%,2021-08-22,12.881650901115016,21.280115560541578,1.0723317605738527,12.052230177385194,354.90147766548455,0,4,3,0,24,0
50%,2021-08-23,16.937956529270206,19.280327687211873,14.012157056346577,16.83058844622718,27.604450306625438,0,3,0,0,24,0
50%,2021-08-24,13.789591197406004,16.776347848825893,10.965647440395976,13.655906673911788,44.447995765324606,0,0,0,0,24,0
50%,2021-08-25,12.864487350520237,19.763187111403937,8.401364036073058,11.421268365343096,0.32971026582646346,0,3,1,0,24,0
50%,2021-08-26,19.22134662037597,22.45944128160141,12.515534914900776,18.90412789104294,352.54336982382193,0,15,0,0,24,0
50%,2021-08-27,16.284637164494928,20.300574994814987,12.596571812969854,16.047820135695442,1.4780688135995774,0,7,0,0,24,0
50%,2021-08-28,18.34893946535313,20.676610924686823,15.097664334514441,18.260078654225108,19.288898521718693,0,10,0,0,24,0
50%,2021-08-29,18.00404158771084,19.88927702329538,15.619712590975796,17.6511133159365,3.4083828449474254,0,7,0,0,24,0
50%,2021-08-30,16.92493704142962,18.82853011971537,13.512957760697354,16.746173201589343,12.087673007471096,0,4,0,0,24,0
50%,2021-08-31,15.616522762596032,16.881183008491444,13.824366332841796,15.49252060695712,16.355330456690695,0,0,0,0,24,0
50%,2021-09-01,11.845274966230008,13.854421757708096,8.93672720163055,11.707079857133147,13.510238963613403,0,0,0,0,24,0
50%,2021-09-02,9.291927087446867,12.844079445710783,6.20541547675477,8.945926186896868,38.903117389655506,0,0,0,0,24,0
50%,2021-09-03,12.080804637127128,15.07509117022917,8.628263534549609,11.940896455465028,60.0007636371048,0,0,0,0,24,0
50%,2021-09-04,13.516386417133859,15.534725956809728,11.999073960189847,13.457422954077533,72.52005240352048,0,0,0,0,24,0
50%,2021-09-05,10.463485972574857,12.712939739907865,7.621137870793302,10.294076982849843,81.95628017568276,0,0,0,0,24,0
50%,2021-09-06,4.8192556179072215,7.41320804899182,2.6200794318678815,4.655581135562612,131.811939773365,0,0,0,0,24,0
50%,2021-09-07,8.43008406562538,12.86565053800932,5.681839361167562,7.3860397363489385,150.5822786145344,0,0,0,0,24,0
50%,2021-09-08,11.348254069610897,13.360856771808765,9.865640431712169,11.140476776424382,114.21393913573735,0,0,0,0,24,0
50%,2021-09-09,11.49909775856112,13.088847264133406,8.591516655193136,9.365500214029572,182.0598339407631,0,0,3,0,24,0
50%,2021-09-10,12.400069738516615,15.657722409433198,10.403984386412612,12.189778508198348,213.9236929096091,1,0,14,0,24,0
50%,2021-09-11,12.745469065201476,15.203433358873074,9.081572825767854,12.526023247036669,241.16232713374498,0,0,0,0,24,0
50%,2021-09-12,9.694865647205102,11.417422699703536,7.288989884693502,9.012503884410219,319.8746205046485,1,0,9,0,24,0
50%,2021-09-13,9.860396224236926,15.833077251040553,6.463554834010662,8.244571439880112,61.454925601197544,0,0,0,0,24,0
50%,2021-09-14,13.063273878880318,16.633366631664227,7.960505879813414,11.52216784315589,112.3816562152324,0,0,0,0,24,0
50%,2021-09-15,14.07060742311552,16.46604010396664,9.910255475612423,12.593472096728204,305.1883120543946,1,0,12,0,24,0
50%,2021-09-16,8.981193803755376,14.345318410088609,2.6427585939275664,7.729119108562635,278.5000521121199,0,0,0,0,24,0
50%,2021-09-17,9.439282332896164,12.47572302276526,5.932944388888618,8.625126487108197,216.84094363507467,1,0,5,0,24,0
50%,2021-09-18,11.130494602080553,15.537851799380858,9.145908261246506,10.03488387807546,135.3788782966659,0,0,0,0,24,0
50%,2021-09-19,10.39166651400925,14.9244453124862,5.906652107921196,10.169836474712682,109.82833649396616,0,0,0,0,24,0
50%,2021-09-20,10.187593967456257,15.578711915667723,3.710909299576674,9.795597518049773,90.58167271978613,0,0,0,0,24,0
50%,2021-09-21,7.603348411750332,10.271598892779835,2.609374433247625,7.1896259972228815,244.34783150100307,0,0,0,0,24,0
50%,2021-09-22,13.802902792078434,16.000445590100743,11.291171951423356,13.578023019921602,231.35515592316213,1,0,7,0,24,0
50%,2021-09-23,14.624969731634495,20.937250734688174,4.457594127500048,13.647068419127619,266.32884304653345,0,7,3,0,24,0
50%,2021-09-24,13.596321502558036,18.09344051384385,7.360900387379468,13.392595779562624,236.80637053527846,0,0,8,0,24,0
50%,2021-09-25,6.789985383285102,11.90982654913873,3.1176722730170536,4.860078670666113,215.04406292857163,1,0,3,0,24,0
50%,2021-09-26,12.372432352161816,16.278979644178033,7.155619207530449,11.734720944672656,188.14064569720304,0,0,2,0,24,0
50%,2021-09-27,19.719589947447172,28.198250081126535,16.192138066071944,16.443016787484716,215.4927594180884,1,10,2,0,24,0
50%,2021-09-28,18.323001908931747,27.390183795146374,15.59468747317992,16.638916952534977,206.75422783907206,1,7,5,0,24,0
50%,2021-09-29,22.6216719382691,28.399767493640983,14.018923075477836,19.10449976536239,277.0254865547284,0,16,0,0,24,0
50%,2021-09-30,24.078166010261707,29.82603050913933,18.098176528293113,21.864665604547895,232.56253147573162,1,19,12,10,24,1
50%,2021-10-01,22.644585254544484,29.32448611178007,12.408130759328822,20.925943148476787,219.63546908199189,1,16,7,7,24,0
50%,2021-10-02,22.169548250931374,36.92178762523128,8.61395516281821,19.355174327889674,185.5264150669218,0,4,1,0,24,0
50%,2021-10-03,18.94531366501811,26.886090632240528,8.752107344746987,18.83153058686529,230.94872065577712,1,14,13,10,24,1
50%,2021-10-04,22.859691367996252,25.160958809951975,20.008552092072772,22.55028794811438,210.68856926237146,1,24,13,13,24,1
50%,2021-10-05,25.016821218307612,28.76820983946233,21.359383868431635,19.961086788659507,213.65349250304277,1,22,0,0,24,0
50%,2021-10-06,21.59596210830779,28.109850102996855,12.930275271813933,20.105059359630697,305.7623317173478,1,14,13,5,24,0
50%,2021-10-07,9.396233222992324,12.022197970567793,5.194042429771362,7.066141005124188,214.60139575744,1,0,0,0,24,0
50%,2021-10-08,9.02288638222121,11.901223537791365,4.82300975726669,6.977530315997721,136.9397064106742,0,0,0,0,24,0
50%,2021-10-09,7.936275333749818,12.11475134220794,2.9221694698748335,7.855779909929868,114.63530914383767,0,0,0,0,24,0
50%,2021-10-10,10.06059744608476,17.743383277768896,2.307379595046452,9.509255466002585,329.8549036621627,1,0,5,0,24,0
50%,2021-10-11,15.25778199673573,17.50222581389102,12.839454511940014,15.1947227013739,322.01703362015724,1,0,21,0,24,0
50%,2021-10-12,17.901258364923724,21.353729159148624,12.031481023275225,16.234056976688024,337.00857227658486,0,8,4,4,24,0
50%,2021-10-13,13.208498718628391,15.377074303890572,10.750620685963886,11.962973774470678,302.08368247217413,0,0,5,0,24,0
50%,2021-10-14,17.764087171936744,22.5115547031607,14.064473716021709,17.237030873999014,261.8248624318308,0,7,0,0,24,0
50%,2021-10-15,14.294918854764319,23.0591066879023,6.662102959615187,11.0253661369141,322.229055821576,1,7,3,1,24,0
50%,2021-10-16,12.355138341987052,17.942115455772132,6.248713725106993,11.75129268775066,243.06708688347715,0,0,4,0,24,0
50%,2021-10-17,17.815000557005607,19.996602623420852,14.41582943553722,17.710192105088066,213.25951598990508,1,9,19,6,24,0
50%,2021-10-18,17.493387533924068,20.967174149109344,15.505225646138188,17.22874641898887,195.0147106052008,0,4,2,0,24,0
50%,2021-10-19,21.62807513547179,25.6724662311465,15.582061336036919,21.47171560829316,218.6424274502889,1,16,22,15,24,1
50%,2021-10-20,23.271761086743766,29.581802468758333,3.416086954835376,22.909701437220725,227.60727886228037,1,18,17,15,24,0
50%,2021-10-21,24.349526301490105,29.62480870600032,11.223017487566864,22.143083893150322,309.9121336611206,1,19,9,9,24,1
50%,2021-10-22,22.424671418176917,29.635604416913377,10.123934547480363,20.8817830661354,290.26102325506736,0,15,8,3,24,0
50%,2021-10-23,12.205002906731364,18.09961318045419,5.574563460713342,10.898235343154154,228.6740055590571,1,0,6,0,24,0
50%,2021-10-24,19.150105048448996,20.740451000566356,16.902423251098426,18.667872593354986,196.0049326744106,0,13,4,3,24,0
50%,2021-10-25,17.067634299913415,19.993485843211737,14.197683940125131,16.59789955872401,230.61603664099022,1,2,17,2,24,0
50%,2021-10-26,18.070433116014996,22.668619534486137,14.626514633337063,17.666121169440164,238.75564568520588,0,9,9,7,24,0
50%,2021-10-27,21.811429563537455,22.765219903359718,19.841691048554456,21.59297794897054,217.8115317090662,1,24,24,24,24,1
50%,2021-10-28,21.073256585107778,21.99251639807073,19.82284235212734,20.951704022249682,186.74385381390368,0,24,0,0,24,0
50%,2021-10-29,23.799153641724043,30.37242829603985,16.605324568651856,22.76057552418306,191.19376946006622,0,20,6,5,24,0
50%,2021-10-30,18.99303588195914,24.66472942803467,14.317220446164221,15.427944724408093,196.1149081529631,0,11,2,1,24,0
50%,2021-10-31,23.965582922226385,30.26430061933673,14.939665061479058,21.375438805223148,195.9293161893088,0,11,10,4,24,0
50%,2021-11-01,24.629424391650677,29.59892189144863,12.039790863951794,24.40920266677639,226.16400251540466,1,17,16,14,24,1
50%,2021-11-02,7.921254669144223,12.259499044911596,3.8106186495363676,7.210091697853934,265.4927251392391,0,0,0,0,24,0
50%,2021-11-03,6.8830296605824115,9.576968697432184,3.4431150336801477,6.460264986981665,348.46544159136164,0,0,3,0,24,0
50%,2021-11-04,20.330565709115344,24.521183139242357,9.721400521287826,20.13231068880862,355.81950198976665,0,15,0,0,24,0
50%,2021-11-05,16.821267482981774,20.117116263332928,14.074426232850762,14.095735965470837,305.2409406369313,1,3,0,0,24,0
50%,2021-11-06,22.59695740832844,28.677784750919944,18.501333259396336,22.391333363849537,247.7804693885117,0,20,0,0,24,0
50%,2021-11-07,23.672486261628176,26.807797173569075,15.56707349919462,23.045049081829497,295.37334247052087,0,22,2,2,24,0
50%,2021-11-08,11.305699668409646,15.640983728250776,7.805506545918489,9.181170394408392,272.17691731115247,0,0,8,0,24,0
50%,2021-11-09,17.007695937225716,18.661780604406204,15.52055602137989,16.948105343372113,219.70487502768447,1,1,21,1,24,0
50%,2021-11-10,11.820607203932655,17.281031316371337,7.700868989953014,11.596415359154562,231.29333219378907,1,0,8,0,24,0
50%,2021-11-11,8.54977256717607,14.905663848708832,5.368068459417754,7.692304434531727,227.59639999592565,1,0,0,0,24,0
50%,2021-11-12,20.93543047532167,24.756396649043047,14.605997815896677,19.739041953004804,206.152378262064,1,18,6,6,24,1
50%,2021-11-13,14.545389620790635,20.795911478972037,11.04398500399461,11.700445726260748,322.55831806515084,1,2,2,0,24,0
50%,2021-11-14,12.277097405675475,16.233005154730435,9.388700819095803,11.66837252664267,77.53371808242582,0,0,0,0,24,0
50%,2021-11-15,8.69145783062134,10.086028241022412,7.369531600811333,8.318170444967613,70.64780578150146,0,0,0,0,24,0
50%,2021-11-16,6.971101740243022,15.993221941970088,2.080814347825049,3.309669710158572,218.39965519141575,1,0,2,0,24,0
50%,2021-11-17,17.33620149826398,18.411968312712403,15.84445028964008,16.743039902206867,283.45209345048534,0,0,0,0,24,0
50%,2021-11-18,17.808588095960044,19.427657929174664,15.94966547767246,17.659164934995918,256.2230790156231,0,4,0,0,24,0
50%,2021-11-19,16.506535920012045,19.71466320685424,13.46549325382995,16.41027991059376,266.3737432248163,0,3,0,0,24,0
50%,2021-11-20,15.512020572156361,17.538847635799538,13.10263408466427,15.235830928025864,261.40803729260256,0,0,0,0,24,0
50%,2021-11-21,20.81588914095388,22.854838314789294,16.853896815726245,19.1681104161836,358.8000795398193,0,20,1,0,24,0
50%,2021-11-22,16.61910946399658,21.727745730253062,10.875413242783516,16.219022246775044,26.9919320781936,0,7,0,0,24,0
50%,2021-11-23,8.672287915894684,13.974426132146359,2.4753200974997323,8.567871831940783,341.60582593806856,0,0,2,0,24,0
50%,2021-11-24,7.857774159861091,10.027456690782566,2.828630829919838,7.647090424262432,259.1890808333831,0,0,0,0,24,0
50%,2021-11-25,17.62113579475785,21.157114508055496,10.255741474677233,17.131278771579783,328.8943037864639,1,9,11,4,24,0
50%,2021-11-26,19.59292092435258,26.749911202776556,12.329247194224667,16.318495889458728,276.9087475774971,0,11,4,0,24,0
50%,2021-11-27,14.702155961856738,24.1971499820053,1.6851817907134434,13.351230234000347,12.475456939784976,0,6,0,0,24,0
50%,2021-11-28,20.609920910948894,27.55488118336456,14.912692795368304,20.426920245725285,1.5083336955804043,0,14,0,0,24,0
50%,2021-11-29,20.781704840506322,25.711444324587152,16.306880925269947,17.09183549480584,320.5387204062294,1,17,0,0,24,0
50%,2021-11-30,24.220968826283823,28.30972690326369,19.18811890504558,22.88455136772435,272.99722092047847,0,21,1,1,24,0
50%,2021-12-01,27.332918047795573,32.51029361246709,22.571759678379397,21.51766923104277,285.521194991085,0,14,12,9,24,0
50%,2021-12-02,21.045487357747348,27.890287775802076,12.134776903521963,20.282621834543082,333.94530251901017,1,14,7,5,24,0
50%,2021-12-03,16.953796167405553,26.88113800889798,4.899837235522258,16.1271455426033,248.608108954275,0,10,4,4,24,0
50%,2021-12-04,15.206327808711507,25.97799596884736,5.926596970787182,14.31505336533552,258.58818822625585,0,8,2,0,24,0
50%,2021-12-05,12.328489856535697,15.4983592375705,6.887290465685226,7.991643056197168,30.0135595394201,0,0,0,0,24,0
50%,2021-12-06,16.345853001435778,24.417071271120886,4.196264503770616,11.445715129788393,218.34143322913357,1,12,0,0,24,0
50%,2021-12-07,23.016879574648954,33.07205507508282,12.556124354994266,14.685753798536934,197.9077060376016,0,8,1,0,24,0
50%,2021-12-08,25.42210064030428,28.987354147172134,19.56753469297227,25.07195448666174,216.06408601605352,1,21,15,15,24,1
50%,2021-12-09,16.777617571491984,21.001711976623465,12.975838980721118,15.294447177725225,234.9222260606908,1,7,3,0,24,0
50%,2021-12-10,17.16125761319578,23.895001853405947,1.4034297839525205,1.0233416729116704,16.24253700020705,0,7,0,0,24,0
50%,2021-12-11,16.567659774757114,23.580690578622253,11.010051506192326,10.858335096718623,272.6310249973408,0,7,10,5,24,0
50%,2021-12-12,17.59442197060339,23.60920022223954,13.48751725289614,17.278723247811985,233.824005524255,1,5,8,4,24,0
50%,2021-12-13,17.869847332111863,19.8385686098586,15.021744915792564,17.79535152732862,218.2390985718571,1,10,24,10,24,1
50%,2021-12-14,16.141778730256835,18.194545718976975,14.622616986414002,16.044232279645787,239.29636479618526,0,0,3,0,24,0
50%,2021-12-15,14.055222744745867,17.376595024917275,11.195603965793326,13.926826487457278,251.82943253568962,0,0,0,0,24,0
50%,2021-12-16,7.329623376759322,10.61662219632229,3.8685685653049386,6.505530325143827,292.09660393995887,0,0,1,0,24,0
50%,2021-12-17,6.524233656954617,9.789445302498706,2.718175216352778,6.278990252099001,56.33709384577736,0,0,0,0,24,0
50%,2021-12-18,6.115419756995962,8.291896162919931,3.5554690666485436,4.740598882450553,40.9803680404483,0,0,1,0,24,0
50%,2021-12-19,14.300471702626153,16.413243852595176,9.337934267381176,13.632332058351771,350.19540803741296,0,0,7,0,24,0
50%,2021-12-20,8.127962676900415,12.019757781936367,5.799666605005613,6.854242908786293,47.81664544654552,0,0,0,0,24,0
50%,2021-12-21,6.99218019978206,10.51158625441343,4.517447753954322,6.945488904046134,150.14062683728844,0,0,0,0,24,0
50%,2021-12-22,13.40680925541522,19.934177207395717,7.994502669844084,13.193327023006477,176.11772281124013,0,1,0,0,24,0
50%,2021-12-23,16.89460867523941,19.46703676132708,13.205247420861992,15.55316422875668,227.32164086856102,1,3,2,0,24,0
50%,2021-12-24,14.711067913103399,20.310758242513074,8.140743585780946,6.091506039523225,292.8647454411141,0,5,0,0,24,0
50%,2021-12-25,21.63617622521282,23.04871287559516,19.079755803079294,21.34421333389558,92.37703054559734,0,24,0,0,24,0
50%,2021-12-26,17.72168193379726,20.03609135141828,12.06464222250656,17.398624634285635,121.31412725495636,0,10,0,0,24,0
50%,2021-12-27,14.344731115576721,16.858434958353,10.043370037523,13.884228893650397,159.0694731341066,0,0,0,0,24,0
50%,2021-12-28,19.96975399473482,24.521758652969158,16.365535158583107,12.931261967519399,241.96239129679262,0,12,1,1,24,0
50%,2021-12-29,16.856313176051106,23.298349313912524,7.493703180045489,13.436926978866024,240.47100728048002,0,11,0,0,24,0
50%,2021-12-30,23.548455192142985,26.021145615222714,19.320945051587294,23.530372519096073,233.27069849441423,1,24,7,7,24,0
50%,2021-12-31,22.344174535628046,25.58107709324323,17.034600404688277,22.006045217384653,233.10246687468282,1,22,10,10,24,1
50%,2022-01-01,19.76429531928127,23.28002141216465,16.02599558005197,19.445176146222412,209.5225375898107,1,17,12,7,24,0
50%,2022-01-02,22.757653838452814,28.550621013105587,18.840695826069798,22.13930177515056,232.819038137596,1,24,14,14,24,1
50%,2022-01-03,22.754503078033235,26.229282774225428,17.15706325430896,22.646754114687464,241.3669432912708,0,19,0,0,24,0
50%,2022-01-04,17.207116072790445,22.8766823229829,12.576510091080412,14.469066946640739,298.9410391782262,0,5,4,0,24,0
50%,2022-01-05,25.81355424060372,30.328791785301725,19.937705744939255,24.68933931897879,307.38730383261986,1,18,6,6,24,0
50%,2022-01-06,17.87430761689715,29.691538186032965,8.98462566723626,12.22566452056566,239.26432944485407,0,7,12,6,24,1
50%,2022-01-07,21.90272873999758,28.71007460010411,18.50238302524233,20.760376557419796,260.29794833462336,0,20,2,1,24,0
50%,2022-01-08,20.561968206566828,28.327573152681595,14.009260010101267,14.381041007940903,239.2021789480642,0,14,3,1,24,0
50%,2022-01-09,18.448618139361955,29.256985251980282,8.229298925529578,18.249299099563586,284.8119618093512,0,9,0,0,24,0
50%,2022-01-10,11.070576255696258,18.86249355505052,5.130722432359655,9.897177878618114,201.74035126036097,0,0,6,0,24,0
50%,2022-01-11,14.628218785496585,19.634205215269567,5.965126167482992,11.565415597485446,213.04349455133655,1,6,4,0,24,0
50%,2022-01-12,9.328603212090503,11.300872419112585,6.636658958063987,7.544386527994728,293.26923888016086,0,0,0,0,24,0
50%,2022-01-13,11.706690758389053,14.305605271341607,10.07220986735274,11.612032350792449,267.95499654994416,0,0,0,0,24,0
50%,2022-01-14,8.21354043741445,14.023256589271316,3.9396944045717195,4.854524579462724,301.1076610208106,0,0,5,0,24,0
50%,2022-01-15,10.826343321757241,13.475972273611841,6.156476827101479,8.734630977470292,191.4110897125053,0,0,1,0,24,0
50%,2022-01-16,15.763410263511496,17.482835830572853,13.285452922494732,14.4594797108904,278.9208727149118,0,0,4,0,24,0
50%,2022-01-17,13.658763606121822,19.006909579160798,5.1833503655425215,12.773743441597198,307.78317932064465,1,0,6,0,24,0
50%,2022-01-18,10.225118155861852,14.013129535447426,4.836044520111426,9.988513459917028,234.00761078256357,1,0,11,0,24,0
50%,2022-01-19,18.766191854273377,22.478625141646216,12.756164631283301,13.845593833230193,281.28253957403524,0,14,9,9,24,1
50%,2022-01-20,24.1773626486965,25.594691826599412,19.60851083661342,23.964337862652663,342.861070762982,0,24,3,3,24,0
50%,2022-01-21,16.798581325065417,20.008172048735858,14.199457216205987,16.228521920092145,321.58976219756937,1,6,10,0,24,0
50%,2022-01-22,11.626494316130314,13.627882587409832,10.000737471211272,11.540315436892548,307.5082803427389,1,0,8,0,24,0
50%,2022-01-23,7.291460875929526,11.068540924915553,2.498203964008165,5.335200441057078,231.49671770335982,1,0,4,0,24,0
50%,2022-01-24,5.184878341686852,11.21637362538845,1.7433156408970032,4.799638856419243,187.25546660037955,0,0,0,0,24,0
50%,2022-01-25,4.173844357223327,11.608130772637054,1.4165809770222846,2.720207538883252,206.2556980880446,1,0,0,0,24,0
50%,2022-01-26,14.969969839498894,22.258322324883977,10.542408795320489,14.547111184957409,257.4023615123192,0,5,0,0,24,0
50%,2022-01-27,21.036335701138537,24.34788308208407,18.058731629275112,18.65969101285908,282.82423590781514,0,21,7,5,24,0
50%,2022-01-28,14.128731994589137,20.35913040417836,7.614867426281591,11.860733943384282,261.9863266954926,0,5,5,0,24,0
50%,2022-01-29,23.462715322708927,27.27785301745846,19.850644087069046,21.74504006877464,271.0833683400204,0,24,1,1,24,0
50%,2022-01-30,17.739593474599758,25.4875653412085,8.572394122018718,12.642666265958852,288.78419525512436,0,12,12,9,24,0
50%,2022-01-31,30.354413984286968,38.293755124076654,17.984522380340362,28.39115685663634,310.62131066614074,1,7,14,4,24,0
50%,2022-02-01,23.072398889673774,27.207302734689886,17.613983165748074,22.039748315802083,284.3951101068078,0,21,0,0,24,0
50%,2022-02-02,13.891023229272891,23.22461198914951,6.553840263036232,12.59883722674258,281.5135640491982,0,5,0,0,24,0
50%,2022-02-03,16.49034262535874,19.981043254048355,13.230437790237533,16.344527037208298,235.17524395632654,0,2,8,1,24,0
50%,2022-02-04,23.40490992121303,26.144796776588514,18.006032538532963,20.129113655172482,262.16228296438976,0,23,7,7,24,1
50%,2022-02-05,24.915739412908966,31.75474126808698,20.227099252332184,23.714457165797253,249.34345769321095,0,22,4,4,24,0
50%,2022-02-06,28.334989626392076,32.29723278329513,22.981957534337937,25.537557234839753,269.73309764529836,0,12,2,0,24,0
50%,2022-02-07,20.61175793985971,30.326227287397234,15.068445629137763,17.179689692058215,278.6392692625481,0,12,6,4,24,0
50%,2022-02-08,19.290131411907804,21.460483394142123,17.135808670379824,19.187117925315484,240.2984767977764,0,15,5,4,24,0
50%,2022-02-09,15.036339412418641,20.628836199023738,6.413906607893331,14.855686871330679,238.97419900647884,0,11,2,1,24,0
50%,2022-02-10,14.217369824201171,24.092603833066818,6.7850159900140365,13.46763410863958,283.0385402816702,0,5,0,0,24,0
50%,2022-02-11,15.905101498852238,27.535829418679292,4.918601834060333,12.215917880442506,303.3973243781098,0,9,9,7,24,1
50%,2022-02-12,21.651957300684327,24.475438514509122,15.912518172862022,21.604330727709645,197.61954134318805,0,19,0,0,24,0
50%,2022-02-13,24.67355891889042,28.155746844559552,21.896375707397073,24.418859381742116,194.52254183872762,0,24,1,1,24,0
50%,2022-02-14,21.508231482381586,27.239700192308273,14.566924178735036,19.470907933994262,230.91000310559753,1,17,6,5,24,0
50%,2022-02-15,19.523593360785668,29.199707010924367,14.050459298065045,18.129430454113496,238.7125014834228,0,7,6,4,24,0
50%,2022-02-16,26.75054413328182,34.157495365499514,14.640935270135005,25.8591564523404,237.5537396731743,0,16,9,7,24,0
50%,2022-02-17,25.50523576544982,33.013543842384344,15.34713866809874,25.285155243183898,267.14175696981397,0,12,0,0,24,0
50%,2022-02-18,30.98456950097217,42.55278193771597,13.196933581330832,27.69996935669163,232.42245494199855,1,3,7,0,24,0
50%,2022-02-19,27.659257561332698,32.437803414913795,19.517968624435415,24.688406549221106,255.39486443888993,0,12,4,3,24,0
50%,2022-02-20,27.881485010206315,35.801785699870415,12.480510692094484,26.26153451206099,239.40500276606042,0,5,8,0,24,0
50%,2022-02-21,28.898534237482952,34.85876961884195,17.84667773133369,25.661483733362747,284.6294971995237,0,7,10,7,24,1
50%,2022-02-22,20.171190241522535,26.280399412772244,14.417118447567082,17.887482330667705,261.61644623809786,0,16,4,3,24,0
50%,2022-02-23,20.409465524768564,24.770991002027525,15.379114010751458,18.937668986998666,228.18522973099977,1,13,15,13,24,1
50%,2022-02-24,23.34378897201518,26.508449671764684,15.187214719421696,20.796558498850647,249.13001437989288,0,22,10,10,24,1
50%,2022-02-25,19.089316299047805,26.009073473299278,3.2302098404927726,16.922577559161482,286.6164291931834,0,15,10,4,24,0
50%,2022-02-26,13.446913702993832,18.572783406704254,6.187953880095877,11.533273198921858,174.59308386563976,0,0,1,0,24,0
50%,2022-02-27,19.15566505071404,20.91774139318322,16.522844025564048,19.0285461142597,144.656824958671,0,14,0,0,24,0
50%,2022-02-28,17.809534729069313,19.818966581161533,13.840223204233842,17.672601530942927,173.5757599013133,0,4,0,0,24,0
50%,2022-03-01,7.547439128583644,12.960184437359635,2.2586321329104107,5.076912434891485,112.45895592881595,0,0,0,0,24,0
50%,2022-03-02,12.677321606477015,14.148664588504507,11.513585189383518,12.546467901657287,94.47809968821184,0,0,0,0,24,0
50%,2022-03-03,13.961549687433768,16.016024806699885,12.694789654618393,13.873903153579043,116.22209067240163,0,0,0,0,24,0
50%,2022-03-04,12.532300916734831,15.6937244261138,7.808844531580211,12.466267623433128,125.86065955951591,0,0,0,0,24,0
50%,2022-03-05,12.072597406166194,20.274573603849927,7.740695543965489,9.698085345369881,70.08729459146952,0,2,0,0,24,0
50%,2022-03-06,18.59976119336754,21.017341733944882,15.814867966446855,18.522500115575276,49.758772602691465,0,10,0,0,24,0
50%,2022-03-07,13.835337292401457,19.60392646617797,9.025622917797957,13.020661308461198,95.08504378567648,0,2,0,0,24,0
50%,2022-03-08,19.04288647631308,21.762578203855213,15.979244346677978,18.722866174684615,143.70419544576043,0,12,0,0,24,0
50%,2022-03-09,14.37389369006562,16.35436988338342,12.82453904799783,14.29593727857332,163.01948456243804,0,0,0,0,24,0
50%,2022-03-10,15.458553348400256,18.075619959132787,12.880681728869565,15.335859852282923,144.86723134650208,0,0,0,0,24,0
50%,2022-03-11,20.32158855153786,23.313871647353825,17.365241389263723,19.99765405086677,143.30784451456424,0,20,0,0,24,0
50%,2022-03-12,18.50723565342305,22.460686841871574,13.675775958553587,17.541302323104084,169.04874943647496,0,10,0,0,24,0
50%,2022-03-13,17.460292317628866,21.534106339728226,9.936449421559722,17.219094253670985,165.09262605977415,0,10,0,0,24,0
50%,2022-03-14,10.96008037764584,12.913287586324644,8.898325923841883,10.31422508300283,227.15990889827444,1,0,2,0,24,0
50%,2022-03-15,8.223601956123437,11.688079216585558,6.4431453000052015,7.867292743807335,167.72714165920115,0,0,0,0,24,0
50%,2022-03-16,15.840027994702737,20.653509919826085,10.75557465281558,14.88703020401108,142.6069721784139,0,3,0,0,24,0
50%,2022-03-17,15.043671831135162,22.453895910218765,8.349198384591057,12.592951207107582,267.85705667939123,0,5,6,0,24,0
50%,2022-03-18,9.332431222791957,17.654521449683497,3.1811342839127223,6.29317611900497,63.464337234913216,0,0,0,0,24,0
50%,2022-03-19,18.853983255659788,22.38623323827071,16.196936507041237,18.69437384817272,82.62579833412764,0,11,0,0,24,0
50%,2022-03-20,14.628908104761416,20.484103145349295,9.461607782833484,9.718877234777056,107.23422409585191,0,7,1,0,24,0
50%,2022-03-21,9.2803323212266,14.267981238544591,2.4301445990634796,5.806939671898154,161.37793198995814,0,0,2,0,24,0
50%,2022-03-22,7.989694068490539,9.77878141578213,6.635476939055952,7.841401654807624,103.61274725772103,0,0,0,0,24,0
50%,2022-03-23,6.946929947743871,8.301937944852822,4.274864969118271,6.668529530397173,90.33151503833164,0,0,0,0,24,0
50%,2022-03-24,4.171132842128743,6.701014254806736,1.9617149093141326,3.8818962075505703,65.44715290525386,0,0,0,0,24,0
50%,2022-03-25,7.413136898447778,11.154457715403607,4.549849528761287,7.11582810946302,40.65674900588658,0,0,0,0,24,0
50%,2022-03-26,9.03143123090214,13.323671566920094,4.710155849472385,8.929709872402498,41.10992179670353,0,0,0,0,24,0
50%,2022-03-27,11.286227377313459,13.654991848150967,9.304293807511224,11.241687916921276,56.75085179161641,0,0,0,0,24,0
50%,2022-03-28,5.619997448954855,9.192307651602642,2.532324655568316,5.5244934390951075,61.4831504919369,0,0,0,0,24,0
50%,2022-03-29,11.234823439656012,14.441866228522874,7.703538807142277,10.988428167837085,70.71880822592249,0,0,0,0,24,0
50%,2022-03-30,13.079793615813434,20.777090239151573,8.363647211251863,12.755850403443258,57.49483929224181,0,5,0,0,24,0
50%,2022-03-31,24.999433793428846,32.42376366003206,15.240201229757398,24.89774831063345,26.086862600055383,0,3,0,0,24,0
50%,2022-04-01,25.332976673969,30.033583203479896,20.115481473893407,25.165084440179527,34.5966636095045,0,23,0,0,24,0
50%,2022-04-02,16.3503990022786,19.97908984710646,10.931117047091966,16.26762571258436,32.36054857262883,0,2,0,0,24,0
50%,2022-04-03,12.14795418395031,20.518130591043768,9.696598297003902,8.36686122992557,304.760180969033,0,2,10,1,24,0
50%,2022-04-04,23.81349853090806,30.33193208265106,18.28949994512995,22.554293894141242,260.30888729816826,0,20,0,0,24,0
50%,2022-04-05,18.27155271451905,21.503889835248884,15.903055933766327,17.72518049507669,266.73094602662917,0,9,0,0,24,0
50%,2022-04-06,24.62750441320615,28.404736652665008,20.426735267491587,24.487842506762078,228.69400888566713,1,24,16,16,24,1
50%,2022-04-07,28.591508762337824,31.57166125428633,25.415093357160004,25.894520441645533,260.976321738189,0,15,3,3,24,0
50%,2022-04-08,16.165897933866344,22.097607450957543,8.041755397569029,14.846183341639804,309.92725403668993,1,12,6,2,24,0
50%,2022-04-09,17.211315062930716,21.858375240145246,11.743525568700393,16.947183785377636,306.4680025142376,1,7,5,2,24,0
50%,2022-04-10,8.847566181660572,13.594141450112573,2.972692883974385,4.208150425157137,243.74902145520045,0,0,0,0,24,0
50%,2022-04-11,14.36544678952876,20.597098734659745,9.354941611668597,13.871186320577117,113.23441441343232,0,3,0,0,24,0
50%,2022-04-12,13.902459387051886,16.08587532673652,11.72574072889017,10.510720680686338,155.79186310454884,0,0,1,0,24,0
50%,2022-04-13,12.329947107325184,14.769112899572598,9.607641401680974,12.000321969471946,224.09133380141108,1,0,10,0,24,0
50%,2022-04-14,5.0074995780427445,8.94817702068498,2.417055002076431,3.319544526413191,294.02170773936945,0,0,0,0,24,0
50%,2022-04-15,9.6220824469496,13.595983721193207,4.851802125158464,9.526767357672744,84.73413091276774,0,0,0,0,24,0
50%,2022-04-16,11.038486422130598,13.841029509318679,9.377878420902025,10.817901361876745,100.6492725701234,0,0,0,0,24,0
50%,2022-04-17,12.065916667648592,16.505926200762843,8.46317367273782,11.749615880788076,134.1441365656881,0,0,0,0,24,0
50%,2022-04-18,8.53189724192657,15.671081870088882,1.5581074598856972,5.434437882975882,177.65147141791726,0,0,0,0,24,0
50%,2022-04-19,11.434007289783887,18.29277990291598,6.477775584008408,10.963291035898427,40.314121700718715,0,0,0,0,24,0
50%,2022-04-20,15.441805065368987,17.606980512508873,11.71071068424684,15.355232275311174,65.58969531708038,0,0,0,0,24,0
50%,2022-04-21,16.062546988662323,20.055117845159884,12.650470208467315,15.66429565615712,62.228308587691856,0,4,0,0,24,0
50%,2022-04-22,18.513247435188415,19.893139766988124,16.982393293849547,18.33484310439607,59.898796267637294,0,12,0,0,24,0
50%,2022-04-23,20.069193737819173,21.29469854877401,18.787839219441604,19.893117778471684,68.04565870958174,0,24,0,0,24,0
50%,2022-04-24,19.174628853895083,20.487206385712728,17.274178065293185,18.82892333853593,44.001124770320075,0,19,0,0,24,0
50%,2022-04-25,16.583548552451997,18.833471546706576,14.273160847606578,16.43029298146161,36.127439680485224,0,0,0,0,24,0
50%,2022-04-26,12.468447288272351,15.538060243886402,10.547176418294695,11.936711304779108,10.741127128510811,0,0,0,0,24,0
50%,2022-04-27,9.507191020935272,11.524461521222234,6.118911128634266,9.084247707341657,15.483362796780227,0,0,0,0,24,0
50%,2022-04-28,11.824969684614667,15.143222549288373,9.042611755819081,11.69830130129589,53.60533434797969,0,0,0,0,24,0
50%,2022-04-29,14.137765371509806,15.88470348560984,11.547534807808002,14.025668322384895,40.01519216210238,0,0,0,0,24,0
50%,2022-04-30,9.566132853173132,11.761367729033761,2.84478530280857,8.843777124881026,354.8796578911869,0,0,0,0,24,0
50%,2022-05-01,5.4061657191307475,8.989602855136066,1.1552759689590546,3.8963246498906767,153.2471262979725,0,0,0,0,24,0
50%,2022-05-02,4.5411804542973755,8.28003689594413,1.6673099832864833,2.107475947390749,48.70857809190164,0,0,0,0,24,0
50%,2022-05-03,9.395849095968131,12.16665313692258,5.099620117678178,9.035904846760019,19.250750008935086,0,0,0,0,24,0
50%,2022-05-04,6.525750199935242,10.93148755859745,2.3628282765279778,5.893267943216437,190.98381798141781,0,0,0,0,24,0
50%,2022-05-05,5.977822505888444,8.699781157248557,2.3100151570047287,3.9511589268983527,294.93214975093963,0,0,1,0,24,0
50%,2022-05-06,8.565485399153049,11.595981109896632,2.4608161042464047,8.215626577633083,223.39791846331647,1,0,10,0,24,0
50%,2022-05-07,10.480650638320023,15.53452671075904,5.98155487016056,8.659989751495663,3.6374919718595606,0,0,4,0,24,0
50%,2022-05-08,12.264985071510727,14.930463855246378,10.465382295958582,12.118045853002426,51.85591858198177,0,0,0,0,24,0
50%,2022-05-09,8.868397656294492,16.351689847698356,5.28658277208334,7.555180557417077,160.91812543136587,0,0,0,0,24,0
50%,2022-05-10,17.89371264147312,20.51419772149932,13.592662890846782,17.361466300432,215.96664307086039,1,8,16,4,24,0
50%,2022-05-11,17.114881624141947,24.523118474363923,13.888781903509146,16.205941827024798,233.0420545102349,1,4,11,3,24,0
50%,2022-05-12,13.858338041721067,16.162153996465424,9.577626394630423,12.797648370830375,238.6851993952593,0,0,9,0,24,0
50%,2022-05-13,16.508216348032615,19.010527507197622,14.168132552217935,15.976342042928332,239.13820444704027,0,3,9,0,24,0
50%,2022-05-14,5.629917677242328,12.39399423313677,2.7035911687204366,2.599367974882651,256.1966037679102,0,0,0,0,24,0
50%,2022-05-15,13.9728323771909,19.18266717551157,8.559960357561163,13.660377771800169,82.4991421892367,0,1,0,0,24,0
50%,2022-05-16,15.732090641566323,19.793994156656844,9.3795307340118,11.635488860123049,202.42302934917905,0,3,15,1,24,0
50%,2022-05-17,9.284672530626136,15.337068258070552,2.5472352443925685,2.6032351528653317,157.63231069224764,0,0,0,0,24,0
50%,2022-05-18,9.345601341794312,15.566496781534397,0.880213076916485,4.320450633506477,169.77515742845276,0,0,1,0,24,0
50%,2022-05-19,8.85082777697012,15.997325520029225,2.6353015803282243,5.000032143189517,212.97210137750585,1,0,0,0,24,0
50%,2022-05-20,11.056578047437261,22.538818694568896,6.076004873588034,7.517638883698603,216.73523376219416,1,2,3,2,24,0
50%,2022-05-21,11.690713668045554,21.768238687564757,6.765878041291191,10.278867774607543,243.55399398254661,0,3,0,0,24,0
50%,2022-05-22,8.898544598654704,11.657104401920316,5.556434286965569,7.501281829796785,161.81095494092074,0,0,0,0,24,0
50%,2022-05-23,8.9472202859468,20.006150094853325,2.9916393577399876,5.6641377029631235,226.35226498012187,1,0,0,0,24,0
50%,2022-05-24,12.800347458050267,17.693817948448178,7.407312483715384,12.470280604128408,249.67985978596272,0,0,1,0,24,0
50%,2022-05-25,17.932730364916328,23.222084117800737,11.603546053428781,17.693142311223532,230.99129263473776,1,10,15,10,24,1
50%,2022-05-26,16.4452913744468,19.301104802055892,13.154588437105495,15.617370726394544,249.0765870312693,0,0,5,0,24,0
50%,2022-05-27,14.189616596471204,18.261419782088183,8.387130244438739,14.034202920150175,292.55596631874084,0,0,0,0,24,0
50%,2022-05-28,15.290870178823623,17.231489784471215,13.174687568317006,15.052708127899058,335.8271943344305,0,0,6,0,24,0
50%,2022-05-29,14.262190642003517,16.38052109342087,10.34283853671747,14.153469979195965,351.68848193395075,0,0,0,0,24,0
50%,2022-05-30,6.860947940473781,9.77025531101265,1.7448563438311877,1.6862463088951125,240.6394351437334,0,0,2,0,24,0
50%,2022-05-31,7.987077174371904,13.669778130549654,1.1891255812736188,5.711386763657438,178.76291366784335,0,0,0,0,24,0
50%,2022-06-01,10.244265111412535,13.02084850325336,5.437425011585219,9.430907824626656,300.55193733757596,0,0,2,0,24,0
50%,2022-06-02,6.0624631330011844,14.562525257491952,0.5612055353623813,4.068456618573774,50.960437701167166,0,0,4,0,24,0
50%,2022-06-03,17.01580131158542,22.199619906046326,13.843172737477655,16.44331506555991,65.62253117016081,0,6,0,0,24,0
50%,2022-06-04,19.741385364641754,21.560708685229837,15.804254586963305,19.700229026645438,51.30596445798113,0,21,0,0,24,0
50%,2022-06-05,13.594659889884603,20.23790877276043,2.587017452279066,6.2561117072908985,29.64220187607475,0,2,0,0,24,0
50%,2022-06-06,15.89433380192809,20.53870346184646,10.851728642245247,14.698331824958991,265.0374856116107,0,4,0,0,24,0
50%,2022-06-07,10.421798639125216,17.944569756341437,2.173623747464625,8.434674700670916,253.15407914904273,0,0,0,0,24,0
50%,2022-06-08,11.779942406388871,16.055134712892155,7.452186573148156,10.267293523495052,217.50315424214355,1,0,6,0,24,0
50%,2022-06-09,12.21212723765256,16.15182979160702,6.499362368989565,9.959064665924858,246.77583880616697,0,0,7,0,24,0
50%,2022-06-10,16.384998190435052,20.82190202490361,13.760474960084485,16.307016136588377,217.60928659242109,1,2,18,2,24,0
50%,2022-06-11,15.286508781668177,17.697231802624714,13.296956583836867,14.899401750304929,227.27965482834483,1,0,8,0,24,0
50%,2022-06-12,9.910016454613226,13.920094906882852,5.309916628524539,9.417877945701656,257.04783503454496,0,0,0,0,24,0
50%,2022-06-13,10.341135209800976,16.939993407254207,3.327013122231378,8.613460902130315,296.8330629177932,0,0,9,0,24,0
50%,2022-06-14,7.758513004670135,10.998473295974769,2.4461662939808657,5.122403677719776,170.94787319113811,0,0,0,0,24,0
50%,2022-06-15,8.097034483269622,11.454941793002975,5.563481732599693,7.654483443307817,80.08530036161301,0,0,0,0,24,0
50%,2022-06-16,6.423865833253732,10.020606950097203,1.5591649514697967,5.941944261001035,149.21199503397384,0,0,0,0,24,0
50%,2022-06-17,14.620367767803728,17.7041442259542,10.8319751937977,13.690376180542069,199.60284443893337,0,0,5,0,24,0
50%,2022-06-18,12.90475921017192,19.308512599219892,7.969300547327723,12.180673868274129,10.202921070769605,0,1,0,0,24,0
50%,2022-06-19,12.707954830447582,15.756359936825476,7.856189380575475,12.27369964451541,358.32604859626457,0,0,1,0,24,0
50%,2022-06-20,10.377922753526944,16.90315866881923,1.4837412585443668,10.146933732035686,347.70507694360293,0,0,0,0,24,0
50%,2022-06-21,3.857172020886924,8.266259084830029,0.865244805936024,1.7507555431704491,144.83697574668548,0,0,1,0,24,0
50%,2022-06-22,8.249219833095754,11.917327802054913,1.7327058622503453,8.106216240165343,50.65680411844022,0,0,0,0,24,0
50%,2022-06-23,8.700623154980605,12.320683720227183,3.2418166268487014,6.808508079360951,97.85073669188665,0,0,0,0,24,0
50%,2022-06-24,12.251175270807302,18.846681303989712,3.316137046993765,11.604470759410033,200.58177515626406,0,0,4,0,24,0
50%,2022-06-25,11.814165187315908,17.24838447312863,7.472544521504342,10.595206266658705,185.18451870431664,0,0,5,0,24,0
50%,2022-06-26,10.433501886027576,14.075716525733961,4.718524085500933,9.751789648643296,189.48076542426338,0,0,2,0,24,0
50%,2022-06-27,9.421400988501617,14.06758529389901,1.282422520230364,6.909740051025924,198.12785505908673,0,0,5,0,24,0
50%,2022-06-28,9.093771266454784,11.951093999395388,5.5770350440705325,5.533644720513675,182.8256034893218,0,0,1,0,24,0
50%,2022-06-29,6.353313446838591,10.127226456224824,0.10139077337764438,4.515443883347479,171.22589043923188,0,0,1,0,24,0
50%,2022-06-30,7.50125317438416,13.736042327889795,2.5364541364828628,6.388630952865603,222.34720115336532,1,0,4,0,24,0
50%,2022-07-01,14.02002298760929,16.67789450831974,11.36482048386781,13.783232739400033,224.8234150954692,1,0,13,0,24,0
50%,2022-07-02,13.42740394485582,17.468661251804487,9.467367124383609,13.185526339905776,212.5846641197659,1,0,13,0,24,0
50%,2022-07-03,9.05303665920374,11.620634797281507,5.01192133405913,8.761259793195242,255.46711377149853,0,0,0,0,24,0
50%,2022-07-04,8.59054567065977,12.428137524683743,2.2997152935649594,7.772800420421751,256.09266250933774,0,0,0,0,24,0
50%,2022-07-05,9.980030209272245,12.435755333450143,6.5453586446509,9.571964424549426,304.26488010661967,0,0,3,0,24,0
50%,2022-07-06,11.05052305741664,17.304200960216594,7.509542106780484,10.46204895370011,259.5861245372988,0,0,0,0,24,0
50%,2022-07-07,17.63803867729038,22.99384431434839,7.204245993135641,17.132005425764063,332.07683096778493,1,10,6,4,24,0
50%,2022-07-08,7.345089293485413,10.870636679467063,2.097013902889586,6.7706500491423665,266.7981986260329,0,0,0,0,24,0
50%,2022-07-09,11.668959462332117,15.051934261624615,5.636976729138135,10.443076386123947,336.33107829540717,0,0,4,0,24,0
50%,2022-07-10,7.152449786020149,10.037364641410628,2.5081694219400466,6.6033311314437855,288.0128229936021,0,0,0,0,24,0
50%,2022-07-11,5.495827634513469,11.422763800178352,2.5526004663858006,4.475314515020858,104.83908571703773,0,0,0,0,24,0
50%,2022-07-12,11.843007769067157,17.31957337803281,8.410364787010995,11.47422334293654,186.18413198773703,0,0,1,0,24,0
50%,2022-07-13,10.28142005369349,13.768760835431705,6.416582203560077,6.61389861486154,330.26053803480653,1,0,7,0,24,0
50%,2022-07-14,8.286520179215644,14.685882279916406,0.24433448800297092,7.512573995867437,342.0785598571939,0,0,2,0,24,0
50%,2022-07-15,8.876882058084687,13.22012190827448,5.076371107070317,6.833572177511376,255.46482570050884,0,0,2,0,24,0
50%,2022-07-16,7.317391544687767,13.708794174887172,2.5055812925614926,4.775575085879977,16.537163750798356,0,0,0,0,24,0
50%,2022-07-17,8.25710553515089,11.50552506823344,4.617045851387046,7.884893144041694,168.62814458369292,0,0,0,0,24,0
50%,2022-07-18,10.152638582852424,12.451810450682231,8.470126241357045,9.871243795648441,172.5241817179715,0,0,0,0,24,0
50%,2022-07-19,12.612881654554037,16.002548452900918,10.988393176095276,12.00830187140516,141.47088758683583,0,0,0,0,24,0
50%,2022-07-20,16.33096976440944,23.593850909288463,8.693632633046942,15.120037553189047,219.27644075734062,1,5,5,2,24,0
50%,2022-07-21,14.230739880694612,19.854844778413884,3.939368839253423,13.60498804923166,339.89534603262024,0,3,3,0,24,0
50%,2022-07-22,6.630229428635777,9.919357586845056,4.294899255035234,6.458467361387857,24.148357172369515,0,0,0,0,24,0
50%,2022-07-23,7.60270461839933,16.162169334662075,1.6646490628544695,5.905231638935752,177.04506823710574,0,0,1,0,24,0
50%,2022-07-24,16.705716544847242,19.602417570413298,7.244788588852362,16.397287597364105,208.32949562304762,1,6,11,4,24,0
50%,2022-07-25,14.65145557360466,17.866061246140127,6.80634067226268,13.601298053762019,238.40663380597664,0,0,9,0,24,0
50%,2022-07-26,12.557277840374823,15.121121767796069,9.353728496240441,12.339372646742355,346.4990850673221,0,0,1,0,24,0
50%,2022-07-27,8.930410690208467,12.50957369815067,6.731669305054948,6.755552132588135,33.65378102977979,0,0,0,0,24,0
50%,2022-07-28,14.684247983377645,18.25982720944704,12.561941665500992,14.10750733871628,82.71752702106147,0,0,0,0,24,0
50%,2022-07-29,10.065887120231569,12.361400840478481,7.330739156607713,9.339691645023402,45.99295338943227,0,0,0,0,24,0
50%,2022-07-30,8.658967482572058,13.224040255340256,1.8532004812047083,7.7074577707506755,205.7443992889873,1,0,2,0,24,0
50%,2022-07-31,12.795229521485796,17.283060315127855,9.067828703138064,9.911084160668937,254.77250434967252,0,0,4,0,24,0
50%,2022-08-01,8.139031483933424,14.520763933780572,3.980042068145408,4.038230112246878,69.22352010620165,0,0,0,0,24,0
50%,2022-08-02,17.641827676407342,20.52253462874217,14.675601930745191,17.109463711748774,207.89002288337534,1,10,16,10,24,1
50%,2022-08-03,14.38934907600916,16.357403449729507,11.45799718748032,14.278979643020259,215.54792251767117,1,0,15,0,24,0
50%,2022-08-04,8.454997294003121,13.709598580650379,4.02411470699636,6.254878704778972,316.19301017507604,1,0,2,0,24,0
50%,2022-08-05,12.09572349974372,17.376914793304543,9.034590839172163,11.083522652959996,342.01345965876845,0,0,5,0,24,0
50%,2022-08-06,4.746621178546427,8.826339938176842,0.4021295328675632,4.4579505750592645,311.6498951611752,1,0,2,0,24,0
50%,2022-08-07,3.567637245552932,5.7659023627946,1.6341341280416257,2.843394035293589,276.748924165733,0,0,0,0,24,0
50%,2022-08-08,5.437499144293819,9.586179675248996,1.1564597145094568,4.57029534449359,21.717191928921807,0,0,0,0,24,0
50%,2022-08-09,9.96815601743177,13.927906514001297,6.377820414393987,9.823073480280694,49.15676247964814,0,0,0,0,24,0
50%,2022-08-10,12.324153072393054,13.654917730628009,10.822858064326878,12.18771667000098,63.96027216531928,0,0,0,0,24,0
50%,2022-08-11,11.526757485697244,13.138280953833762,10.007915381332328,11.404992824977343,70.57765248835165,0,0,0,0,24,0
50%,2022-08-12,12.855479985235663,15.38238340563657,10.976067665359947,12.75453258560721,65.86577143182728,0,0,0,0,24,0
50%,2022-08-13,10.348365034887445,13.706063487797195,7.688611304496733,9.6414736868311,88.39585827466385,0,0,0,0,24,0
50%,2022-08-14,9.056776360320404,12.607616273939335,5.666542286290224,8.839010825289094,91.92515426132769,0,0,0,0,24,0
50%,2022-08-15,9.199066528669777,15.815321546204697,2.847868947112165,8.443165969596246,204.4982478356844,0,0,2,0,24,0
50%,2022-08-16,5.966710632169938,15.028319091360848,1.2062325731188661,4.388256336877594,267.62740225254237,0,0,0,0,24,0
50%,2022-08-17,8.650371442554318,14.396183318760547,3.8027197487133684,6.68287471264705,39.16538620531236,0,0,1,0,24,0
50%,2022-08-18,6.539427489030903,11.385633760662385,2.955530785707792,2.1632693650396444,84.87333120895346,0,0,1,0,24,0
50%,2022-08-19,7.9560480216128715,11.17010478863239,3.4278420399634286,5.4573560728141866,247.26607344237516,0,0,0,0,24,0
50%,2022-08-20,10.7284501838858,19.539180506218766,0.9428271408075675,9.882923938699175,227.44366278095956,1,1,5,1,24,0
50%,2022-08-21,9.300242247337831,16.39197878363332,4.891686701361886,8.2380160957295,234.89380957540095,1,0,1,0,24,0
50%,2022-08-22,8.922086729895197,11.946142814190734,7.07732861023333,8.741633659637381,133.38329927327015,0,0,0,0,24,0
50%,2022-08-23,10.630706634727856,12.509384787904937,8.39423646440074,10.420644479219026,200.71623153366173,0,0,4,0,24,0
50%,2022-08-24,9.268254025200386,12.152114238111883,4.478066650930397,6.115990156924999,179.80439244904358,0,0,2,0,24,0
50%,2022-08-25,11.45884996834971,18.547245045021164,3.715858025015309,6.177848778899464,357.333920292585,0,1,1,1,24,0
50%,2022-08-26,11.625537043901277,14.614900814093394,9.179717766686743,11.172141137067973,351.84126501504653,0,0,0,0,24,0
50%,2022-08-27,11.389171652698154,14.542680519061593,8.382370677720122,11.173273216537435,34.352725766947174,0,0,0,0,24,0
50%,2022-08-28,10.752920392825528,13.345359074483868,7.759827930195265,10.625171216720181,38.825178083534695,0,0,0,0,24,0
50%,2022-08-29,11.660113338131696,17.738968485821033,8.433574901684905,11.518550535183513,38.442382251984554,0,0,0,0,24,0
50%,2022-08-30,15.886576631067165,18.674788103716967,12.592306291935083,15.749437006227238,53.41679801723433,0,4,0,0,24,0
50%,2022-08-31,19.812414208604604,21.878937407451428,18.614798759845126,19.788643769145803,58.54362373137735,0,23,0,0,24,0
50%,2022-09-01,16.986876609199093,20.04316807514197,15.671144496669394,16.905716022415035,69.85926281483324,0,1,0,0,24,0
50%,2022-09-02,14.915434853420313,18.34148844959299,12.95406397672853,14.743581874696986,99.01833688948795,0,0,0,0,24,0
50%,2022-09-03,10.996281182252488,18.216133711985936,6.054789600752942,10.684928061648618,132.22477284511484,0,0,0,0,24,0
50%,2022-09-04,5.917475837148615,9.157758742496528,1.393857775777303,4.741457320878123,157.04738844932922,0,0,0,0,24,0
50%,2022-09-05,10.163064720311818,15.670207393877533,2.6263118576225404,7.8645911319920625,142.63962291030214,0,0,0,0,24,0
50%,2022-09-06,11.247216095335338,17.16709282165664,2.18008008077323,9.925421509483167,174.96265430830897,0,0,1,0,24,0
50%,2022-09-07,13.314994897591063,18.771808633339845,5.577976401344095,11.00815373813968,175.69975995312586,0,0,2,0,24,0
50%,2022-09-08,13.925147400112017,19.347217025799853,5.6209943207262665,13.310021805707013,199.15403986114248,0,0,2,0,24,0
50%,2022-09-09,12.768877340074871,17.241294240359185,6.373060362589055,8.517338487226702,230.65787199651578,1,0,0,0,24,0
50%,2022-09-10,12.824901116408931,16.444184589763505,8.610394506191827,12.548602579338384,359.53685483233033,0,0,0,0,24,0
50%,2022-09-11,5.516087323218994,12.679174250459184,0.7683573444317932,2.735675978770635,108.33884374878863,0,0,0,0,24,0
50%,2022-09-12,12.04522086031622,16.04782358786974,8.112496157015455,11.421445584445857,197.69755166744457,0,0,1,0,24,0
50%,2022-09-13,9.230590669954582,14.636326439518903,5.622752406643372,8.330181800537005,0.6340117259946396,0,0,0,0,24,0
50%,2022-09-14,7.910420558222675,14.940206076506852,2.672178373868918,5.139263844393212,8.107881949573937,0,0,2,0,24,0
50%,2022-09-15,17.873680393258564,22.744248751857217,13.494723113827593,17.643418845555967,329.67493728067603,1,13,13,12,24,1
50%,2022-09-16,23.835308047877888,27.717557996206573,19.020308306101366,23.740512759787343,329.9592031862451,1,24,18,18,24,1
50%,2022-09-17,24.850565449239998,25.915428322335064,23.422165729802188,24.781216803213912,330.1218857061124,1,24,18,18,24,1
50%,2022-09-18,21.528765593904907,25.35032271025837,15.247151521541797,20.723728202712245,328.3856907748321,1,20,12,11,24,1
50%,2022-09-19,16.311024357372016,18.637999455078678,12.048970607391686,16.22067799170365,332.43003783264834,1,0,9,0,24,0
50%,2022-09-20,11.10461702955005,14.459046293154133,5.835977114186136,10.646953180100361,350.3514823871726,0,0,0,0,24,0
50%,2022-09-21,3.365576950512675,6.5210703858968335,0.18894352896008246,2.9095751342925955,169.65172589165513,0,0,0,0,24,0
50%,2022-09-22,10.180033650236119,14.328864174264622,7.4250255319817295,9.984356867589485,192.1429720327045,0,0,0,0,24,0
50%,2022-09-23,8.56889468629419,19.459684554992936,3.909432003478361,4.785194921033758,266.2203677620166,0,0,3,0,24,0
50%,2022-09-24,19.453724720344034,24.828335194839923,15.94631651284889,19.328375923337184,26.422232894945807,0,8,0,0,24,0
50%,2022-09-25,13.495797306636378,19.620294582419834,8.447855086678686,9.757365358162302,320.08933274098973,1,2,0,0,24,0
50%,2022-09-26,21.78525544527075,25.716965960814118,17.04294203419444,16.837480471668776,290.5582578899489,0,18,4,4,24,0
50%,2022-09-27,17.39035582032102,23.164799507276005,10.89964924911954,16.499395837907823,312.02453020681554,1,6,12,6,24,1
50%,2022-09-28,10.532678488103715,17.495637555428594,5.098774672742967,10.37443783301423,322.7857410263101,1,0,9,0,24,0
50%,2022-09-29,5.13151206114046,9.238113069759937,2.077735585763241,4.678562055793215,1.8578176295749245,0,0,0,0,24,0
50%,2022-09-30,17.253915361617928,34.08321239216095,2.6128039035341075,15.72571723636401,212.6983357190469,1,5,11,5,24,0
50%,2022-10-01,20.778290015463188,29.476137502923827,18.248878332793403,19.979374425021696,266.0250544079638,0,18,0,0,24,0
50%,2022-10-02,14.63856864722363,20.290484462653875,7.10447999939886,13.999305535900808,297.22361653164944,0,5,9,0,24,0
50%,2022-10-03,9.659425921944147,16.693169324043954,5.175399959882083,8.113657117966424,233.9784834968539,1,0,5,0,24,0
50%,2022-10-04,19.453630329954137,22.065865430565694,16.208810121030364,19.325673722586142,215.19518548694575,1,16,18,11,24,1
50%,2022-10-05,26.496555808066006,30.82640702936556,20.349088730843015,24.643425775092176,226.3241121771529,1,19,17,13,24,1
50%,2022-10-06,20.659725402948123,24.988118505786787,18.994450908937555,19.655777931356635,244.18334642704508,0,24,10,10,24,1
50%,2022-10-07,22.991746092774232,25.175869593175427,17.668705251463354,22.077086065714514,232.72801887443097,1,22,17,17,24,1
50%,2022-10-08,14.87628928059099,21.125078908963832,5.809502205682235,14.677740061661941,285.73583275379156,0,8,0,0,24,0
50%,2022-10-09,15.199053583361367,19.389403908937545,6.319386721481372,14.833925308558733,175.41158679362024,0,1,1,0,24,0
50%,2022-10-10,15.862751952968788,18.134847069519616,10.894435877819841,12.070398894636165,287.9101209492944,0,0,11,0,24,0
50%,2022-10-11,7.22945402148538,11.854824265676932,1.5947404277832522,5.911412368039884,277.57607704252,0,0,0,0,24,0
50%,2022-10-12,12.050933200497255,15.539275215015271,8.907328964360314,11.962502136250487,205.50693889195134,1,0,4,0,24,0
50%,2022-10-13,8.24610086051228,16.39899733421875,0.1940035991093376,4.816673130612473,267.2255227439421,0,0,0,0,24,0
50%,2022-10-14,9.501911696651309,16.690866033649,3.4792207611947163,8.513790523532364,234.30038115506056,1,0,0,0,24,0
50%,2022-10-15,18.67100185370217,25.758474990534566,10.561566484229928,17.906608617829935,224.55243433117553,1,13,10,9,24,1
50%,2022-10-16,18.08719483279778,26.02865006732457,8.796828234547801,13.814840334664835,213.5001833474811,1,10,7,5,24,0
50%,2022-10-17,16.65697266075306,21.319570116921234,10.098800017387404,14.80999051973981,213.83030236497234,1,4,13,3,24,0
50%,2022-10-18,8.749921636786686,12.555328564186928,3.645316246053289,5.8277899023261535,338.2923572465336,0,0,5,0,24,0
50%,2022-10-19,18.141322175198,22.728920686106264,11.623662181743967,17.907945404205364,100.12106050474443,0,11,0,0,24,0
50%,2022-10-20,17.703775669900743,26.06185134010208,10.769611134997627,15.46196351021567,160.88691108960393,0,7,2,0,24,0
50%,2022-10-21,14.358911174805067,19.40236647800201,9.432330231861554,14.200875554789189,189.20279198694493,0,0,0,0,24,0
50%,2022-10-22,17.371345379010357,21.396817424758243,11.159408333732765,16.377136844270204,215.45946947053383,1,9,7,3,24,0
50%,2022-10-23,17.405415178852778,23.022230344777668,7.488270330115686,15.710211597296004,156.21289495023575,0,11,0,0,24,0
50%,2022-10-24,23.514820775041287,31.090205794685648,18.243383359949647,22.66419137501032,222.64109601491936,1,18,9,9,24,0
50%,2022-10-25,15.780051064581903,19.75249844652473,12.614867614153487,13.526460019630928,221.21950659571294,1,3,3,0,24,0
50%,2022-10-26,18.52868703928021,21.969646135543943,13.60211756346867,16.766554133385696,198.24119649170413,0,9,13,9,24,1
50%,2022-10-27,17.04886965728694,22.75150511391885,10.807368906082429,16.260523064329874,184.3307916690228,0,9,2,0,24,0
50%,2022-10-28,14.470264030234683,19.4690726950661,8.950247890969345,13.252707938325765,211.24245831910235,1,0,6,0,24,0
50%,2022-10-29,13.428826254754442,19.08929701927183,6.428974179738883,11.567051936668696,182.40224926316088,0,1,8,1,24,0
50%,2022-10-30,14.913493453568336,19.838124937769074,11.408119805686033,14.712431401930882,219.60165242640014,1,1,16,1,24,0
50%,2022-10-31,16.27289159427563,25.222883761247786,13.25689560291606,13.876252353404528,165.5734999808094,0,4,4,0,24,0
50%,2022-11-01,30.365129025788566,35.41939766025939,27.20207355784154,29.786642880996705,214.36712832012856,1,8,18,6,24,0
50%,2022-11-02,26.657439584532955,30.472679044214757,18.948566042394702,23.868829291093654,223.09295171540109,1,17,4,4,24,0
50%,2022-11-03,18.86199150403529,29.249844848954012,3.878415633822792,14.236582805601897,214.9539788997749,1,10,1,0,24,0
50%,2022-11-04,13.32781602372332,17.256505022241065,5.5513366725911135,12.64049560008875,320.70116011848353,1,0,5,0,24,0
50%,2022-11-05,19.88435322844379,27.811600904704488,15.205167001665265,18.493409437715705,234.13078421095514,1,10,12,10,24,1
50%,2022-11-06,24.648818772851754,29.165001265172823,20.616159351073275,23.4067188672427,211.0799425136596,1,23,4,4,24,0
50%,2022-11-07,24.031367379379784,27.735879645596317,21.770540135021683,23.385918553922245,220.402580723866,1,24,14,14,24,1
50%,2022-11-08,26.143015863087555,28.737004898399956,23.783544793799724,25.539414293001997,199.16596008953798,0,22,6,6,24,1
50%,2022-11-09,22.682817096330407,28.00283717070908,19.684092441776013,21.82646410697114,237.77889578823437,0,23,10,10,24,1
50%,2022-11-10,23.692536498224186,26.745592166418174,19.469037338275008,23.444057994658795,230.31465120592927,1,24,12,12,24,1
50%,2022-11-11,21.126522802926164,26.121164650098304,13.464753508850455,21.03880963973142,210.96691944234806,1,16,19,16,24,1
50%,2022-11-12,11.490191986132999,13.992724987343085,9.145347318244415,10.745404633261385,176.91426982646544,0,0,4,0,24,0
50%,2022-11-13,10.790072774150795,13.104654386050463,8.909228278235888,10.719110289339845,128.77766682930303,0,0,0,0,24,0
50%,2022-11-14,11.967693959357563,13.83974697272696,10.22278804695803,11.001865652387169,153.31447007863846,0,0,0,0,24,0
50%,2022-11-15,21.961557963999955,26.553424767514063,15.656921693028314,20.798300302402318,178.75367339759646,0,19,2,1,24,0
50%,2022-11-16,21.421275384607153,32.17413886304652,15.630908222420793,18.212350467567497,171.18281028222623,0,16,0,0,24,0
50%,2022-11-17,26.311922563872773,33.86500612259315,17.191653721018493,19.769095254611756,195.0933556115883,0,11,10,6,24,0
50%,2022-11-18,12.255473970706733,22.84660079966914,4.460623272758212,9.185816733324597,248.74187498203236,0,4,4,4,24,0
50%,2022-11-19,15.91121610540231,21.35477448542113,9.30598069269685,15.650197511866201,94.73836754192052,0,8,0,0,24,0
50%,2022-11-20,13.776847408741185,20.624133218891707,6.295455986442271,4.467929799635507,228.24367585293646,1,0,0,0,24,0
50%,2022-11-21,18.290924743730205,32.553530082398034,8.314492621483206,9.928073879763827,183.15547461956862,0,6,0,0,24,0
50%,2022-11-22,20.53339724632898,25.707644672446026,16.032227955058463,19.370471207227894,214.18392071933508,1,12,3,3,24,0
50%,2022-11-23,21.812544724519682,29.8815165037995,14.016328848300338,19.518859531127045,216.52034236710074,1,13,4,2,24,0
50%,2022-11-24,22.4916784890025,28.433929208391007,17.52988774447083,19.900351990911005,215.40159991646112,1,21,4,3,24,0
50%,2022-11-25,18.502294311732175,23.27745328689631,15.1270140687051,17.590855300859154,249.0255510599011,0,12,6,6,24,1
50%,2022-11-26,18.33834176791162,24.839122165944094,14.13707645081239,16.87253656083464,209.72934847834756,1,10,6,0,24,0
50%,2022-11-27,19.843312176035763,26.635399056955574,10.186850857766606,19.678780323837255,190.90651476375422,0,14,0,0,24,0
50%,2022-11-28,7.487913380962541,12.753563210826224,3.0921002020114536,6.980065829849913,252.89435229495726,0,0,7,0,24,0
50%,2022-11-29,7.288698254106404,9.508770521468989,4.336172361129886,7.207669932466865,9.930881594274183,0,0,0,0,24,0
50%,2022-11-30,6.670068908353689,7.754199173891688,5.3464894065493676,6.026947933494225,38.264889698670686,0,0,0,0,24,0
50%,2022-12-01,8.836856687107142,11.223464976835759,5.2735469876367125,8.577041200019508,70.32264669939605,0,0,0,0,24,0
50%,2022-12-02,17.549643271951847,22.523137559701667,11.275570731637305,17.515849792463808,65.90399165844696,0,9,0,0,24,0
50%,2022-12-03,19.649546457402277,23.65067464775004,16.793715131540125,19.569407007765356,77.43608717481402,0,13,0,0,24,0
50%,2022-12-04,17.740643559705344,20.164534195398787,15.673831248516564,17.63590126758885,81.87568340052337,0,8,0,0,24,0
50%,2022-12-05,18.64629436592007,20.73678058665484,16.774478649395476,18.223215239249612,54.637759214052096,0,14,0,0,24,0
50%,2022-12-06,16.213362442645145,18.50205642251477,13.693992138067074,15.240764441110187,352.0479199252286,0,2,4,0,24,0
50%,2022-12-07,17.56893043560343,20.176957186360042,15.540647486474128,17.128726745641426,327.4892785644544,1,5,14,0,24,0
50%,2022-12-08,14.349005412721915,21.125077032992824,7.4586840867334665,13.61641520130245,325.8698973556817,1,3,12,0,24,0
50%,2022-12-09,7.5688635516542435,11.114153842766832,3.4907710409993493,6.892389187564757,319.6022654022804,1,0,3,0,24,0
50%,2022-12-10,7.453158326938244,11.175862056811367,3.6522130093017986,7.395325761967829,277.9678718164415,0,0,0,0,24,0
50%,2022-12-11,7.076895224843404,12.499754929218238,1.8856233404894227,6.549517301845192,175.6588116003686,0,0,0,0,24,0
50%,2022-12-12,11.8661640581456,13.680283450287689,10.737431797732173,11.810928451370422,176.2806658532029,0,0,0,0,24,0
50%,2022-12-13,10.563396900824626,13.247231079631108,8.948848599181797,10.150046084525645,138.59470506180753,0,0,0,0,24,0
50%,2022-12-14,10.617663762194137,14.331684680451005,7.54151148090688,7.757739615445374,19.35183424738375,0,0,0,0,24,0
50%,2022-12-15,15.728336248560934,20.30172277105785,10.860479936138569,12.278225272217574,326.83709788588,1,5,4,0,24,0
50%,2022-12-16,9.22400272807073,16.48889327593777,2.3258989090528273,6.764909793337382,17.843476475337127,0,0,0,0,24,0
50%,2022-12-17,17.35505036102013,21.125886151746954,10.713421630426785,16.706009061594933,215.62325647300057,1,10,7,4,24,0
50%,2022-12-18,20.82507789290764,26.825937581783215,17.093842591484634,20.48372678728653,169.18143435369575,0,17,0,0,24,0
50%,2022-12-19,26.29013505860406,27.027388830324632,24.092885835876736,26.051212159322453,200.10060692640099,0,24,2,2,24,0
50%,2022-12-20,19.52505617037986,26.58509306250118,11.66885945632095,18.188385801903305,218.14974294503656,1,11,1,1,24,0
50%,2022-12-21,17.531886314036388,22.026975239621024,11.005160594205162,17.363852300923245,222.04984493763277,1,8,20,8,24,1
50%,2022-12-22,11.018315054666248,15.74433332327849,6.472753679732025,9.399910487822437,252.88395211867243,0,0,3,0,24,0
50%,2022-12-23,9.393901648975358,24.101294475031505,1.7989937987452398,4.529195407812964,228.32776364953168,1,3,3,0,24,0
50%,2022-12-24,17.76415674067154,20.703453044689883,13.955691335975388,16.477830199613695,233.51600302182203,1,11,3,0,24,0
50%,2022-12-25,16.213451845559593,20.209111709662118,13.103418398102589,15.992910479299422,203.53360377429587,0,4,5,0,24,0
50%,2022-12-26,22.646616048363267,27.56140254016159,18.399530309641516,20.504365636528817,255.45838508632164,0,23,6,5,24,0
50%,2022-12-27,21.812923056577166,28.72983902361629,15.472280679341127,19.480870310588116,233.03777598806113,1,15,5,3,24,0
50%,2022-12-28,27.331919586791958,30.345288518454417,21.761269681571907,26.877731721823274,216.22288467772847,1,17,17,12,24,0
50%,2022-12-29,26.603037506138993,30.410185206154157,22.5415514577247,26.183894688958652,234.9005131718185,1,20,8,5,24,0
50%,2022-12-30,26.513357519625842,33.12157047979404,20.484738868162573,24.26699964406141,205.53153509529173,1,17,11,11,24,1
50%,2022-12-31,26.26688248214147,32.00444948448329,19.4481830787457,26.166294141986487,219.50490485140762,1,20,24,20,24,1
50%,2023-01-01,21.199196089806538,29.28997102152978,4.329389864741613,20.861143858899528,218.6575280883968,1,14,16,14,24,1
50%,2023-01-02,12.296307817554286,17.399049975167983,2.4611995906673747,11.48394754356946,270.5353567231124,0,0,0,0,24,0
50%,2023-01-03,20.489745064422774,31.251649414865728,9.138181816964316,19.916302294728897,200.56868652506228,0,11,1,0,24,0
50%,2023-01-04,26.59544638161357,31.254508242769848,22.22335940990486,25.89308527479748,237.89918761626723,0,18,9,4,24,0
50%,2023-01-05,19.184742215276632,23.733696375642314,14.273042129068244,18.015113897783678,244.03560151198104,0,14,10,6,24,1
50%,2023-01-06,21.390777852734974,28.552104685198714,17.949388633151564,20.647680594760818,225.281311853126,1,21,16,15,24,1
50%,2023-01-07,26.08220787779281,28.375411876651203,23.619704161468434,25.57153928914527,195.48521101313816,0,24,5,5,24,0
50%,2023-01-08,24.315167854847292,25.729324047002383,22.034862273147517,23.767912188292076,208.05716101917736,1,24,8,8,24,1
50%,2023-01-09,19.706867632836474,23.408429500252616,11.452711569436268,18.078269116990878,264.7111384863337,0,18,2,2,24,0
50%,2023-01-10,24.504444352580858,31.155363344019328,17.413032870508687,22.074283875733578,219.8348066927162,1,16,8,5,24,0
50%,2023-01-11,24.67905952798087,29.60390813494321,20.08132825191004,24.307092905725018,241.0694683504388,0,23,5,5,24,0
50%,2023-01-12,27.345596830249168,32.07636561548535,24.231813722034108,27.05813599756513,236.35152945645615,0,20,8,7,24,0
50%,2023-01-13,27.481957842084412,30.61890573526064,21.037941350227964,26.866388682748806,251.2410279516692,0,13,0,0,24,0
50%,2023-01-14,25.884004344710913,34.55854619642438,19.703269421274957,23.264706706616046,227.43717272356463,1,18,6,3,24,0
50%,2023-01-15,25.82472103365583,34.50995050635641,13.900788679339326,25.662384198660295,251.2423117228018,0,9,0,0,24,0
50%,2023-01-16,18.89690726796167,27.269180595533935,10.584410359985032,5.592649744262016,353.2575698310375,0,9,8,7,24,1
50%,2023-01-17,14.717199422019192,20.721081667005205,11.716370054336652,14.52045003742087,290.18677378887566,0,2,1,1,24,0
50%,2023-01-18,21.482319610174432,25.72433655593696,16.177654279529385,20.86856863157076,273.7285031259146,0,20,0,0,24,0
50%,2023-01-19,16.986488104874766,25.17247436054829,11.907463714277585,16.69654129945695,295.4112229919661,0,7,3,3,24,0
50%,2023-01-20,17.304643357782812,22.182570615269224,13.238235702615423,9.574250491999019,341.91324868343963,0,2,5,0,24,0
50%,2023-01-21,8.210004613467925,12.54873679729804,5.151058055281718,7.9220199668039175,72.94352726047748,0,0,0,0,24,0
50%,2023-01-22,10.449579781332986,12.622332732954156,7.130328549960457,10.264124736181222,41.594397265745556,0,0,0,0,24,0
50%,2023-01-23,8.472508327441313,10.57318890671902,7.353272167313042,8.302873417522365,79.26482220641628,0,0,0,0,24,0
50%,2023-01-24,5.784676804557475,8.642012240170372,2.2027509685744397,5.4898475113559115,89.65705747942832,0,0,0,0,24,0
50%,2023-01-25,10.527159874793927,17.294149763569273,3.494696304440432,7.712547351796569,257.0800736070462,0,0,5,0,24,0
50%,2023-01-26,19.652196125244515,23.372343148387433,16.65253961585473,19.579362823425434,10.986156780735087,0,13,0,0,24,0
50%,2023-01-27,14.56963926449487,19.405850553117332,8.705508762010936,14.324204976556986,43.93660913910344,0,1,0,0,24,0
50%,2023-01-28,6.762943503037499,9.198069179741303,3.1129980387700313,4.74955932844307,321.9582438382569,1,0,0,0,24,0
50%,2023-01-29,18.5254512978455,23.986162536277895,10.896570121438552,18.444882921647885,251.9370644175503,0,14,0,0,24,0
50%,2023-01-30,22.03735822595394,26.23092161540863,11.702732295921288,21.092894283647595,291.09948135578503,0,17,4,2,24,0
50%,2023-01-31,20.9448682221355,24.013517366824935,17.28493655799111,20.529390105826884,264.3218465970972,0,21,0,0,24,0
50%,2023-02-01,23.90507191698008,25.99969704519236,20.02489600734551,23.560129335049997,270.07154877880504,0,24,0,0,24,0
50%,2023-02-02,19.416947694249355,22.08638171291208,16.442717324734378,19.193897704588235,265.08933100093225,0,15,0,0,24,0
50%,2023-02-03,17.58685725576296,22.991211294683108,8.175381070052923,16.360976244313413,283.05027205967974,0,13,4,0,24,0
50%,2023-02-04,8.366189801356624,12.886821142329824,5.833932550801278,7.9561922937051115,288.5682189818322,0,0,4,0,24,0
50%,2023-02-05,17.74800328116568,25.20382699331078,10.378009162598294,16.047264968764438,349.15955340401183,0,9,0,0,24,0
50%,2023-02-06,6.003833135087185,9.89866231434636,1.1192760596638411,0.23281797938151413,137.80982394975376,0,0,0,0,24,0
50%,2023-02-07,6.6143009134588375,8.782221905836602,4.6215372903349765,6.491427036565944,183.4568589838451,0,0,0,0,24,0
50%,2023-02-08,10.689631310149407,16.58081817364322,4.73518244253499,10.335964443539932,188.2832034023746,0,0,1,0,24,0
50%,2023-02-09,13.411199499953442,17.55552272398331,9.835092971758197,11.98231857510043,263.11157297506486,0,0,3,0,24,0
50%,2023-02-10,15.835177613435548,19.635155516297964,12.024854271858388,15.487253470393936,249.3665426334496,0,4,0,0,24,0
50%,2023-02-11,11.321830311891803,15.597129751683031,4.629690030603503,11.205241085611172,271.3186627412206,0,0,0,0,24,0
50%,2023-02-12,4.845651445888853,6.8467834553545535,3.517731197034054,3.8590000526805066,204.32344299319664,0,0,0,0,24,0
50%,2023-02-13,7.722558806608688,8.754481444023606,6.9717713410335485,7.569777322952692,143.70305142209662,0,0,0,0,24,0
50%,2023-02-14,7.203114635689354,9.147799633777751,5.33197520558933,6.943808650335589,187.10240968917125,0,0,0,0,24,0
50%,2023-02-15,13.013592123866431,17.303320561650764,6.6332858513617365,11.858721488655965,200.373639195243,0,0,10,0,24,0
50%,2023-02-16,17.390250861796105,20.90534620726162,12.644958220559646,17.07145251675887,227.448114235301,1,6,9,4,24,0
50%,2023-02-17,19.13644183844185,24.940088907468517,8.043444860965792,18.696944728720617,248.9457230418633,0,15,0,0,24,0
50%,2023-02-18,19.156912606308705,24.165741670617447,11.50165180321392,18.93707232816005,251.72248706930117,0,11,1,0,24,0
50%,2023-02-19,14.486375592006185,20.262302644428875,8.009023972750628,11.793520207317318,276.7936186631067,0,9,8,1,24,0
50%,2023-02-20,19.050084006019393,22.208373656821557,14.884981331469108,19.000030654627444,247.16796209423572,0,15,0,0,24,0
50%,2023-02-21,11.026397622559701,15.672391937828749,8.691042993304542,9.963268997387555,234.01602914334788,1,0,4,0,24,0
50%,2023-02-22,9.153075184506484,12.530432084976947,5.181512478496466,6.749904900267626,206.52324531536462,1,0,0,0,24,0
50%,2023-02-23,11.861104681943033,18.227674990867257,6.913852757868767,10.858910809082037,0.30506186726512396,0,0,4,0,24,0
50%,2023-02-24,19.54318068914031,23.560486144507653,11.694370341122672,16.549470809196773,317.7532819268906,1,12,4,3,24,0
50%,2023-02-25,20.698770224274448,24.687858113149556,15.667796085866561,20.085922284019365,10.873701432464088,0,15,0,0,24,0
50%,2023-02-26,18.255964667151957,20.69400817322264,15.393207903917295,17.9979543014774,45.06857230473969,0,9,0,0,24,0
50%,2023-02-27,14.49838929635939,17.49907443338624,12.481170377949605,14.444848911703415,54.58632183932713,0,0,0,0,24,0
50%,2023-02-28,12.163700741295058,17.124775123519605,8.127507841762544,11.620420462541512,50.061501755156485,0,0,0,0,24,0
50%,2023-03-01,11.36950137079311,15.844062916893948,8.57281473433525,11.0467378748401,59.09435149428066,0,0,0,0,24,0
50%,2023-03-02,16.2519489903945,18.313680314105792,14.963037233678325,15.862543099025068,52.217345902352235,0,0,0,0,24,0
50%,2023-03-03,14.325508294720699,17.06305193784279,10.647660750427221,13.86777258903794,19.266238194760376,0,0,0,0,24,0
50%,2023-03-04,14.542801125189689,16.717934076449886,12.860010863603778,14.461692162699677,348.48126201891597,0,0,0,0,24,0
50%,2023-03-05,11.013565660362014,13.31481862990985,7.035675185755553,10.868865038567163,322.04325235674634,1,0,18,0,24,0
50%,2023-03-06,15.636287757210367,21.308914810804936,7.39192893435646,13.106860917513378,269.0526305045632,0,5,5,2,24,0
50%,2023-03-07,14.250019251629489,17.81273494871119,8.995001734202086,14.11542846290043,305.76587714136315,1,0,13,0,24,0
50%,2023-03-08,13.696481576669777,19.461030675524338,1.4487824158251907,12.735213153996844,86.2574378688916,0,4,0,0,24,0
50%,2023-03-09,16.342035706463943,22.699167301843275,11.207291941872635,16.058444009137926,84.96468117696764,0,7,0,0,24,0
50%,2023-03-10,23.43673214512381,29.360701962019593,16.9736748057578,17.34064249429299,25.710252386753382,0,19,0,0,24,0
50%,2023-03-11,9.312852002994784,15.912584773983852,4.810575488049541,3.9190925009524507,270.03057089961055,0,0,0,0,24,0
50%,2023-03-12,20.166571716057394,23.795929656292106,16.011840480611156,17.839260925352985,217.21380904424328,1,16,7,7,24,1
50%,2023-03-13,29.557969986054733,33.68987699956078,24.78497158219001,29.479484676567203,219.61861543771718,1,11,23,10,24,1
50%,2023-03-14,20.51133950269313,24.787690296780063,16.87540168098037,15.655550530068188,300.2505805666735,0,19,5,5,24,0
50%,2023-03-15,12.237740863186389,17.11778202776907,2.5786488772964713,6.55695767254234,224.48510093937304,1,0,5,0,24,0
50%,2023-03-16,20.35228033767498,22.492155981337163,17.79326809006073,20.287183908096807,183.01911701236443,0,22,0,0,24,0
50%,2023-03-17,11.767041086838992,18.387276614900482,6.069998900991993,11.601489223261899,203.68856970675478,0,1,3,0,24,0
50%,2023-03-18,12.741805344895802,14.455688208543032,10.791440629714252,12.129035225999118,193.75214199944534,0,0,6,0,24,0
50%,2023-03-19,9.909287265665336,13.992594154446982,6.148167278756694,7.953393931253349,259.53150862296866,0,0,9,0,24,0
50%,2023-03-20,15.804836379902115,17.774404609013416,13.530681041759129,15.77230412663744,228.74644714302713,1,0,18,0,24,0
50%,2023-03-21,19.55980878038398,23.004932754925942,15.92951018312477,19.453362419218404,211.8727883364416,1,15,14,9,24,1
50%,2023-03-22,24.5271665225152,27.464961005293794,22.478817973870576,24.502369074097466,209.92953295785875,1,24,20,20,24,1
50%,2023-03-23,23.063692634365182,28.168411304658395,19.425828619362576,22.66779418655363,214.13102466050196,1,24,18,18,24,1
50%,2023-03-24,22.794131293094168,24.831473167179556,19.35146779562167,22.54456055582633,226.27055068260026,1,24,18,18,24,1
50%,2023-03-25,19.676158181369704,25.35749100796879,4.774462298922001,18.80579389468373,248.45503163989355,0,15,4,4,24,0
50%,2023-03-26,14.975915789706981,19.615328162375643,0.7597373456505869,12.903849518209201,31.42523744913268,0,8,0,0,24,0
50%,2023-03-27,16.07115170152504,19.985285937375775,4.748409028996523,15.860652530377502,330.99995900013636,1,8,13,4,24,0
50%,2023-03-28,17.35174594268007,22.411295194764353,4.975899004693316,16.85914689014819,193.2283000733457,0,12,1,0,24,0
50%,2023-03-29,15.76382208711855,19.57527196366753,11.755747012147202,15.283527361555606,210.27080474277173,1,3,11,1,24,0
50%,2023-03-30,22.015761084441085,24.14642522736339,17.54987809881884,21.877269884429428,227.12397561742878,1,22,18,17,24,1
50%,2023-03-31,15.50997276246259,21.91988595047769,4.821355545189412,11.510834789810852,196.64655511194945,0,7,0,0,24,0
50%,2023-04-01,17.231746763855398,20.084637168233087,13.796029108085044,16.1389064301353,359.53196472200983,0,5,1,0,24,0
50%,2023-04-02,18.55532174603792,20.232599143188825,15.800919784409633,18.336782975370593,47.35109642808686,0,10,0,0,24,0
50%,2023-04-03,14.381158421628536,16.934339177918105,12.655079262184234,14.253014602865697,89.82605809965503,0,0,0,0,24,0
50%,2023-04-04,7.069236402967945,13.656057872249297,1.9985348273994896,6.624984285552038,113.72978599328212,0,0,0,0,24,0
50%,2023-04-05,7.240982631505535,11.061411363578518,5.129059999199412,6.998699830930992,158.92326706800884,0,0,0,0,24,0
50%,2023-04-06,13.095009997672006,18.504247462911987,9.459222774509886,8.048098289756833,209.32985044785116,1,0,0,0,24,0
50%,2023-04-07,13.512624671734434,16.386586377764846,7.729787995778221,13.277500249832595,329.72194065083494,1,0,16,0,24,0
50%,2023-04-08,6.723427553329777,9.855753230587542,3.6685041452188747,5.727015098938554,42.09250333277032,0,0,0,0,24,0
50%,2023-04-09,8.859159684533289,16.0647372305553,6.186744373703563,8.508230255626342,125.88138914197384,0,0,0,0,24,0
50%,2023-04-10,21.064966715749005,26.828778041592436,16.7599888112514,18.2383193489501,199.50282065500306,0,20,2,2,24,0
50%,2023-04-11,20.736244042399377,27.847514433409817,17.132267621573156,17.465334854736923,228.95463742264778,1,15,1,0,24,0
50%,2023-04-12,20.741767160089193,28.855658365761318,13.367826677642874,19.51462746544527,209.7439469594857,1,13,2,1,24,0
50%,2023-04-13,20.66104405758586,25.275855782451295,14.50041371510786,19.899280116884142,242.30855013843114,0,15,10,3,24,0
50%,2023-04-14,11.852611040839912,14.957684826395298,8.84240404605003,7.503930845344845,149.2516502522153,0,0,5,0,24,0
50%,2023-04-15,13.38656114069609,15.808896312063647,10.206187450493555,11.972154334065005,32.37196322360484,0,0,0,0,24,0
50%,2023-04-16,10.003048830824891,14.601297812102223,5.859046349041267,9.68832655051409,4.673509605645677,0,0,0,0,24,0
50%,2023-04-17,10.641345453696296,14.064578435524133,5.805414425939396,10.530863734860262,36.004992380140095,0,0,0,0,24,0
50%,2023-04-18,18.263467644066164,21.074056694413013,15.1545412975443,18.148098884933255,62.80105516711785,0,9,0,0,24,0
50%,2023-04-19,19.58086490497693,21.803697925494397,16.830878018575714,19.183537956545376,66.70619697041673,0,18,0,0,24,0
50%,2023-04-20,18.11942060014839,20.554648983149164,15.952173021564912,17.72582373263196,51.82976967516868,0,8,0,0,24,0
50%,2023-04-21,10.946323361155754,16.34124946369399,8.167112263665858,9.671168363076392,82.59362786997895,0,0,0,0,24,0
50%,2023-04-22,9.49829576363611,13.370901250372714,4.916038284762208,9.337127076676198,191.30559407153982,0,0,0,0,24,0
50%,2023-04-23,12.118845628688817,18.416616149019767,2.8541889928471447,8.894237866553166,193.6785570616854,0,0,0,0,24,0
50%,2023-04-24,18.479918511214425,21.047380335264847,10.803583019011764,17.827493789494135,314.7268534677909,1,13,5,4,24,0
50%,2023-04-25,14.19157843985711,17.158503606229786,6.365208346470142,14.114483443658445,336.5351618650288,0,0,5,0,24,0
50%,2023-04-26,4.402549465368885,7.731036895814403,0.19972357201369503,1.647509139594331,309.67386000910125,1,0,3,0,24,0
50%,2023-04-27,12.070755090327749,18.185550653212633,7.292222089945478,11.237825598993812,132.13734846986694,0,0,0,0,24,0
50%,2023-04-28,12.827643348192701,18.39605216598274,5.908498608415225,1.9249987477247115,70.85770845011945,0,0,2,0,24,0
50%,2023-04-29,7.086006065998226,11.720102482725325,1.9496627578730044,5.690300152563014,19.5803987240908,0,0,0,0,24,0
50%,2023-04-30,7.325276788667065,8.286764239093536,5.480619345734831,7.0046108124633095,120.8742001706936,0,0,0,0,24,0
50%,2023-05-01,6.620554370490519,12.812543720604804,2.604410034733177,3.7163801832704184,295.7281785380177,0,0,3,0,24,0
50%,2023-05-02,9.700272423290686,14.070947301424457,6.522251150236736,9.066469465454857,22.10021595016974,0,0,0,0,24,0
50%,2023-05-03,12.408744563802005,19.07836161777965,6.40528218444344,12.14928944054141,76.26001008591857,0,2,0,0,24,0
50%,2023-05-04,15.93624835970328,18.527351206544846,6.681072288568834,15.203070258302727,85.9335526306399,0,0,0,0,24,0
50%,2023-05-05,11.527271038675527,14.48450842293902,7.308528871929644,11.163545183231662,211.15379636210963,1,0,4,0,24,0
50%,2023-05-06,6.584738845276277,10.046277741541608,3.1903122258415997,5.336475657722964,173.81638744976635,0,0,2,0,24,0
50%,2023-05-07,5.748980301257046,10.496392293080067,1.8042744222404308,4.944240572865893,172.02574285626713,0,0,1,0,24,0
50%,2023-05-08,10.815974980500314,14.633624150889448,5.754737311815065,10.722731106261204,198.21721070063157,0,0,0,0,24,0
50%,2023-05-09,10.613619400809627,15.860780987341059,5.390321849456654,8.10605087430524,212.9545699882178,1,0,0,0,24,0
50%,2023-05-10,5.17332468441058,8.522173830446524,1.9876665215582927,3.5985695920353864,279.45516658077054,0,0,1,0,24,0
50%,2023-05-11,6.471563424759384,13.699014739134563,1.9877485692028776,5.221100433541073,61.09407228659552,0,0,0,0,24,0
50%,2023-05-12,17.845572742146054,20.992517248030758,14.484665231404552,17.759893082235504,20.921560746783825,0,3,0,0,24,0
50%,2023-05-13,16.106328732354903,17.23299213321177,12.920776763346797,16.057700511084803,7.078860815967232,0,0,0,0,24,0
50%,2023-05-14,8.43170147298207,14.03779475022002,1.82438966359954,7.420871058927701,357.58317787990654,0,0,3,0,24,0
50%,2023-05-15,15.007965127208786,21.931597890295535,4.624503914824531,13.257539344802655,332.77590059274064,1,6,2,0,24,0
50%,2023-05-16,12.001340390964636,15.230660267050975,8.831249528061203,11.746678300563195,319.2719460701592,1,0,12,0,24,0
50%,2023-05-17,8.246767613597777,10.620673105782549,5.714513418472461,6.921266452552885,18.780760275822047,0,0,3,0,24,0
50%,2023-05-18,7.326961450449448,11.806170211971153,4.536515325946416,7.014097845972051,74.38157760696902,0,0,0,0,24,0
50%,2023-05-19,11.684133194138001,16.433721845646335,7.945320943732233,11.184020472780979,48.9002007089058,0,0,0,0,24,0
50%,2023-05-20,16.229623675371982,17.83138996846312,14.802446489554695,16.158902367675193,44.20571792080216,0,0,0,0,24,0
50%,2023-05-21,14.292712776665065,15.219227686074557,11.603807450307322,14.008996284317854,16.925354635106487,0,0,0,0,24,0
50%,2023-05-22,14.266242632562205,19.106316988337255,9.823985870990326,14.202349775459309,346.2856828978877,0,1,0,0,24,0
50%,2023-05-23,15.19313436147951,21.652390613695683,4.751237352386475,15.129235991326947,356.7437167917763,0,6,0,0,24,0
50%,2023-05-24,4.666041871058744,7.22191071655492,1.4887285891769975,2.8887467727798386,354.0252886313957,0,0,0,0,24,0
50%,2023-05-25,12.914610602222602,17.281157139932084,7.398108017878,12.846428996913268,39.90187176214431,0,0,0,0,24,0
50%,2023-05-26,15.209720433932569,17.40668135899935,12.758922145625357,15.110530760324151,52.68609186746909,0,0,0,0,24,0
50%,2023-05-27,11.526619844735874,14.34334642724889,9.80211476997666,10.829578970891642,58.55952130750825,0,0,0,0,24,0
50%,2023-05-28,15.002626504881945,20.369034491289707,10.1277280948159,14.991283239888505,35.779462465963434,0,7,0,0,24,0
50%,2023-05-29,18.016362181484837,19.664246950968064,16.875514924838477,17.990033469939803,37.66968474911221,0,4,0,0,24,0
50%,2023-05-30,16.04770058968543,18.65701668525119,13.387009852126186,15.939068031272308,34.32466724971181,0,1,0,0,24,0
50%,2023-05-31,15.607281602392604,18.898457701380394,11.915987248197366,15.376895206391241,41.46568102490818,0,2,0,0,24,0
50%,2023-06-01,15.702022325054672,18.661871681351126,12.722243503484467,15.436659286632556,21.318483050667737,0,3,0,0,24,0
50%,2023-06-02,15.599985742483945,17.33045371664879,13.596443705541109,15.535512513908383,25.680573255498075,0,0,0,0,24,0
50%,2023-06-03,13.32864089398361,16.14804005851284,11.198284438605006,13.267407197806383,43.42265963742011,0,0,0,0,24,0
50%,2023-06-04,14.380959442037037,16.73566307340765,12.981887879450158,14.312732933772255,37.488044415550576,0,0,0,0,24,0
50%,2023-06-05,13.427964583311308,15.779965978813676,11.045171875737598,13.33882164848505,29.548075564064277,0,0,0,0,24,0
50%,2023-06-06,14.933738669271323,16.019994417568373,13.681605913109033,14.893692900497735,35.687451760566205,0,0,0,0,24,0
50%,2023-06-07,14.471190312452913,16.958467386498832,12.7327916219934,14.430794159633438,38.53877861609379,0,0,0,0,24,0
50%,2023-06-08,16.24210742297373,18.81434663096446,14.573760802673908,16.206332014790227,44.794429900054524,0,1,0,0,24,0
50%,2023-06-09,16.60401014033312,19.096375631968787,14.101850736688471,16.38702715790389,58.49860031433508,0,3,0,0,24,0
50%,2023-06-10,16.29128163522822,17.517349684358063,14.996181041072166,15.951751922509827,81.78432075227806,0,0,0,0,24,0
50%,2023-06-11,11.095186859654701,14.6732895900765,9.163470058226164,10.503986396834806,88.52262812127833,0,0,0,0,24,0
50%,2023-06-12,12.943723502738882,14.894929644287856,9.60259976213245,10.964095174267156,85.55938363801704,0,0,0,0,24,0
50%,2023-06-13,15.422425977226304,17.87528354044921,11.995883146005792,14.646532260909805,65.22227575753499,0,0,0,0,24,0
50%,2023-06-14,14.157301392191258,16.27614862154306,12.278612145254574,14.081823570341045,62.450294139148696,0,0,0,0,24,0
50%,2023-06-15,10.279792977825474,14.366189851217886,8.050586516176894,9.432861103721265,57.45309055813391,0,0,0,0,24,0
50%,2023-06-16,7.632076934159287,9.194657637836908,4.731853386476918,7.522760703960464,34.01328719431501,0,0,0,0,24,0
50%,2023-06-17,6.658841465087956,11.996179672691467,2.6631341283908125,6.196623097209931,60.17499363647829,0,0,0,0,24,0
50%,2023-06-18,12.2181304876164,13.820660045620604,10.183062311353428,11.685056879379225,120.76498536608494,0,0,0,0,24,0
50%,2023-06-19,11.4701283942413,18.036372454605694,6.138229981500506,9.243760220429358,207.2392205966215,1,0,3,0,24,0
50%,2023-06-20,11.94972360877883,16.543188783609384,8.911781653033339,8.742068590286149,152.8281475879685,0,0,2,0,24,0
50%,2023-06-21,10.277300626267639,14.482155148567843,6.080652664856224,9.840048003861131,223.08377415479785,1,0,5,0,24,0
50%,2023-06-22,7.707027679156085,12.484985605277334,3.8514823357136376,4.612741582588292,31.952634465953565,0,0,0,0,24,0
50%,2023-06-23,6.668506925379962,10.382820549606869,1.8121355911166181,3.5149265829889,230.2448717634376,1,0,4,0,24,0
50%,2023-06-24,6.690182221385392,9.73880639789512,3.8855081242243226,5.8027898732750645,219.37722848083786,1,0,0,0,24,0
50%,2023-06-25,9.925485246876232,15.900961464686798,7.077174151682969,8.255531546071168,160.8340468653878,0,0,0,0,24,0
50%,2023-06-26,11.304978504300637,16.62726160980181,6.190144350108582,10.466782590294008,269.5834521610878,0,0,2,0,24,0
50%,2023-06-27,9.200998503002706,10.941616848159903,7.516307633671259,7.32452914154116,250.8728556907242,0,0,0,0,24,0
50%,2023-06-28,10.685219164963456,11.928337406673448,8.819328810022851,10.424018212105207,218.5440088792511,1,0,5,0,24,0
50%,2023-06-29,9.481300705170309,14.1408482893216,4.315619721934363,6.893157256927714,297.36128133864173,0,0,5,0,24,0
50%,2023-06-30,14.129527890212387,20.83019187680379,7.641130614949641,13.915965575727094,220.26725206915256,1,7,14,7,24,1
50%,2023-07-01,14.425821731331183,19.503094235162287,10.911843225673424,13.451183426600085,257.0534695893352,0,2,4,2,24,0
50%,2023-07-02,16.393846519857007,19.843004511823402,13.394807350096963,15.871369600302783,260.94313451681296,0,6,0,0,24,0
50%,2023-07-03,18.860688891675668,23.177211105382305,16.91033506722054,18.21187024951215,251.26585498051014,0,7,3,2,24,0
50%,2023-07-04,14.826309217177782,21.595977414852054,6.491573934964618,9.162278771684749,232.92745697946057,1,1,0,0,24,0
50%,2023-07-05,18.164075618586946,35.813590291920065,8.105551493880562,14.303502975268586,266.05138545574454,0,4,2,0,24,0
50%,2023-07-06,11.81573362972289,13.879458447076944,10.076402605898073,10.432035711647812,219.0103299886341,1,0,0,0,24,0
50%,2023-07-07,12.231456468480813,17.607165160268885,8.106647904492407,10.522741066917805,126.0849051047511,0,0,0,0,24,0
50%,2023-07-08,9.496083938220151,17.89873070621222,2.819818361972236,8.794183464514537,103.36210884895456,0,0,0,0,24,0
50%,2023-07-09,6.269330535752544,10.004362338138494,3.3009712553282307,5.509205683418712,240.9706754502301,0,0,0,0,24,0
50%,2023-07-10,12.238740267881255,14.39936182932036,9.860797884218362,11.150700460269313,213.7170474368152,1,0,2,0,24,0
50%,2023-07-11,16.80913769002786,19.901089636828168,11.978238963492919,15.883596182062636,211.13790591936694,1,5,16,4,24,0
50%,2023-07-12,15.578973522631083,18.66078573722456,12.370127090417965,15.091638455646404,238.5850239075893,0,0,8,0,24,0
50%,2023-07-13,13.420749743973104,17.093583738809663,10.92129194975003,12.869114565005084,240.83203852898743,0,0,7,0,24,0
50%,2023-07-14,12.847808097006848,18.624000625413593,10.024038123712483,8.66249456971899,168.9293881738829,0,0,6,0,24,0
50%,2023-07-15,22.260799613165528,29.522663418259594,16.975175519106877,22.025878778888906,208.6666365888156,1,18,13,12,24,1
50%,2023-07-16,24.187722764788152,30.153760314433917,19.6686729895923,24.11152926183525,221.67793570946864,1,21,23,20,24,1
50%,2023-07-17,15.1188358654292,20.075938528660764,7.809349626483725,14.970806838497019,239.74799656825346,0,5,4,0,24,0
50%,2023-07-18,4.837656673727283,8.06099416843071,0.6514179001907549,4.109367866619221,219.97049315903033,1,0,0,0,24,0
50%,2023-07-19,4.689627538391471,10.211314865459183,2.303005675842496,3.681447000929149,319.9530056912901,1,0,0,0,24,0
50%,2023-07-20,4.99467024167144,9.277447429523184,0.6911648074572744,2.9535255958267452,286.5842640415511,0,0,0,0,24,0
50%,2023-07-21,9.364946001945716,13.873941883881882,2.995051499241457,9.023359601413421,278.96741294232515,0,0,0,0,24,0
50%,2023-07-22,16.70723470488044,23.39778653964771,9.535136452269702,16.034333214025278,224.75887220086167,1,8,14,7,24,0
50%,2023-07-23,21.323918349251247,26.26576171034886,14.392159853148147,21.099479559406078,219.76397638515837,1,17,19,14,24,1
50%,2023-07-24,13.686670545238378,18.8904076598948,9.69968270388035,10.137097654085252,319.43846521184287,1,0,0,0,24,0
50%,2023-07-25,10.872262939016247,12.61442167625627,8.845790284365508,9.298331577974993,303.9354138548969,0,0,2,0,24,0
50%,2023-07-26,13.218815125707719,17.65807728321385,9.523203531731651,11.046381502781202,250.1960464162123,0,0,3,0,24,0
50%,2023-07-27,16.14582879761013,19.075880817027226,12.805654714314953,15.083439662992202,230.9378508540349,1,2,1,1,24,0
50%,2023-07-28,11.322335125983349,15.857311793628309,7.857430866146039,10.64863548440508,228.82135787329597,1,0,8,0,24,0
50%,2023-07-29,15.250492257470269,16.79993970857258,13.154158721577614,15.094084939262503,230.8117425052096,1,0,12,0,24,0
50%,2023-07-30,19.505331409687003,22.377209898607912,16.917771435408216,19.29648644715587,245.90868850186388,0,15,3,3,24,0
50%,2023-07-31,19.26206535049466,22.97782524311596,14.161193328888855,19.037152471235164,242.14110182570715,0,10,2,0,24,0
50%,2023-08-01,17.09528547058685,22.195617406677158,7.773965283391163,16.106161519876647,263.31756010723825,0,8,0,0,24,0
50%,2023-08-02,19.43674374836441,25.018264258063162,12.74493555509742,16.276256979373063,208.7772252423505,1,13,10,8,24,1
50%,2023-08-03,19.29036348003796,24.854117530601002,13.9417920493754,18.825023491823597,318.78063911988687,1,8,19,7,24,0
50%,2023-08-04,12.058835382067869,17.118918141603146,0.5675134157842392,11.885139095594749,327.8255159312897,1,0,16,0,24,0
50%,2023-08-05,12.783310346182889,17.396159035853,2.638017285880752,8.439103432591498,166.97805359544486,0,0,1,0,24,0
50%,2023-08-06,22.93709041436522,28.467876899296144,14.25322957194165,22.566862239228684,324.1121780175515,1,13,20,13,24,1
50%,2023-08-07,16.882786023484616,25.79678438499449,9.939354734649697,15.95962580528323,301.7193223890674,0,7,10,7,24,1
50%,2023-08-08,15.719077693468607,18.639631286790152,8.94686189999937,15.372738298295243,279.3642593535338,0,0,0,0,24,0
50%,2023-08-09,9.697904568146152,13.458153944593908,5.28793602084099,8.6263150948868,286.75247919902984,0,0,0,0,24,0
50%,2023-08-10,10.102146733597385,13.642292710225407,6.506286206614293,9.050965980448069,193.35844021955347,0,0,8,0,24,0
50%,2023-08-11,14.675183884533125,17.366752424050823,12.467935533872955,13.990470420574495,206.73799992414934,1,0,13,0,24,0
50%,2023-08-12,16.24950557920349,21.200005802118753,11.433969958145699,16.024565119898536,222.453566913021,1,9,18,9,24,1
50%,2023-08-13,17.205848128084856,18.854084009941992,14.057943639849466,17.066575884450195,217.1130790470974,1,1,18,1,24,0
50%,2023-08-14,13.542401587543472,15.274662340454142,11.732937342784751,12.856606243266192,195.6739793486247,0,0,9,0,24,0
50%,2023-08-15,9.665327317148959,12.530116580257706,4.128199984908746,9.297846332853338,237.1559956576097,0,0,0,0,24,0
50%,2023-08-16,8.410509775917822,15.651304448058758,2.753402726654338,6.0448865698636745,85.66671570702022,0,0,0,0,24,0
50%,2023-08-17,15.387159293450106,16.29618989390253,14.03141935011677,15.33867140801794,58.78517452160531,0,0,0,0,24,0
50%,2023-08-18,12.041534539600514,15.674534436928415,8.439739119153229,11.767860246291454,90.04329991537656,0,0,0,0,24,0
50%,2023-08-19,15.773184623090602,18.076944827009534,11.959841890716651,13.500696990285206,208.23264714118537,1,0,10,0,24,0
50%,2023-08-20,9.80225209841428,13.377515582357137,8.432504135854206,9.521089558006752,224.70139700536558,1,0,5,0,24,0
50%,2023-08-21,9.315542330541655,12.0018196294139,7.449648862479621,8.598852721681672,227.72546790891352,1,0,1,0,24,0
50%,2023-08-22,11.578835872079077,13.078510721621319,9.61164924139712,11.144713330269742,228.29412988979092,1,0,6,0,24,0
50%,2023-08-23,5.81491731917637,9.613619845838395,1.2142553345540952,2.5889715226546315,273.0643851252844,0,0,0,0,24,0
50%,2023-08-24,11.498732578607914,13.510579497511422,8.830352488383038,7.198322541657043,166.91770851568754,0,0,2,0,24,0
50%,2023-08-25,8.359840530910036,12.476712251104322,2.7785927289728156,5.127382563035119,312.9639109025703,1,0,2,0,24,0
50%,2023-08-26,12.275064193972511,14.052272903595588,10.030050816417624,12.056239760117654,229.0789993504578,1,0,7,0,24,0
50%,2023-08-27,12.80916259688346,15.614133757288466,10.118423532626695,12.111268061062864,272.9722754183763,0,0,0,0,24,0
50%,2023-08-28,7.301985365013153,12.951239204549431,2.6749126224678754,7.1146957958962975,322.04982311958884,1,0,12,0,24,0
50%,2023-08-29,9.053248282973064,13.513345619852078,4.11218598743597,8.596366650637417,253.99060474755439,0,0,0,0,24,0
50%,2023-08-30,13.703169835725454,16.57201273319524,10.186819000532582,13.19100563815397,291.11030819089,0,0,0,0,24,0
50%,2023-08-31,10.046227409799888,16.65208490961735,3.454724869349395,7.30939338165202,278.9952217848688,0,0,0,0,24,0
50%,2023-09-01,8.385376564391569,10.670638629302958,5.22098487152717,7.441807597216622,123.47107467382483,0,0,0,0,24,0
50%,2023-09-02,9.159661283767223,10.880102366611181,6.49785362794916,9.060252605407682,58.815513309524135,0,0,0,0,24,0
50%,2023-09-03,4.442393860081799,7.2347807589364335,0.951381611309446,3.8993705174842823,121.46224684978324,0,0,0,0,24,0
50%,2023-09-04,9.793723583245972,13.206856959594443,7.61763322558276,8.93929843891667,103.23484928830965,0,0,0,0,24,0
50%,2023-09-05,9.514816336842204,12.299074525129537,6.254163932517726,9.3334504904283,87.6449077866393,0,0,0,0,24,0
50%,2023-09-06,4.899427320461894,8.784432325949359,1.911748143968513,4.194274481054593,107.13197720478291,0,0,0,0,24,0
50%,2023-09-07,9.48860063050558,11.600803380957789,7.017006716259596,9.364950212992952,108.02128076994666,0,0,0,0,24,0
50%,2023-09-08,3.3010606952745687,6.960070490729434,1.073889482097839,2.631828033728336,204.5234535142429,0,0,0,0,24,0
50%,2023-09-09,5.035587148526146,7.174971750612226,2.5008228300982926,3.537998397686214,167.78099543745975,0,0,0,0,24,0
50%,2023-09-10,8.575730415264879,10.984788459298466,6.263300947639619,7.6561996235537535,145.64634817722936,0,0,0,0,24,0
50%,2023-09-11,10.218940640665176,12.18663871416084,7.136547260975267,9.504959039093308,230.91716497931554,1,0,4,0,24,0
50%,2023-09-12,4.278157121053122,8.627288927558716,0.7351265816157571,1.7970616076577264,334.89311756662244,1,0,0,0,24,0
50%,2023-09-13,12.79196407882511,26.899315071014072,4.05089586598857,11.539295913014893,27.046970496335348,0,4,0,0,24,0
50%,2023-09-14,8.874738851519547,11.18167643516905,4.814999484894694,8.461615941225862,179.79774204236196,0,0,0,0,24,0
50%,2023-09-15,11.174877378444725,12.20312910269045,9.707855704067414,10.487397428759401,135.61197316402183,0,0,0,0,24,0
50%,2023-09-16,9.2236357833508,16.195929399837976,5.132094389435056,7.800916804630916,69.89990615648463,0,0,0,0,24,0
50%,2023-09-17,11.986319401175601,15.487950535895244,7.065870287571071,10.670408631461987,90.6600578605192,0,0,0,0,24,0
50%,2023-09-18,20.516928323836144,25.887044620519234,11.091327408233559,16.709865508878366,224.15497863915297,1,16,4,2,24,0
50%,2023-09-19,28.13728381117271,33.990660617130295,24.653309306398683,27.449384244604733,230.96607810298835,1,14,16,6,24,0
50%,2023-09-20,26.16888229041153,28.57542505899862,23.98547565878316,25.94166908622548,202.4912673724878,0,24,6,6,24,1
50%,2023-09-21,10.11667237941045,28.804008733822513,4.362873241667881,9.187735546904698,229.87400098051185,1,1,3,1,24,0
50%,2023-09-22,9.973049629790014,12.97827169428217,6.82529382660996,9.122300380419565,252.63781735407818,0,0,1,0,24,0
50%,2023-09-23,12.100602243531815,16.30041371235582,5.367155511115444,11.152532239669506,281.28526830291355,0,0,1,0,24,0
50%,2023-09-24,21.25494238746389,23.385014660135035,15.659190057480155,20.4428723029667,192.12223492781587,0,20,5,2,24,0
50%,2023-09-25,15.540193817778068,23.7274106648463,9.856218204243527,15.441572223430311,200.81729158128948,0,7,2,0,24,0
50%,2023-09-26,14.178521765057825,16.57040171265953,10.337073535200314,13.265968984265397,190.37392371083502,0,0,3,0,24,0
50%,2023-09-27,12.639976873572609,22.59120699585798,3.7037981111584766,10.264992695787457,177.21009564256087,0,5,0,0,24,0
50%,2023-09-28,19.11126760798299,24.427198053983396,15.13435587929405,18.546763145436465,223.75291445649947,1,10,12,3,24,0
50%,2023-09-29,16.254082934407553,19.97530876351877,11.305853289688326,11.624755118503217,258.9375243134934,0,4,2,1,24,0
50%,2023-09-30,9.798268930332314,15.306899439327246,5.271702403740422,8.57741159059869,235.7300453771431,0,0,7,0,24,0
50%,2023-10-01,15.941894057393236,19.02907467168582,11.958999475411819,15.879099866187662,218.76408106320875,1,5,24,5,24,0
50%,2023-10-02,8.80648564138747,16.6387818386012,3.0223383273963127,5.617026621312518,201.15791726015928,0,0,3,0,24,0
50%,2023-10-03,21.07355652973628,24.9645906163018,16.999795514103784,18.65413552437454,278.00847762174305,0,18,3,2,24,0
50%,2023-10-04,19.998203031099205,23.205369096744327,16.944789508872418,19.68813696302612,256.8761602487786,0,16,0,0,24,0
50%,2023-10-05,18.336734835197017,23.116507924085134,13.074576228081742,17.222626521041306,248.66876396301518,0,12,9,5,24,0
50%,2023-10-06,21.91728201775572,23.812559158577365,19.80743847719032,21.77778233267993,237.4586352687063,0,24,8,8,24,1
50%,2023-10-07,18.279685995538355,20.740092447053133,10.279014302225043,17.681294174804687,255.04834586126935,0,13,0,0,24,0
50%,2023-10-08,9.972903504019294,14.791717784897493,5.852594182282661,3.2970343402493554,148.3705669540385,0,0,3,0,24,0
50%,2023-10-09,10.200855328242282,15.488791498955967,3.2497910583399596,9.054416475130584,278.3237331810715,0,0,3,0,24,0
50%,2023-10-10,15.717647544239627,21.306881244980442,9.771323778932734,15.19201663370827,222.92684536522046,1,9,9,4,24,0
50%,2023-10-11,19.604076106704603,23.360368365411304,10.974519812398084,18.385644165741944,243.55866762461378,0,17,4,4,24,0
50%,2023-10-12,7.057888844597362,17.196782899023688,1.7312773225348381,1.8995979959878793,102.17299957128512,0,0,4,0,24,0
50%,2023-10-13,24.934671184150602,31.826938997215507,17.627957218582804,21.038107325934405,231.85911806326664,1,15,19,11,24,0
50%,2023-10-14,22.152521795507855,24.66986814942215,19.432179943358634,22.047281164940927,296.43949359822716,0,24,0,0,24,0
50%,2023-10-15,19.50872313540586,24.747841045191677,11.70996611323494,19.287550405656372,321.93331923108593,1,15,22,13,24,1
50%,2023-10-16,9.56884262954444,14.176185155425507,5.122401367637689,4.898511801940662,53.529466006296445,0,0,4,0,24,0
50%,2023-10-17,18.757239780061585,22.501549283520255,14.539191731390877,18.687021541866397,103.38344519237796,0,10,0,0,24,0
50%,2023-10-18,24.384294741886023,28.26518042000193,21.925421768378122,24.23166492124715,110.87299960421808,0,24,0,0,24,0
50%,2023-10-19,18.471108720693334,24.005595527233556,14.463629461251479,15.888095783231739,167.4977844561662,0,9,2,2,24,0
50%,2023-10-20,20.719039314877772,26.773857003211557,12.094823861135778,12.587801205090033,113.79088262243982,0,18,4,3,24,0
50%,2023-10-21,22.163570526666707,27.39161307245417,11.111023503517961,21.756155499281384,192.7102997856715,0,20,1,1,24,0
50%,2023-10-22,14.786337432973895,21.85431334825352,8.133732694426033,14.457696691321837,261.63560276006115,0,3,0,0,24,0
50%,2023-10-23,13.19316786122537,21.919256103450003,5.520609699087932,11.075008229468226,117.68461781993886,0,6,1,0,24,0
50%,2023-10-24,15.434880840339702,21.094482952304897,2.1630380906791498,12.656753750316357,246.3298707757597,0,10,0,0,24,0
50%,2023-10-25,6.839766939132506,14.798451716179406,3.062882753637117,1.3403821655582329,167.96827483555853,0,0,0,0,24,0
50%,2023-10-26,14.026085187471786,21.356736913098523,5.311967202082231,13.371930853184526,147.39255794059125,0,2,0,0,24,0
50%,2023-10-27,9.08351161326913,13.236247308615905,5.367378517704143,7.21559708769119,203.39482765974265,0,0,5,0,24,0
50%,2023-10-28,18.971746980492608,24.440179911517518,13.183359698815226,17.132167272891014,189.8924928834604,0,10,7,2,24,0
50%,2023-10-29,25.726358389774205,30.22205132581549,20.33014789718186,24.824363949794197,222.0290112377543,1,19,12,12,24,1
50%,2023-10-30,15.833624367690241,26.04309496585008,6.960348633210975,14.743480415637094,224.15538499348366,1,11,19,11,24,1
50%,2023-10-31,8.88395068108478,13.003082428862207,3.474413361977958,7.128939613558943,257.01817402940037,0,0,3,0,24,0
50%,2023-11-01,22.843379021681596,27.109222125767246,11.90774434965053,22.325296810200427,203.46429695434338,0,18,10,7,24,0
50%,2023-11-02,31.56948956967132,38.76991041388895,26.413817517130784,24.942245399663122,188.70381518278785,0,5,0,0,24,0
50%,2023-11-03,26.773594040600532,30.013361537767718,16.76352450390987,26.08461808704857,243.921450740742,0,13,5,4,24,0
50%,2023-11-04,21.93703822219067,28.94028030804515,14.977767793532646,18.975915366571297,197.7144925118891,0,18,6,4,24,0
50%,2023-11-05,20.649878066640607,28.59422101430746,10.74082329115494,17.911933592438466,261.1832093694636,0,14,0,0,24,0
50%,2023-11-06,21.25323504825626,22.403196519813513,19.363764092189413,21.199627536405014,249.09511133086767,0,24,0,0,24,0
50%,2023-11-07,20.198258527805567,22.366236118385373,17.679043587933734,20.016422495584763,253.3874661052893,0,20,0,0,24,0
50%,2023-11-08,21.550803840745065,33.10424964691458,9.014029708411861,18.783846433586135,227.7810529698165,1,10,4,3,24,0
50%,2023-11-09,18.266613928924077,22.281167717454398,9.627084630069241,16.956836555644955,233.83509108289152,1,14,11,9,24,0
50%,2023-11-10,17.204492411401294,22.83693274489989,7.534233619695996,14.148288360356666,283.04358625349914,0,11,8,5,24,0
50%,2023-11-11,15.622048249522956,21.001393000106845,6.196591843629806,15.422577259330861,304.1925230825841,0,6,7,0,24,0
50%,2023-11-12,8.045137912912974,17.44371761229393,0.8244513946786007,6.600213075209562,187.4217641239631,0,0,1,0,24,0
50%,2023-11-13,24.80674577253249,31.85296883730938,13.682239568475241,21.160188196449898,220.66192742200636,1,7,0,0,24,0
50%,2023-11-14,23.414089983282583,32.83920258771862,16.07381672230232,22.39811202300835,265.13008801807416,0,14,0,0,24,0
50%,2023-11-15,23.354602456736856,26.290085816120982,19.55145620800167,23.105596014605215,272.93958274179033,0,24,0,0,24,0
50%,2023-11-16,10.45925965091986,17.697844816703643,2.0372614286116293,6.234689618370323,75.05479886363509,0,0,1,0,24,0
50%,2023-11-17,6.979212505175071,9.48371832065772,3.9447393454805515,6.34550028991755,251.7059129240302,0,0,2,0,24,0
50%,2023-11-18,21.600930686197426,27.7942121834624,12.00748683699969,19.29393321919601,203.41802601744067,0,19,2,0,24,0
50%,2023-11-19,25.222839845001875,26.82744444888844,22.783354105338045,25.081631040453892,243.0430740023792,0,24,0,0,24,0
50%,2023-11-20,16.441974135024974,24.132364477974708,10.25888723860433,15.004699335976644,275.46338500893626,0,10,3,0,24,0
50%,2023-11-21,16.378058278862156,19.6071349477307,11.103215603971192,15.746179556365465,23.47258740294916,0,1,0,0,24,0
50%,2023-11-22,13.96946047123906,21.4183908837659,3.090526098460039,11.401011877604915,259.3984298123214,0,11,0,0,24,0
50%,2023-11-23,24.437640770846144,27.43273794643195,21.711610729833303,23.37757148705166,279.29579172421256,0,24,3,3,24,0
50%,2023-11-24,30.754199570095647,35.64102804196401,26.44784124864543,30.256871133387385,329.3816617266142,1,11,19,9,24,1
50%,2023-11-25,24.960158014537114,29.936640484324776,15.901077402063112,24.703875697042292,338.6989060613306,0,19,6,3,24,0
50%,2023-11-26,13.553533107043323,16.421514166082943,12.05253294046993,11.127560084716363,284.91208379753164,0,0,6,0,24,0
50%,2023-11-27,12.85013365489174,24.12724843931377,1.4627754476740977,8.78932938254244,40.85330144398995,0,6,0,0,24,0
50%,2023-11-28,16.960512203547392,24.800397810535973,3.109806564586172,8.595633173470492,338.32932951259056,0,12,0,0,24,0
50%,2023-11-29,13.502201390303377,26.662845456682227,5.3884480571783016,12.113261441243877,322.14479995070525,1,6,6,1,24,0
50%,2023-11-30,10.224893253598657,13.105171548748647,4.478709599100517,9.429922059729797,40.628593009246856,0,0,0,0,24,0
50%,2023-12-01,10.36982321767159,14.191741296054994,2.211324935453293,9.958127141078386,80.59797252864689,0,0,0,0,24,0
50%,2023-12-02,7.673282161465118,10.828803925020813,2.7558014218183686,5.988550118195626,327.4864615014304,1,0,4,0,24,0
50%,2023-12-03,19.478412150608353,23.855937080813067,9.426228499278784,18.7624241749437,184.39924132779694,0,16,1,0,24,0
50%,2023-12-04,21.44517407277998,23.945504054625275,17.828104442312355,18.931499629511837,144.91100560482585,0,20,0,0,24,0
50%,2023-12-05,18.653390262159775,21.105696836732996,16.816341086846833,17.449740064626226,34.226030919560344,0,8,0,0,24,0
50%,2023-12-06,11.33038794135936,17.45193682783298,1.448857076791262,10.731883952514993,343.900405190918,0,0,4,0,24,0
50%,2023-12-07,18.937415015757804,25.451054349468116,5.475996265680765,18.510825351763035,153.94565482955477,0,13,0,0,24,0
50%,2023-12-08,16.842659389339406,23.289786763197863,9.915075725211617,14.699648118634505,208.8911179355686,1,10,12,6,24,1
50%,2023-12-09,24.41995150244563,31.08322891366019,19.553204659866907,19.8352820538974,211.96991076307495,1,20,4,4,24,0
50%,2023-12-10,25.489822074879815,32.79955280337184,18.07391440433328,23.58629952039831,248.2449767607701,0,14,1,0,24,0
50%,2023-12-11,21.34745347781035,29.816981607150257,11.18130498192752,19.87428898692943,269.0310558581514,0,9,0,0,24,0
50%,2023-12-12,13.450064535120118,17.813106080432327,5.522999965477345,11.842854061551696,199.0535452153733,0,0,7,0,24,0
50%,2023-12-13,11.810565642458052,21.05808250304473,2.3009862390482363,8.539632116966898,20.961643519249265,0,3,0,0,24,0
50%,2023-12-14,12.8458648050441,16.704850212493024,8.502749976083807,8.615375155151753,305.6311803510681,1,0,0,0,24,0
50%,2023-12-15,15.255869119012331,17.793475394422252,12.524133278822564,14.665889084240664,271.63122222757306,0,0,0,0,24,0
50%,2023-12-16,18.647440991809486,20.70926284024856,17.26368605624559,18.551684510020603,247.31494479652943,0,7,0,0,24,0
50%,2023-12-17,21.315274637538952,23.50742494786941,18.021759950199527,21.14614354446587,231.93302906847944,1,23,11,11,24,1
50%,2023-12-18,21.26740180225839,24.062595746430972,18.72820854338068,21.204875168210332,232.7990337345576,1,19,11,11,24,1
50%,2023-12-19,17.60519499207204,22.902160546336614,11.765403877200248,15.681640379139111,271.15558118439475,0,10,1,0,24,0
50%,2023-12-20,24.90348505701994,27.331741903940298,23.005721909716726,24.754701680363638,268.15732109081824,0,24,0,0,24,0
50%,2023-12-21,28.766705259079036,32.552527841286626,22.109887724287486,27.59358605000859,283.24048239691723,0,8,0,0,24,0
50%,2023-12-22,28.202879118017147,32.294645151079465,24.1958631992984,27.96628167333849,291.1819172706199,0,9,0,0,24,0
50%,2023-12-23,24.744405365318613,27.918392852712188,21.441086931430572,24.295615353214828,263.9469678758517,0,24,0,0,24,0
50%,2023-12-24,25.663134973041863,28.6914890553727,23.007744215757473,25.604008452211833,246.8072246531997,0,24,0,0,24,0
50%,2023-12-25,20.372566052408157,24.136664562041897,16.797757748553558,20.15719916106848,251.4399101115444,0,16,0,0,24,0
50%,2023-12-26,17.13809329571291,24.827847165182696,3.1597105348800922,16.03934591749934,271.0906533268553,0,13,0,0,24,0
50%,2023-12-27,21.932354546751963,31.26615988755891,7.890675807405595,18.859681179918145,186.50630741877114,0,13,4,3,24,0
50%,2023-12-28,30.35008591477593,33.01912394849799,27.72836399059178,30.259034359510423,225.52050228005226,1,6,23,5,24,0
50%,2023-12-29,24.918543475754166,29.092385517992952,18.44922419702728,24.60804666060739,246.28426067207968,0,22,0,0,24,0
50%,2023-12-30,22.092023862414823,27.37309329175206,14.103069195698543,18.695922767079352,218.4992669448182,1,18,0,0,24,0
50%,2023-12-31,27.355446103453556,29.49585633883568,25.651496364884476,25.192757039451102,202.20177392005021,0,20,12,10,24,1
50%,2024-01-01,24.369653453844055,27.95953660729005,18.017944468631896,21.672634762041376,240.84838499353629,0,22,2,1,24,0
50%,2024-01-02,26.437879159083902,39.64397853470746,15.857423429152917,22.851484870709744,221.11784018930095,1,7,4,0,24,0
50%,2024-01-03,20.12907780986441,28.57990906056286,14.11762387759613,19.014003960305303,264.803061813126,0,8,0,0,24,0
50%,2024-01-04,14.587713920481994,21.06763259838957,9.327804670061472,7.508643558421263,256.2293491421865,0,1,0,0,24,0
50%,2024-01-05,14.76752721421717,19.162677398212082,3.9760758704291788,4.710435494831992,9.530877851211812,0,0,0,0,24,0
50%,2024-01-06,17.60547692753753,19.263237267662586,16.200217386253406,17.44478517760466,16.832022691288785,0,2,0,0,24,0
50%,2024-01-07,20.837087007412656,22.30119390686331,19.528052455857445,20.664875255308157,55.522888872005296,0,24,0,0,24,0
50%,2024-01-08,23.774356276665866,25.86645885939911,21.380471618890603,23.26397081298074,69.1976700184012,0,24,0,0,24,0
50%,2024-01-09,23.24014997061059,24.520632789606896,21.99378080327486,23.141747572123656,78.7396929051394,0,24,0,0,24,0
50%,2024-01-10,18.857298519072536,22.03685466605241,14.15742095638396,18.7664761293029,74.93135890827119,0,17,0,0,24,0
50%,2024-01-11,15.981507507732431,20.177452185636156,11.758658210489928,14.813600618976524,27.563456132933993,0,4,0,0,24,0
50%,2024-01-12,13.63637208902516,18.250058576469684,8.107670556044171,12.908339478323791,3.5705485435591413,0,0,3,0,24,0
50%,2024-01-13,15.769686621083155,17.716202546199835,9.536560102268012,15.613707407601554,286.11986611612764,0,0,0,0,24,0
50%,2024-01-14,18.345526136555833,23.769834944157004,14.026651476077298,18.018072047553265,302.07289981802955,0,10,7,7,24,1
50%,2024-01-15,25.8600423466377,28.833085079364015,21.657331111432903,25.737374574174485,315.8324350608061,1,24,21,21,24,1
50%,2024-01-16,18.548138645889967,23.317820802414023,15.724968959844965,16.664491486692878,262.38269031996913,0,11,4,4,24,0
50%,2024-01-17,14.042471388187224,22.13784448096415,5.5504920642798385,5.802741158822645,310.92318650892645,1,4,0,0,24,0
50%,2024-01-18,14.970425782070864,20.28579967890539,11.385093823315023,14.064981980546328,328.17522012002456,1,2,4,0,24,0
50%,2024-01-19,18.900502142479695,20.981965683391735,15.250865901277123,17.564541200579214,275.05000231599195,0,15,1,1,24,0
50%,2024-01-20,23.9624492069283,25.699161696601614,21.370738631360975,22.672024523298298,221.61106876539787,1,24,8,8,24,1
50%,2024-01-21,29.930714159855427,38.12010612350981,25.95055613045632,29.68257165780063,204.10173613864274,0,11,7,4,24,0
50%,2024-01-22,28.778150283831547,38.39859966805531,24.06697818472195,27.614688489058473,239.82525127499432,0,17,5,0,24,0
50%,2024-01-23,25.388172664501354,32.14714205003408,17.230970576198995,23.30692927100174,234.3001539354998,1,14,10,4,24,0
50%,2024-01-24,26.0177636665903,32.26153967640627,18.563776270831575,25.545172247870457,259.29688484568663,0,11,1,0,24,0
50%,2024-01-25,14.861481432011937,21.636288321844347,8.176517452355922,12.783091308208181,226.5482921653905,1,4,8,4,24,0
50%,2024-01-26,22.55160119745298,27.35102760120251,15.905675366937759,19.4314653589464,258.1154945597477,0,16,7,7,24,1
50%,2024-01-27,15.060064664099235,16.684981317757845,13.258681922816532,13.712602475918567,224.1570420759458,1,0,7,0,24,0
50%,2024-01-28,17.996474914277737,19.109442616686948,16.237072225291385,17.727062371610273,181.6078011895979,0,4,0,0,24,0
50%,2024-01-29,13.991862433422272,16.61648360152528,12.644744279816056,13.5721921507097,203.8359341117252,0,0,13,0,24,0
50%,2024-01-30,17.442459246601718,21.274606719777545,10.010130865721472,12.870951297005323,248.85054865014592,0,10,4,4,24,0
50%,2024-01-31,18.722679296226545,25.107274576190644,9.29134324485642,18.03919143672329,233.02315978870382,1,13,14,9,24,1
50%,2024-02-01,16.178828841541414,20.46429663924332,13.016802284888525,15.070841975739764,285.5748129706268,0,4,2,1,24,0
50%,2024-02-02,19.366889820185207,21.330372075306794,17.953552194293046,19.272367092628777,251.53197887539716,0,21,0,0,24,0
50%,2024-02-03,18.30636835492322,20.190889307148872,15.291900836782974,18.18227119189383,256.4183401787512,0,14,0,0,24,0
50%,2024-02-04,20.41050242454777,24.817066612086418,15.642175272691496,20.247638662371912,261.5384899304005,0,14,0,0,24,0
50%,2024-02-05,23.76060928243287,25.22697608886839,21.84993084387752,23.459930444552352,247.94890445412258,0,24,0,0,24,0
50%,2024-02-06,25.160925630487167,28.89360986620138,14.205521378148653,23.041861124158405,246.3025133640748,0,20,0,0,24,0
50%,2024-02-07,7.2824702612286885,14.012672345331174,2.12010344858573,5.436981147168589,20.456311923226963,0,0,0,0,24,0
50%,2024-02-08,14.699622231458235,25.571953769627253,2.0841282101988443,13.974916934085769,108.2547382602778,0,6,0,0,24,0
50%,2024-02-09,19.72429139531929,23.7953090494027,15.30504419415957,19.28605521122772,194.5064693244155,0,16,6,6,24,1
50%,2024-02-10,11.427340851012106,16.054641927545106,5.210305838797367,8.539809277190615,160.70665907296552,0,0,0,0,24,0
50%,2024-02-11,11.164167579789131,12.744142559898274,8.437490805005908,8.595926603141857,228.0395668796467,1,0,2,0,24,0
50%,2024-02-12,13.418676557997772,17.12915184149368,12.158057068324215,13.223022877272593,260.6710256035252,0,0,0,0,24,0
50%,2024-02-13,19.51972987602255,23.744083609562743,16.922349840514556,18.349782463923383,217.56129636660287,1,13,7,3,24,0
50%,2024-02-14,20.38637418629921,23.80720469791859,17.670619044804372,20.29880731655069,228.86286073707566,1,20,18,14,24,1
50%,2024-02-15,16.66765004978969,18.652999179869052,13.992234372977903,15.993652786690424,195.23348203769464,0,2,9,0,24,0
50%,2024-02-16,13.198234779056994,15.607135168334406,10.912706023527365,11.335760179832722,253.33161702368557,0,0,3,0,24,0
50%,2024-02-17,12.171984749261872,21.888076115986514,4.972501819586832,10.02864297292153,225.99847901203066,1,2,0,0,24,0
50%,2024-02-18,19.162392710634037,23.32944062255868,12.990848245460255,13.361873003901351,249.09139968419476,0,12,13,9,24,0
50%,2024-02-19,15.462370656232059,18.60103622480671,12.764369959985704,14.582910824206543,281.01071260680675,0,0,2,0,24,0
50%,2024-02-20,17.259757626968284,21.621379869734305,10.452486705567344,16.3159475577557,239.88994822872263,0,13,12,10,24,1
50%,2024-02-21,21.260947964464098,27.256389367080452,15.01452057181547,20.20783775693064,212.42683091948334,1,15,7,4,24,0
50%,2024-02-22,21.525631305616837,30.724928146906237,15.354509062938536,16.34615261787274,225.70840546763867,1,11,3,0,24,0
50%,2024-02-23,20.416400637030158,29.02060909095728,14.783103977975417,19.704812495464846,227.65848830323688,1,12,15,5,24,0
50%,2024-02-24,11.760239972039203,14.68001545157577,5.729124098299165,11.499336564716192,216.87650981520895,1,0,10,0,24,0
50%,2024-02-25,8.491218639816468,21.148387274850812,0.6025514890710414,5.596052989989334,95.49897147408876,0,4,0,0,24,0
50%,2024-02-26,24.137516525107202,25.827834523639,19.434829254862702,23.873400921842236,42.22992291446502,0,24,0,0,24,0
50%,2024-02-27,10.43892310977381,18.38177030690334,1.4749250420039666,2.2674016681034885,356.28426164936093,0,0,4,0,24,0
50%,2024-02-28,14.727734893022216,23.485012310475287,5.3067055229980635,13.377735775401357,213.37407679971162,1,7,2,0,24,0
50%,2024-02-29,18.173700684682558,23.622675693042098,4.067568650552761,17.63835028698818,198.69335759856654,0,14,0,0,24,0
50%,2024-03-01,18.756462632784018,28.57707318537439,7.21011713336227,14.81586882000622,183.54107045452417,0,8,0,0,24,0
50%,2024-03-02,18.766017109482743,23.719151629922727,8.94570499355342,17.875093487432235,169.05207742558434,0,14,0,0,24,0
50%,2024-03-03,7.993108099705117,12.460440146437655,3.2434064339276554,7.007283009574063,314.7744608942955,1,0,7,0,24,0
50%,2024-03-04,8.18376579983959,13.767997643711336,1.3473766758543158,2.3032503514966263,154.16650057892616,0,0,0,0,24,0
50%,2024-03-05,6.074931131672861,13.40768955759498,0.8588148689964965,5.170637261479198,122.22697810602062,0,0,0,0,24,0
50%,2024-03-06,5.548072093527597,9.562518695292509,1.5746304436322545,4.652039024568283,134.39620014581624,0,0,0,0,24,0
50%,2024-03-07,16.219762002892,20.623314986496656,10.266321744235002,16.159969551944883,87.76876259583582,0,6,0,0,24,0
50%,2024-03-08,20.3643984531473,21.96826756058302,18.73073946914381,20.312799693499514,96.8267668940033,0,24,0,0,24,0
50%,2024-03-09,18.161989452389435,21.08864920799136,16.4505167126611,18.014221084910613,107.31898546629685,0,7,0,0,24,0
50%,2024-03-10,16.260660680644193,19.520448672118164,10.926735450311098,16.04081671935118,82.31810657492957,0,4,0,0,24,0
50%,2024-03-11,12.259579610676733,14.006928795200997,10.370449389228677,9.897596637326346,19.625302669966004,0,0,3,0,24,0
50%,2024-03-12,12.375271673787202,16.64013011100032,9.312898414626872,8.664880924071252,229.28697348940543,1,0,2,0,24,0
50%,2024-03-13,18.805186600872663,21.850539529843612,14.530537466013968,18.598744928246116,225.13649788735233,1,14,17,14,24,1
50%,2024-03-14,18.279826213171443,20.18717458435088,16.597648324568695,18.057753536470223,204.3058568371758,0,9,9,7,24,0
50%,2024-03-15,20.697308487192814,23.59419030372942,16.241440285484202,19.530728112167758,226.7070755691544,1,20,20,20,24,1
50%,2024-03-16,11.678505581010597,17.908790650064727,5.476446832401008,6.397620035283015,299.2245492196094,0,0,11,0,24,0
50%,2024-03-17,15.37412598485362,16.590977400898847,14.117497599608631,14.698909236332272,174.62987593087792,0,0,2,0,24,0
50%,2024-03-18,11.500491237700196,15.281968249354154,8.466414094719028,10.729882176003814,225.0295368557369,1,0,2,0,24,0
50%,2024-03-19,15.279498858665429,18.54253909336167,10.237003102197873,15.208065880360385,215.03602846150346,1,1,21,0,24,0
50%,2024-03-20,8.746829778887689,11.570942507669452,5.41924560053879,7.25561758167462,227.41309945769405,1,0,10,0,24,0
50%,2024-03-21,12.912671143050021,17.594051845921705,3.9604102985000704,7.740899180618466,253.37647211785804,0,0,10,0,24,0
50%,2024-03-22,13.880402327386344,18.27786490199224,7.9141172457549045,13.007272865416748,263.50788499831725,0,0,0,0,24,0
50%,2024-03-23,21.225137172839236,24.376251368959124,15.237607208047892,20.990461758135854,267.1450329974864,0,21,0,0,24,0
50%,2024-03-24,23.79772773244095,28.448251600394133,11.7168946713906,23.382173438047094,301.4084117644943,0,19,11,6,24,1
50%,2024-03-25,11.233787756950719,17.275959288938306,5.781102733805855,7.342483700658184,152.5076448789988,0,0,0,0,24,0
50%,2024-03-26,12.642067217384417,17.55407888272748,7.345877641267148,12.32097429062855,120.47384494755767,0,0,0,0,24,0
50%,2024-03-27,17.774517172697383,19.52526009298702,16.16689808103536,16.488961457491452,182.5382222234015,0,2,3,2,24,0
50%,2024-03-28,22.05468015035602,28.392419730387637,16.294472637692373,19.55400566332363,182.4424650932314,0,20,1,1,24,0
50%,2024-03-29,20.90470691376302,29.233871640575046,14.317271903203567,20.707618204457155,198.95811523462288,0,12,2,2,24,0
50%,2024-03-30,6.836747385280425,14.022034219826656,2.4753006565831024,5.482463551606492,189.63273001127183,0,0,0,0,24,0
50%,2024-03-31,12.47195430338231,20.340658797750017,3.252643324739445,11.8403412225977,91.65276104803456,0,3,0,0,24,0
50%,2024-04-01,15.718093284422453,18.74354877760985,11.337787136662895,14.82450931719218,211.18278650250525,1,1,16,1,24,0
50%,2024-04-02,15.450904570582912,19.653542955428588,11.550050688790051,15.244121585347717,220.3577689357469,1,3,14,3,24,0
50%,2024-04-03,18.520805804613392,22.700841553112333,14.39998721358027,17.384062022652028,208.25281155467073,1,9,5,4,24,0
50%,2024-04-04,16.807055197868696,23.301035510285278,10.609156650126542,16.20323200163474,230.62210012231603,1,5,12,4,24,0
50%,2024-04-05,21.333432957204867,25.028306807334044,15.971248772167728,20.499116107778793,210.17639560759534,1,20,14,13,24,1
50%,2024-04-06,20.988832657862076,25.784806939140065,14.511284798831895,20.233101069548454,188.07707231777266,0,18,0,0,24,0
50%,2024-04-07,22.349511601937493,26.69454182569268,14.297996560635793,22.198624514961775,211.37649495914255,1,19,12,8,24,1
50%,2024-04-08,11.335119978415515,14.778317374814277,7.280841573971786,9.358089624058847,160.5296204774752,0,0,2,0,24,0
50%,2024-04-09,24.743055277834113,30.832440773417453,17.530874720622837,22.05892368476636,226.96363465892242,1,17,5,3,24,0
50%,2024-04-10,18.603464612476643,24.93856204798298,10.482713715787524,15.691051768893159,231.87548580638335,1,10,7,6,24,1
50%,2024-04-11,16.922226999938854,22.87423864200871,12.265838224991514,16.623710162645565,220.89445281520548,1,6,12,6,24,1
50%,2024-04-12,18.02460381111284,21.055579676269566,14.873711759788613,17.90176964631269,226.60998600232173,1,10,20,9,24,0
50%,2024-04-13,17.806874402310623,21.232371246908397,13.861490791555298,16.420639102154578,235.19422565141306,0,9,10,5,24,0
50%,2024-04-14,11.93659508444541,15.682521418074304,6.491960060217605,9.788293387285098,263.20032306070146,0,0,2,0,24,0
50%,2024-04-15,25.246940263403488,29.469593912870067,15.747359423029259,22.868122274278573,260.2160627690589,0,19,5,5,24,0
50%,2024-04-16,24.082826348430043,31.24044825809397,16.119534356197345,22.08267836213478,326.52833343529676,1,14,8,5,24,0
50%,2024-04-17,14.491311599489029,17.72584476610247,9.019462232050829,13.04659339138697,326.84251610528156,1,0,11,0,24,0
50%,2024-04-18,14.658029006989992,23.82821300155101,10.528304046438695,8.384298092469887,304.9296691828004,0,4,2,0,24,0
50%,2024-04-19,25.724588809117297,28.425552630593458,23.48876986825925,23.50079862973271,321.37534241687143,1,24,5,5,24,0
50%,2024-04-20,23.296181516548824,25.62464230131867,20.36832842449251,23.222779406215913,346.5540957970174,0,24,0,0,24,0
50%,2024-04-21,20.493608008750062,26.634218932924703,15.733645230984536,19.76890733940846,20.142533572859463,0,14,0,0,24,0
50%,2024-04-22,13.037070974356611,15.798310360029209,8.919878978649738,12.79039253832368,28.196944169781773,0,0,0,0,24,0
50%,2024-04-23,11.722638015944115,21.25186061788433,1.8903706113167684,8.878219660520779,329.14875105101993,1,8,0,0,24,0
50%,2024-04-24,20.905702465929348,23.47361057712172,13.758049554684556,20.890967215050335,339.0782259491563,0,20,0,0,24,0
50%,2024-04-25,13.418329794762336,17.13423666685568,10.063870208842578,11.698383284639783,278.0574667048836,0,0,3,0,24,0
50%,2024-04-26,7.396927943772188,15.320133058293283,1.6438198219161289,5.1920863877328225,308.2124896105213,1,0,0,0,24,0
50%,2024-04-27,10.42298335808722,17.31678629796204,3.9230369433171637,9.333096406486694,79.15724879279765,0,0,0,0,24,0
50%,2024-04-28,20.802722345000863,24.248223829088055,16.40164244574656,18.072923865709942,195.6313954030042,0,16,7,2,24,0
50%,2024-04-29,12.124398216243788,16.69796805273749,5.990224637440037,11.500850329614776,187.9078070419958,0,0,4,0,24,0
50%,2024-04-30,8.905493112947731,11.151049102724597,5.1446052979302745,8.204665517626923,128.92819923754126,0,0,0,0,24,0
50%,2024-05-01,10.736221049498305,15.243790346927588,2.9861060602413723,7.96731948879727,40.74929750425872,0,0,0,0,24,0
50%,2024-05-02,9.59089333468515,14.688940425488585,1.050581599372915,5.825434341732166,64.95945040733017,0,0,0,0,24,0
50%,2024-05-03,15.10990392856506,20.71225176306232,7.378991023034808,14.343965279169208,237.20956965350223,0,5,11,5,24,0
50%,2024-05-04,9.247856820304383,15.986097695430225,2.432471530768331,6.876040167178938,172.7324623148172,0,0,4,0,24,0
50%,2024-05-05,5.433128991366953,8.231679729517813,0.2893990086189988,2.4252594799888243,198.31905510308573,0,0,0,0,24,0
50%,2024-05-06,9.262187802155273,11.496944736052656,6.851454999002187,8.68965447340116,76.19874525559237,0,0,0,0,24,0
50%,2024-05-07,10.576721832524203,14.153601137043802,8.609210364376183,9.956267309741213,12.192198380031584,0,0,0,0,24,0
50%,2024-05-08,9.029570594163829,13.11504571762841,3.055446413988559,8.399388540853094,1.1355134117804369,0,0,0,0,24,0
50%,2024-05-09,5.1774169620347505,8.581593042884291,1.3702540120995672,4.867890090250545,207.9728538463463,1,0,1,0,24,0
50%,2024-05-10,6.204747330666894,11.677873847091806,1.539387859429167,6.141612156058984,60.80646066376937,0,0,0,0,24,0
50%,2024-05-11,12.7328609618844,15.42730725682107,11.108612279450767,12.641442331752671,72.84812046912316,0,0,0,0,24,0
50%,2024-05-12,13.977593992566284,15.550570445033852,11.504160401826681,13.619058256477894,101.48841510331016,0,0,0,0,24,0
50%,2024-05-13,9.802461811479885,12.313956019177695,5.156679674281723,7.818747395456238,167.9005048721881,0,0,0,0,24,0
50%,2024-05-14,10.779495824508786,17.463217012013924,0.9921287377476589,7.574056703877544,152.70455216354276,0,0,0,0,24,0
50%,2024-05-15,4.2093093099361,6.8941875504561425,1.506259643222298,3.6248647942974013,47.83069806269583,0,0,0,0,24,0
50%,2024-05-16,7.684748161905115,11.659231947161079,3.3714804139353007,3.9661643268513624,316.76090134794003,1,0,2,0,24,0
50%,2024-05-17,6.63173295791361,10.983515870436594,0.5673474978014597,6.186916949817094,345.99922715759783,0,0,0,0,24,0
50%,2024-05-18,8.834677267294,12.346516374564304,4.829128836872065,8.430675936094278,333.6883463031032,1,0,13,0,24,0
50%,2024-05-19,11.983100600433628,15.371656165008199,6.8063160534145135,11.927281963636096,13.197662205789584,0,0,0,0,24,0
50%,2024-05-20,13.502075868801988,16.613774981042553,9.054062224678535,13.342368596120162,11.60841437901297,0,0,0,0,24,0
50%,2024-05-21,6.7263369487123095,9.463596136839163,1.431329713338513,6.535793766151692,51.75080224675452,0,0,0,0,24,0
50%,2024-05-22,14.379399043070912,18.15519403897947,4.7753339482592985,13.275274215317909,219.7758027110615,1,0,14,0,24,0
50%,2024-05-23,13.53983692844377,17.522124243828255,8.365792425799441,13.373322151473706,217.70694299401111,1,0,17,0,24,0
50%,2024-05-24,5.501779094576002,11.27523401173673,1.9765915876081397,2.4186767644786578,324.67941100729416,1,0,0,0,24,0
50%,2024-05-25,10.420073823153139,14.643478252350606,4.082011536116052,4.019731140110807,326.286253229869,1,0,2,0,24,0
50%,2024-05-26,12.779596492493612,16.801283696556116,9.76986230279855,11.184134582890701,174.94951083006208,0,0,3,0,24,0
50%,2024-05-27,13.619030396194418,17.207958566805196,11.29137916901442,13.47551121010632,220.14455421500656,1,0,17,0,24,0
50%,2024-05-28,14.819500538765022,21.342372428185914,10.464663796938604,13.964956631346809,209.71896235449643,1,6,9,5,24,0
50%,2024-05-29,13.633366760176415,20.756827676925752,7.528380636139174,13.346697342603031,246.05005714382963,0,4,1,1,24,0
50%,2024-05-30,14.850200042396423,20.020262175926078,11.195636914762378,14.043763448557007,302.25031073374106,0,1,7,1,24,0
50%,2024-05-31,18.74254809581719,21.803415211135636,12.386956944964854,16.62265956479538,349.8720567159373,0,10,2,0,24,0
50%,2024-06-01,21.680750303212637,24.61945936656353,18.01315973746857,21.641769097339456,354.26290465121036,0,22,0,0,24,0
50%,2024-06-02,13.937902955639103,19.05047368054626,2.517265472164404,13.780279816909491,353.8035078129273,0,3,0,0,24,0
50%,2024-06-03,6.594968033000343,8.81406361652385,4.213235216574047,6.143482748285875,254.5277252115612,0,0,0,0,24,0
50%,2024-06-04,13.872903260995562,20.214452239902073,8.221616701595114,12.098399025714986,225.2532634603239,1,2,10,0,24,0
50%,2024-06-05,12.30575636386372,18.092211827364597,5.482026832754687,11.441811056888165,275.9166263396203,0,0,2,0,24,0
50%,2024-06-06,7.179205993494896,10.849161285925678,2.649051670253632,6.246348290467398,255.25178426025374,0,0,0,0,24,0
50%,2024-06-07,11.381588929554079,16.883287762719867,6.454688325466965,10.455734674381139,229.04043265691152,1,0,6,0,24,0
50%,2024-06-08,12.311775698330548,17.154064792960806,4.987296854199777,11.302542987447366,261.8714673369526,0,0,3,0,24,0
50%,2024-06-09,14.146297015457558,18.15609689739103,10.655935254108515,13.965274920053613,273.5607947064643,0,0,0,0,24,0
50%,2024-06-10,17.62775823034455,27.37271605616281,8.534951706089805,13.15146298230354,319.6094672378456,1,9,6,1,24,0
50%,2024-06-11,17.15194602136415,18.451825079339194,15.978471528354575,16.834672161960412,313.53085286423294,1,0,12,0,24,0
50%,2024-06-12,12.064794174228439,16.494253365914794,5.459289329186161,10.646051274566913,304.58076243892924,0,0,14,0,24,0
50%,2024-06-13,13.299697598221774,14.82674954266009,9.827424187312221,12.824591319850498,208.13792385971752,1,0,13,0,24,0
50%,2024-06-14,17.59340933454045,20.459810642503854,9.02817345460721,17.479658384879233,192.61496422016538,0,8,0,0,24,0
50%,2024-06-15,19.965366240573502,27.05852092702184,10.221171576084052,19.53323077973601,218.6993693073047,1,16,13,8,24,1
50%,2024-06-16,17.744730920895623,22.313925751948517,13.526321947908706,17.707196313844957,215.07225962457747,1,10,23,9,24,1
50%,2024-06-17,12.235152735062442,15.313642697375816,8.723272000582396,12.07694213265827,221.4546656263204,1,0,11,0,24,0
50%,2024-06-18,5.705501475449492,13.461445397700347,0.8732297944148242,3.4199328503680415,15.435297647027596,0,0,1,0,24,0
50%,2024-06-19,12.286064042407352,14.731206265467756,7.508577340782664,11.994635853635357,14.629147861528565,0,0,0,0,24,0
50%,2024-06-20,8.128919472271491,10.508018190436099,5.74311957108691,7.923604023209124,52.600963832719174,0,0,0,0,24,0
50%,2024-06-21,6.917983385739756,15.490146567486672,1.1953995753168332,0.25371396413808717,331.8367038172036,1,0,2,0,24,0
50%,2024-06-22,11.12001915140335,16.463150153958168,7.946400728904618,10.585153174653021,238.33741763705518,0,0,5,0,24,0
50%,2024-06-23,4.950370230923672,8.981068680693793,0.36907458329271864,4.079103848018796,249.97416606674346,0,0,1,0,24,0
50%,2024-06-24,4.7463831132547085,7.814097196153515,1.9292883873810578,3.4017557261707667,121.56408769128984,0,0,0,0,24,0
50%,2024-06-25,9.153296644560571,13.660355133596793,4.695705895244443,8.533822427754352,61.855896586863764,0,0,0,0,24,0
50%,2024-06-26,8.41334932816215,12.916133333337859,2.5190382501857367,8.281816442613609,48.80182397766373,0,0,0,0,24,0
50%,2024-06-27,12.116339024435396,16.508185367022,2.908920978007668,11.797504813656284,225.63733504175354,1,0,13,0,24,0
50%,2024-06-28,13.947941462759607,17.43731275269774,8.053377084439596,13.14540222145675,239.94440090531145,0,0,9,0,24,0
50%,2024-06-29,6.108981898137973,8.934007441815433,2.379154045531122,1.2756771308133192,208.23385758754432,1,0,3,0,24,0
50%,2024-06-30,10.913387205343943,14.035259924064427,7.8673484323786385,10.709502483304911,329.9391786313806,1,0,11,0,24,0
50%,2024-07-01,11.87434881377739,14.420351966035259,9.035005950283388,10.892098164377161,285.35939473570613,0,0,4,0,24,0
50%,2024-07-02,12.725847332921788,15.800316927652366,7.931523243320318,11.334602273618883,325.20937159620865,1,0,5,0,24,0
50%,2024-07-03,14.26968314838174,19.26094406794634,10.884280720232516,12.661410626840372,243.5450477636026,0,1,8,0,24,0
50%,2024-07-04,17.288106640090962,21.655254265417373,12.85899527797616,16.397404496524207,269.28254574701737,0,9,0,0,24,0
50%,2024-07-05,16.067419238085716,19.299580043786058,10.29156101557854,15.12927547204248,233.25225277908413,1,7,6,1,24,0
50%,2024-07-06,20.406094300904773,25.37007538311509,16.673635770317627,18.877033203380254,238.78854741539004,0,14,7,1,24,0
50%,2024-07-07,17.35858487842635,19.941724397747468,15.04599293986183,16.950507876693695,229.31726213822878,1,3,13,3,24,0
50%,2024-07-08,8.40172300682081,14.316797413517044,2.737677649282141,4.317175117938309,210.49784708775812,1,0,2,0,24,0
50%,2024-07-09,10.459119938874949,16.741440590336495,2.226043246604818,7.638204540983003,136.55575071017063,0,0,0,0,24,0
50%,2024-07-10,16.261621833228205,19.355342199244916,12.665133999272012,16.107490054320863,213.44659905394735,1,4,14,2,24,0
50%,2024-07-11,9.786937623652248,13.458053659283333,5.191071129436708,6.587678170908517,276.41772957885485,0,0,0,0,24,0
50%,2024-07-12,15.501816532848089,19.01691806387193,12.444478132564834,13.788275832258687,343.76971845889847,0,2,7,2,24,0
50%,2024-07-13,17.26442092634258,20.43469696818595,12.480994380967505,16.25562777085547,284.6218361596261,0,7,4,0,24,0
50%,2024-07-14,12.514854604301933,18.711126404464196,3.475846058644211,12.232498027849086,245.48744321508718,0,0,0,0,24,0
50%,2024-07-15,6.938685779587286,12.562055629802897,1.8742038817156055,5.8098921389388165,107.00742377113363,0,0,0,0,24,0
50%,2024-07-16,16.046818243890183,20.50605749130839,11.199182060303258,13.217584506640069,236.35095331551597,0,4,11,4,24,0
50%,2024-07-17,6.975761862138401,10.77953456043489,0.504044383163831,5.4408257629033985,265.13798979080445,0,0,0,0,24,0
50%,2024-07-18,7.6936368599382625,11.349771820307343,5.127621408960531,7.24163943133594,122.12547174199483,0,0,0,0,24,0
50%,2024-07-19,8.345467968768283,11.384138396391819,6.174279472439802,8.23992127552502,121.68643232694876,0,0,0,0,24,0
50%,2024-07-20,9.028465646911513,13.071681253452045,1.8992725524221048,7.977528764485955,176.33775484208763,0,0,0,0,24,0
50%,2024-07-21,9.084433704943075,11.804256185979625,3.8514594121647714,7.437962614814168,303.37483005861606,0,0,7,0,24,0
50%,2024-07-22,13.564918856076872,20.412790304895854,3.628799374841742,13.298845839913207,212.66950174988884,1,5,7,2,24,0
50%,2024-07-23,12.755815911238818,16.568671344910445,7.2480645753385975,9.524820861345423,301.3402927793284,0,0,9,0,24,0
50%,2024-07-24,7.60370102272607,14.361977652655945,1.5578846578019254,1.1096244962573412,197.2708630075398,0,0,3,0,24,0
50%,2024-07-25,16.017954373770525,18.01442653251781,13.820229035308389,15.790062095749352,208.10148358866024,1,0,10,0,24,0
50%,2024-07-26,10.708026202000468,15.858449577815001,6.098517454060284,9.410631287688206,244.2201392738491,0,0,3,0,24,0
50%,2024-07-27,7.281496250166,11.45296027187295,5.52763865966555,4.039601490448402,259.523310928887,0,0,3,0,24,0
50%,2024-07-28,5.719946938179003,10.859292843766541,0.28449088093059544,2.7764008945884595,321.3238597817076,1,0,2,0,24,0
50%,2024-07-29,9.132786663500037,10.99609628902292,6.684711760289197,8.086216079462918,107.52898045713073,0,0,0,0,24,0
50%,2024-07-30,7.663709423427846,11.633705524990868,4.420224568223872,7.070931775510392,56.3053682106584,0,0,0,0,24,0
50%,2024-07-31,13.084179426653975,14.421958199330204,10.37634210975527,13.061857421275592,54.52078676600263,0,0,0,0,24,0
50%,2024-08-01,11.676676464441753,14.867595260494094,7.425629887601926,11.406293764888002,62.86130170865607,0,0,0,0,24,0
50%,2024-08-02,7.359391693018214,10.467076102461654,3.7615290047457774,5.94368040293458,129.5388391886048,0,0,0,0,24,0
50%,2024-08-03,11.075214974876163,14.358421569074055,9.319836154019265,8.62838649355122,248.80003643698092,0,0,6,0,24,0
50%,2024-08-04,7.556252327267809,10.41366327576012,5.059946174751502,4.120039194748763,266.5534819508117,0,0,6,0,24,0
50%,2024-08-05,11.244694964281727,13.713425310819426,9.701074127817423,10.899654324254156,200.08680135646972,0,0,4,0,24,0
50%,2024-08-06,10.842471356015098,13.155364661297742,7.890215033459886,10.060244541097877,203.00301829355737,0,0,4,0,24,0
50%,2024-08-07,11.487711899866008,14.643061847063029,7.257481705215569,10.67869938905429,238.7281568632274,0,0,5,0,24,0
50%,2024-08-08,15.784058618166368,24.788956596193536,11.04626112196157,14.342297671457064,225.13321386002627,1,4,4,4,24,0
50%,2024-08-09,14.737509566304377,24.121861607446238,5.103105041407714,14.303778177408166,235.07568744694524,0,9,7,6,24,1
50%,2024-08-10,11.943194477845031,16.24141798178367,4.486031157214711,11.382198528392555,244.87767751400844,0,0,5,0,24,0
50%,2024-08-11,6.69566521365627,15.232458060626053,0.4441102921388371,5.418560976471506,58.92314028349119,0,0,0,0,24,0
50%,2024-08-12,15.093776283449401,16.77510714491084,12.549545858398785,12.858078894040048,126.08114923877883,0,0,1,0,24,0
50%,2024-08-13,6.943897187355627,12.44378582424598,1.0659295985448887,5.168776379182173,223.01382257891208,1,0,2,0,24,0
50%,2024-08-14,5.859793901436241,8.904808692884172,1.6146054047254517,2.9778383894866978,350.92651116467886,0,0,2,0,24,0
50%,2024-08-15,16.002564514056147,23.393314696861655,0.8787809501986326,15.628695171870108,215.75323674370418,1,10,12,5,24,0
50%,2024-08-16,8.822351246449733,18.761068464696223,2.319313146295776,4.410609298625466,312.64167664452725,1,0,0,0,24,0
50%,2024-08-17,5.296615435965413,7.826227314143186,1.3374211382660712,1.1307249658532044,104.94171713411174,0,0,0,0,24,0
50%,2024-08-18,5.604653112195958,10.7229074372884,1.733813181378021,3.101378470931492,287.7411285616349,0,0,0,0,24,0
50%,2024-08-19,10.567424222134747,17.840971296380868,1.335955522571518,9.920449741720823,200.93570642237447,0,0,1,0,24,0
50%,2024-08-20,17.062462343304393,19.244503558693854,12.707758102099893,13.532107682567652,220.7678714366092,1,1,1,0,24,0
50%,2024-08-21,18.903649187667707,21.776514821055084,14.881246280518427,17.477118849388916,256.5307161105871,0,10,7,1,24,0
50%,2024-08-22,25.589123102068825,30.051187705996586,21.295048473522133,25.49227268816158,219.6709523062824,1,21,24,21,24,1
50%,2024-08-23,20.36956220647765,31.54730774568536,9.16950226265132,19.66281951356982,224.13352300509413,1,7,15,6,24,1
50%,2024-08-24,11.676338634352268,20.987835454067735,4.426896821286803,10.176622094970794,236.44139873197375,0,2,7,0,24,0
50%,2024-08-25,19.52780285792627,23.060500876521665,14.531997968473165,18.19144594657686,243.74536600116255,0,18,10,9,24,1
50%,2024-08-26,17.566864182217852,22.89546441013946,15.044953179548626,17.14467943468357,224.52973790067497,1,6,9,0,24,0
50%,2024-08-27,12.618446296133003,16.546553648193598,8.593366881769098,11.295060257642458,186.34078112878578,0,0,4,0,24,0
50%,2024-08-28,7.67608881394094,9.452684572618978,6.070254725693061,7.019780299425022,145.83890963432668,0,0,0,0,24,0
50%,2024-08-29,7.594722487502701,12.033900368536381,0.7445913273403836,6.027438466195988,283.67060155793115,0,0,0,0,24,0
50%,2024-08-30,9.275022494060837,16.17102312537968,2.464847210754793,7.056329879217701,41.66947336444446,0,0,0,0,24,0
50%,2024-08-31,19.22711003701173,21.46882315879083,16.76424053737418,19.17296498597079,66.60941432351296,0,16,0,0,24,0
50%,2024-09-01,14.731384204851857,18.168558337571962,11.056772331768896,14.328291379066215,90.63352565209419,0,0,0,0,24,0
50%,2024-09-02,11.098953978002065,13.81041150282101,8.343590123104208,10.62182716000868,208.69462789461417,1,0,5,0,24,0
50%,2024-09-03,11.26772820843135,14.529727339408987,6.270080589803748,11.106235741552073,208.06132187113295,1,0,4,0,24,0
50%,2024-09-04,8.27044885754756,11.268799317386671,4.895022901120953,6.84811381498907,327.5851884714269,1,0,2,0,24,0
50%,2024-09-05,15.816060167359737,21.972434750061996,9.28039490455743,14.905247707085708,53.52485954055851,0,7,0,0,24,0
50%,2024-09-06,10.24198635457527,17.490380612040152,3.6958250597396045,8.75635497770816,91.19107781564298,0,0,0,0,24,0
50%,2024-09-07,7.742180755120557,13.724170559171625,4.556562931225219,5.061290956144525,120.72715730796818,0,0,0,0,24,0
50%,2024-09-08,15.750365991562084,20.105662679243803,6.596860302414838,15.360140250680338,184.9471205777626,0,4,0,0,24,0
50%,2024-09-09,12.766483060866571,22.064162227978613,0.40759298799766913,11.63599844732026,316.9369045418535,1,5,9,3,24,0
50%,2024-09-10,21.171186930462273,26.23470258653313,17.467788529092903,19.666242345390764,260.2071081295961,0,17,0,0,24,0
50%,2024-09-11,19.554155326992362,24.76261945628234,11.870946849809142,19.16085042290473,292.1673728005764,0,14,3,0,24,0
50%,2024-09-12,14.006727830027613,17.032447174805526,10.764737034853916,12.909001756875846,334.1896324619152,1,0,12,0,24,0
50%,2024-09-13,13.060244693130988,16.748419068799414,6.19713395418839,12.681246732441558,358.7521465446108,0,0,1,0,24,0
50%,2024-09-14,9.374633558924323,13.7190077333647,5.0092664633348525,8.65906101338,243.89547059142765,0,0,4,0,24,0
50%,2024-09-15,12.228460315402403,14.173435162457976,9.75037608371834,11.553844933183731,247.55262177497826,0,0,6,0,24,0
50%,2024-09-16,14.68244854690066,17.0534183828031,11.275854356611934,13.282674273363513,6.143351298356606,0,0,1,0,24,0
50%,2024-09-17,17.4197621578188,20.013219416019172,14.545973730313344,17.320959482528163,48.916040088750094,0,8,0,0,24,0
50%,2024-09-18,17.657473495168265,18.913941937198015,16.19472771846802,17.58889826809781,61.183609599409465,0,3,0,0,24,0
50%,2024-09-19,15.910525333853306,17.735016860731708,13.657683815532739,15.794819319159036,63.876922372336935,0,0,0,0,24,0
50%,2024-09-20,15.663233516311555,17.49903565180688,13.995356839950984,15.579295335189581,75.91616716947328,0,0,0,0,24,0
50%,2024-09-21,10.732536349817074,13.30152904919753,9.187474332079601,10.661531531563122,92.20880910031417,0,0,0,0,24,0
50%,2024-09-22,11.064221217152047,13.053296827391247,8.65765995035935,10.880762415094075,106.22014522040098,0,0,0,0,24,0
50%,2024-09-23,16.200216933628948,18.721430586954487,12.614715844527229,13.718814126498915,183.6698356414342,0,0,3,0,24,0
50%,2024-09-24,16.6493779339613,20.108070367512333,14.593043745076951,13.146957833495705,249.69051805077572,0,1,1,0,24,0
50%,2024-09-25,13.231615769477827,17.94595857315443,4.438170645029697,9.96139359119378,224.52063870896268,1,0,0,0,24,0
50%,2024-09-26,20.221621276594593,29.9141749712205,10.786054160678576,17.624737131186727,217.88038066876015,1,13,11,9,24,0
50%,2024-09-27,26.137009401885138,30.031099906975502,12.249744020014758,17.7341657742368,300.43790181668436,0,13,7,6,24,1
50%,2024-09-28,16.534019487934852,24.066177295974782,5.4939120597488005,16.16325445168303,316.2770262157673,1,11,18,11,24,1
50%,2024-09-29,15.294282754013487,23.898486194186102,4.7314112167798825,13.8571293029901,161.8248318118856,0,8,1,0,24,0
50%,2024-09-30,24.07814206170589,26.43205821481674,18.84016757841151,17.3756807388693,165.9593414069319,0,22,2,2,24,0
50%,2024-10-01,16.22111013021376,22.70859291376615,4.20087798376782,14.049317917637865,249.686568030775,0,6,1,0,24,0
50%,2024-10-02,17.174762384388107,22.781985919103356,3.717422538205744,17.111003277526773,57.59970474774707,0,13,0,0,24,0
50%,2024-10-03,14.345617754395938,17.596374462624944,12.521088431526826,14.199531857804859,65.0295373950604,0,0,0,0,24,0
50%,2024-10-04,7.9908111320301884,11.852139517432924,6.143022478775965,7.393018415249184,112.40170132509223,0,0,0,0,24,0
50%,2024-10-05,12.358197804751475,17.910760404845263,8.304856728420306,12.172733278524438,151.22633108814836,0,0,0,0,24,0
50%,2024-10-06,19.64573622016498,22.06675470354382,16.574572267928318,18.84198659266474,150.6924027621323,0,17,0,0,24,0
50%,2024-10-07,17.271295088322,20.999124733128664,12.18553865292327,14.016318247649036,204.24250579307088,0,9,6,3,24,0
50%,2024-10-08,18.277085312255384,20.15996628473198,16.048991096152548,16.84446592799514,196.09789031352824,0,8,8,5,24,0
50%,2024-10-09,16.48405343829568,22.963485049454597,6.223722505616792,11.660758181242496,215.24446198541295,1,10,2,0,24,0
50%,2024-10-10,20.814451626475183,28.079924368838554,13.825758721637829,20.578156367931467,339.46508993868105,0,13,7,3,24,0
50%,2024-10-11,12.232276820386218,14.449888297717123,9.181156821305466,9.388058957121759,272.212857132148,0,0,7,0,24,0
50%,2024-10-12,18.805149732971437,30.980108300228007,11.612195399330389,13.97062874253007,215.47790615895735,1,10,0,0,24,0
50%,2024-10-13,18.542671206112285,31.139126596211142,1.7194636402651442,18.227125719081375,298.6826325776692,0,6,3,1,24,0
50%,2024-10-14,9.575227004292683,13.574408652969877,1.381463812049528,9.1724131744029,122.05101185097038,0,0,0,0,24,0
50%,2024-10-15,18.344918285874325,21.737175609653907,15.712171870756988,18.317765378651128,119.50176472659007,0,9,0,0,24,0
50%,2024-10-16,19.915745947741076,21.84754141728898,17.261459701474138,19.56840962413377,144.4072968375312,0,18,0,0,24,0
50%,2024-10-17,10.469239056759001,19.213724343919793,4.42215863414094,8.876727808272609,213.28046062994449,1,0,8,0,24,0
50%,2024-10-18,5.623835668920617,12.932313647129885,1.1917868652481751,2.8135645384853336,211.36094091129277,1,0,2,0,24,0
50%,2024-10-19,15.219592563848957,20.29015146816161,9.471777687875754,14.5741283473973,203.95945212341127,0,2,3,0,24,0
50%,2024-10-20,21.785708425495045,30.123800523254125,9.303879052427849,20.731308159311013,197.92635159774397,0,14,9,7,24,1
50%,2024-10-21,17.699882268952535,25.47016291249934,10.976169710248744,17.379361201211058,233.90520370830797,1,10,14,6,24,0
50%,2024-10-22,13.713778078990677,17.198811935484606,7.026166109078625,13.617016623948683,250.11591232648453,0,0,0,0,24,0
50%,2024-10-23,10.888612148839982,14.397443297148115,6.5040461928118125,10.03549880025946,201.23985590041764,0,0,9,0,24,0
50%,2024-10-24,15.665254337557643,18.319005831933517,13.047263711512468,15.575436454910616,152.59255779843443,0,0,0,0,24,0
50%,2024-10-25,9.616036018069627,12.843757783362062,7.045013062420825,9.576331671610815,160.70722261641708,0,0,0,0,24,0
50%,2024-10-26,5.636820578479768,11.359347771723998,0.9965736700076434,2.426695955958339,230.06022352175245,1,0,0,0,24,0
50%,2024-10-27,10.949422816872557,17.3802236350051,6.052230636314205,9.149383301644285,267.6699479831361,0,0,5,0,24,0
50%,2024-10-28,20.753666083606348,23.24706703246635,15.450375980053343,20.59375749092534,235.16217110958775,0,19,7,7,24,1
50%,2024-10-29,11.123396906588757,14.459878609750016,7.525809317735623,9.679834797996223,269.745952490871,0,0,5,0,24,0
50%,2024-10-30,5.617519692679114,8.286892656672148,1.7464694042361284,5.205422175301651,327.8882133082644,1,0,9,0,24,0
50%,2024-10-31,11.23295671311768,13.779449540761906,6.120195392025633,11.105797404576586,245.28012265194542,0,0,1,0,24,0
50%,2024-11-01,12.726394377352124,15.86203671831102,8.28472089916564,9.870741041815526,282.3528414154078,0,0,2,0,24,0
50%,2024-11-02,10.643255348360297,15.162682724762025,7.952682527283863,10.00222530938733,79.25634779063455,0,0,0,0,24,0
50%,2024-11-03,7.260225190561123,10.091825379856031,5.073484574184502,7.191971482943817,116.97687401328562,0,0,0,0,24,0
50%,2024-11-04,11.52843477261978,13.250499872390593,9.540325364730695,11.459797798238103,120.33184803440713,0,0,0,0,24,0
50%,2024-11-05,5.704262880545752,9.618548853119469,3.1816035677542414,4.227633745398619,167.976293132852,0,0,0,0,24,0
50%,2024-11-06,5.580069424883504,6.963954718082453,3.987863981449853,4.453353560565972,350.7257335304215,0,0,4,0,24,0
50%,2024-11-07,9.988408479095316,12.13052194029549,5.685077936675173,9.91103161168919,110.8720121174664,0,0,0,0,24,0
50%,2024-11-08,10.85722053832015,12.491692966415146,7.865305208060027,10.784065466482335,119.36429338245864,0,0,0,0,24,0
50%,2024-11-09,6.7649492718574145,9.907972056815776,4.179832337722286,5.30931248307924,182.15271841836898,0,0,0,0,24,0
50%,2024-11-10,8.827930921576995,14.536261971604347,6.955241579068847,8.793111538225855,263.52002877983193,0,0,0,0,24,0
50%,2024-11-11,21.855180682993836,26.886486659732086,15.170157527651515,20.17958887736645,339.51537510201643,0,21,3,3,24,0
50%,2024-11-12,18.102146607430427,26.851145542555464,10.867754500416792,17.394019105833898,42.55547485728147,0,9,0,0,24,0
50%,2024-11-13,11.270541901493596,13.240381938116654,9.057532200753746,9.712777070889521,350.7899329103741,0,0,7,0,24,0
50%,2024-11-14,13.812113444728917,17.104553827440665,9.589751017653315,13.571972976587634,355.3727099283075,0,0,2,0,24,0
50%,2024-11-15,10.335585866231723,17.033872927369433,6.013687245186769,8.365586852867757,265.85662771455617,0,0,3,0,24,0
50%,2024-11-16,18.17024980914127,19.71245225174872,16.29498754860912,17.493088174973902,266.8763595462309,0,6,0,0,24,0
50%,2024-11-17,21.028469305225975,22.818635141182256,18.298397365248622,20.936925190179988,292.83203906939826,0,23,0,0,24,0
50%,2024-11-18,13.08798193489861,20.607532042714976,4.784978285981189,11.663609085017526,300.1187331353724,0,4,4,0,24,0
50%,2024-11-19,20.713777961752623,28.6432852187121,13.912704336954455,13.203407953989137,21.151875711264665,0,15,4,4,24,0
50%,2024-11-20,26.41474197728151,29.65714416273668,23.95572767776029,25.068081586457115,313.7467491225264,1,16,9,7,24,0
50%,2024-11-21,20.144693362692337,23.96739688313435,15.401844401254372,20.00628567988671,294.13565866128334,0,14,2,0,24,0
50%,2024-11-22,23.849604348883414,32.21649814952365,14.854376178842397,22.755008234746395,291.69989665181674,0,12,5,5,24,0
50%,2024-11-23,26.221435919256248,34.183659977717134,16.12702346995931,24.517774696040423,201.77401725787348,0,5,4,1,24,0
50%,2024-11-24,32.528698652267316,34.31145779444454,30.21237056153714,32.42096352203301,204.6606212362818,0,0,10,0,24,0
50%,2024-11-25,23.519806960055053,31.248012266925375,20.83111869769819,22.89348648343517,229.6849765901444,1,21,7,7,24,0
50%,2024-11-26,16.315299060335516,22.920564141181725,5.680585773069829,15.971563717496213,250.36099573319746,0,9,1,0,24,0
50%,2024-11-27,22.445054083181073,32.30995644382877,6.3127761340511785,4.762253632528189,273.2646075636181,0,10,8,4,24,0
50%,2024-11-28,12.712017892646747,23.02743678886408,1.365567486005433,11.42364234326618,333.7111013784015,1,5,7,5,24,0
50%,2024-11-29,17.058737687143633,22.045207196067874,8.231669161976628,16.964707790584846,169.33765925523062,0,6,0,0,24,0
50%,2024-11-30,16.547514764827824,20.69522891223352,14.03471323156206,16.390019332594036,195.95964911466928,0,5,0,0,24,0
50%,2024-12-01,20.262889824636378,23.03628050914644,15.311211578685924,19.591871253775416,194.33494773559474,0,18,5,5,24,0
50%,2024-12-02,18.784572736647345,24.77219897973943,14.741899498298649,13.820078209430449,264.0152420087723,0,7,6,4,24,0
50%,2024-12-03,15.438627605389883,22.800262119168746,7.960881465175439,15.241552911933908,337.5335010444489,0,6,6,0,24,0
50%,2024-12-04,11.789708729187987,20.432119149908402,4.869663835509972,9.64109442105045,253.8387145063358,0,1,1,0,24,0
50%,2024-12-05,24.71359234888247,29.806735846488543,16.452978598104085,22.230391670609674,210.46178235571745,1,17,4,3,24,0
50%,2024-12-06,25.53380519246772,34.1894771050808,10.523882933971862,20.535416227444067,287.8357448589135,0,5,3,1,24,0
50%,2024-12-07,25.153479452009048,32.09348017283304,17.206493713761358,13.793810111647135,232.96820073891757,1,11,6,5,24,0
50%,2024-12-08,24.42931315735815,26.059003936638707,22.546270003700666,23.891723034581293,36.019829420757674,0,24,0,0,24,0
50%,2024-12-09,25.507063986014995,29.581341624025725,22.98540098257264,25.442671441780877,53.01503155305488,0,23,0,0,24,0
50%,2024-12-10,20.650280293664988,22.87537498216187,15.500168685531328,20.626520084383827,56.80846135708117,0,20,0,0,24,0
50%,2024-12-11,12.107183441367418,16.333853207680416,3.769602015162488,12.026799258357224,54.166824129031625,0,0,0,0,24,0
50%,2024-12-12,9.202387867947904,12.104948559096943,3.157483733764093,8.794904769586038,69.24517685931414,0,0,0,0,24,0
50%,2024-12-13,8.91239258278595,10.208441576787134,6.915199770368611,6.536337990141442,155.82726352403813,0,0,2,0,24,0
50%,2024-12-14,17.10622106840506,20.85678678724823,10.203507443595058,16.594265442455193,291.07995703290794,0,7,3,2,24,0
50%,2024-12-15,19.667015071380444,20.88462820986193,18.05132258790175,19.430247445834514,261.03190359114006,0,17,0,0,24,0
50%,2024-12-16,20.47534098798757,21.43093509350415,19.27174003791037,20.434141182321145,250.5580438834021,0,24,0,0,24,0
50%,2024-12-17,18.299075096881975,23.368113535955004,13.924361970123918,16.344471114047984,224.22501929155675,1,9,3,0,24,0
50%,2024-12-18,26.283852122080987,31.620239486354077,21.30648887465459,25.59364384866716,215.9694025396246,1,19,15,11,24,1
50%,2024-12-19,26.19966828583541,30.245631641643225,23.775840971144024,21.240839983744063,297.57730935265744,0,22,21,20,24,1
50%,2024-12-20,21.068858320733565,25.156028300612192,16.92513356790865,18.98786728442811,265.24204078614594,0,21,0,0,24,0
50%,2024-12-21,22.772359786425245,29.07356341710728,17.9852824427389,21.84068197012499,251.03877724043184,0,18,3,3,24,0
50%,2024-12-22,28.99396511109569,33.02263669749892,24.798799295968525,27.951521947824396,289.01370716461275,0,13,3,0,24,0
50%,2024-12-23,24.42952791846611,32.86527289336407,12.037469165418809,23.930682507578222,321.6077295918843,1,11,15,9,24,1
50%,2024-12-24,12.827134587738179,15.843965689622468,10.354205658910958,12.390181883666235,251.9667350979373,0,0,2,0,24,0
50%,2024-12-25,9.543987862622572,11.3295382853879,7.696418511258979,9.376470324955934,233.84045712806045,1,0,9,0,24,0
50%,2024-12-26,7.6699030004659745,8.349952774723024,6.073535896611599,7.3748065251221915,195.43466618850434,0,0,7,0,24,0
50%,2024-12-27,4.773027962197564,8.003238826574758,2.8689769697186964,4.625472092570203,183.31249155044208,0,0,0,0,24,0
50%,2024-12-28,8.388011257283113,11.025555146495691,5.929313648914972,7.726774702741397,227.78192253774174,1,0,10,0,24,0
50%,2024-12-29,15.174234542229476,20.129612801730254,9.90938086820598,14.912296393832818,260.6949803459483,0,3,0,0,24,0
50%,2024-12-30,20.4165168901417,21.393954392136497,17.893864514314757,20.34131400186074,241.32868111614425,0,22,2,2,24,0
50%,2024-12-31,25.477058424684937,31.19457086775499,18.851843599807147,25.23992710945309,222.3079945260014,1,18,21,16,24,1
50%,2025-01-01,29.187645807363257,35.701169592359314,17.65730927855317,26.37930684769954,237.52850122855986,0,9,14,0,24,0
50%,2025-01-02,17.363574875215445,21.485890274371442,14.310322220004771,17.271993142011958,322.79808446129323,1,8,23,8,24,1
50%,2025-01-03,20.49227406331489,24.635340693399034,12.216449609122346,20.099061947114482,304.5242432089641,0,18,11,6,24,0
50%,2025-01-04,12.916014108251076,16.93800275353501,8.846261846843772,9.168139727589361,237.09705674683218,0,0,1,0,24,0
50%,2025-01-05,23.625841786238187,27.765265310876703,18.062195669520143,17.11065049790959,180.53615542207834,0,18,11,11,24,1
50%,2025-01-06,29.59314787251985,32.721161180031565,25.141000127927487,25.536557483890213,225.00158818475904,1,9,0,0,24,0
50%,2025-01-07,21.32389453415037,26.193171199159668,18.105411559379604,21.240138655619926,261.84678131964904,0,19,0,0,24,0
50%,2025-01-08,13.0118359159029,24.517850257942147,1.7999368852199198,8.704407902958739,281.6151526402041,0,8,0,0,24,0
50%,2025-01-09,16.68007225087351,25.10234783292306,4.227123127053282,14.307246386826913,316.37240434718694,1,12,3,2,24,0
50%,2025-01-10,14.62146236756547,21.85374715787025,8.812424695866454,13.458559988841438,308.4257985556788,1,3,4,0,24,0
50%,2025-01-11,11.167573596515146,15.132934581801399,8.246680525784475,10.772223212906953,355.25010942468975,0,0,2,0,24,0
50%,2025-01-12,7.047378341131707,12.288776965726127,3.511712347002603,5.202022067492893,330.11235889988563,1,0,0,0,24,0
50%,2025-01-13,15.97403908581188,19.49739926975599,8.636578337815799,15.893287047970926,216.18288721839545,1,6,22,6,24,0
50%,2025-01-14,15.07697193024019,19.85862323474316,9.692910363418871,14.058428145849769,256.80810522387924,0,2,0,0,24,0
50%,2025-01-15,6.487449832716668,10.19594089019902,4.23391389515845,5.825725069005669,277.8470632211068,0,0,0,0,24,0
50%,2025-01-16,10.487040118236495,13.38644476255901,5.8675371612846225,10.382838357438754,197.7013361286708,0,0,2,0,24,0
50%,2025-01-17,10.726321364505665,14.580282077606585,5.370755059612128,10.445142141593012,208.90361954591668,1,0,16,0,24,0
50%,2025-01-18,8.837317731034663,13.43665610523563,4.933025808011493,8.358262140831753,143.4203084799925,0,0,0,0,24,0
50%,2025-01-19,8.43230491708461,11.182054727612929,6.917450529791696,8.184638409806084,192.4922035289655,0,0,5,0,24,0
50%,2025-01-20,10.027021313924791,13.687622493883623,6.0325567523423445,10.008120750700376,233.2772838952201,1,0,2,0,24,0
50%,2025-01-21,13.028228463135965,15.469834946714487,9.04904904380401,11.759713453497973,210.7331905752058,1,0,8,0,24,0
50%,2025-01-22,8.635192196024741,14.299221028163435,2.9378889753256585,2.109574086642054,197.32671424277365,0,0,5,0,24,0
50%,2025-01-23,21.06941913821046,26.526687443824898,15.026468107483176,17.49480085568928,242.96560079447306,0,16,1,1,24,0
50%,2025-01-24,24.768449594920487,32.965851794581496,16.537361828649694,23.509875611242478,215.45612472358627,1,13,9,3,24,0
50%,2025-01-25,12.458573931793367,17.705353811063834,3.5238096864416244,9.734620221702638,247.15870538841875,0,0,2,0,24,0
50%,2025-01-26,19.244922056688804,32.973095045346,0.6283786081564733,17.874377634541325,167.4993586097545,0,10,0,0,24,0
50%,2025-01-27,26.640117308350256,30.320256549360305,23.49041052004301,25.269363769541783,200.9365153010357,0,21,7,7,24,1
50%,2025-01-28,22.850543719353904,25.605339796966682,15.699029731013237,20.468624639250905,193.63353285569443,0,18,0,0,24,0
50%,2025-01-29,16.47759603625816,24.186322373729293,7.36701091268341,15.40276507198439,268.44988799790053,0,10,0,0,24,0
50%,2025-01-30,14.093941468844996,15.951235398634077,10.590671972080042,12.752151429309787,325.2701394754951,1,0,4,0,24,0
50%,2025-01-31,11.997334320197226,13.829604657087947,8.455266501438222,10.111947629317754,215.39334882273093,1,0,0,0,24,0
50%,2025-02-01,10.826954518893935,15.637785513738734,8.258928692520273,10.518407148271326,170.26696826384386,0,0,0,0,24,0
50%,2025-02-02,11.843958928824478,14.99458524803658,9.423756195989196,11.278104396500943,176.7472566020732,0,0,2,0,24,0
50%,2025-02-03,13.668008814653776,17.521906396647978,9.500686714238434,13.486324519544532,218.14998618187005,1,0,17,0,24,0
50%,2025-02-04,20.155676191749855,23.783782491070834,15.941262256316707,19.730216100575518,206.63321951933253,1,15,7,1,24,0
50%,2025-02-05,10.856321414484407,17.901423427595404,6.022462068283996,9.958337866989673,274.94807732188673,0,0,2,0,24,0
50%,2025-02-06,15.066628546633902,21.442790579268166,8.944663010209936,14.498905642217094,52.454854736044126,0,6,0,0,24,0
50%,2025-02-07,24.799812049515044,28.23233245290966,20.162739236549108,24.513998050651487,85.50713946631453,0,24,0,0,24,0
50%,2025-02-08,13.969067656304773,23.005611588000082,7.166563066766081,13.441523067807811,116.96966747052903,0,6,0,0,24,0
50%,2025-02-09,14.433372010599369,21.035717179681775,6.46409976562835,14.175770825965442,73.65603841140353,0,7,0,0,24,0
50%,2025-02-10,22.623718169139185,24.21405855527204,21.498575926045415,22.58668569698613,77.41690325135949,0,24,0,0,24,0
50%,2025-02-11,10.78273943323957,21.06861191636577,3.619772876298736,10.344127751500393,84.23165040164275,0,3,0,0,24,0
50%,2025-02-12,9.118853664645039,13.718132689458754,5.092069343074589,8.619693197899101,38.12614693422688,0,0,0,0,24,0
50%,2025-02-13,14.11620994832652,16.60351892017945,9.395178450300172,13.890470948646122,43.720294774478475,0,0,0,0,24,0
50%,2025-02-14,9.63284549657944,13.236566619984487,7.34591109368398,8.50041938736274,130.34245564000048,0,0,0,0,24,0
50%,2025-02-15,12.406853865862816,13.740927195105225,10.808301156782234,11.90707981354402,149.1106351596299,0,0,0,0,24,0
50%,2025-02-16,16.885015562718653,18.783313087924935,13.175077979533029,16.838777205257532,100.31136289369397,0,5,0,0,24,0
50%,2025-02-17,12.47312394319359,15.52359952429239,10.060564170623941,12.382425311971126,97.26258411374187,0,0,0,0,24,0
50%,2025-02-18,17.743468901950468,20.753025002592796,13.324161277439888,17.626007102360386,115.36938107635518,0,7,0,0,24,0
50%,2025-02-19,18.249397000940174,20.694212880232488,13.286515363070537,17.718739463898455,140.38684579204653,0,11,0,0,24,0
50%,2025-02-20,19.270536141462152,23.49702923828664,12.479644021083644,18.75868359870754,196.12113675097314,0,15,5,5,24,0
50%,2025-02-21,19.970141080399,22.91236362921168,17.00076438208056,19.802830163900058,187.26584379992127,0,15,0,0,24,0
50%,2025-02-22,13.004254923666815,16.968686993932497,9.411147275828426,11.868210057011407,216.01839574254612,1,0,0,0,24,0
50%,2025-02-23,19.87662258785011,26.503340801103565,13.39800669602241,19.32453934315736,200.13391519248881,0,13,6,0,24,0
50%,2025-02-24,20.8563707878905,26.644800177111026,13.28442669260833,20.207390990895643,212.7721575471607,1,12,8,1,24,0
50%,2025-02-25,8.627096278190468,14.282037311573239,3.433643845989869,6.650134836051329,243.01746845987287,0,0,12,0,24,0
50%,2025-02-26,13.906891887065848,22.854492043354426,8.717347985496108,11.105169569069664,224.25105040105157,1,3,2,0,24,0
50%,2025-02-27,17.326520655168242,22.39502898347278,11.893983656916246,14.647502846057533,313.87989828872867,1,6,1,0,24,0
50%,2025-02-28,12.231112676317581,18.550165651109417,7.726929908644091,12.0194549146263,10.188026359120158,0,0,0,0,24,0
50%,2025-03-01,5.065387445923618,8.024748848845517,0.43484097955103024,5.016910855221398,25.014406519896056,0,0,0,0,24,0
50%,2025-03-02,4.974181421277351,6.794658932163875,2.5435281064554527,4.860006430672422,214.07714215724687,1,0,9,0,24,0
50%,2025-03-03,7.454378446701605,9.101619138474724,5.822185871686206,7.226001858861158,233.51651801964525,1,0,11,0,24,0
50%,2025-03-04,9.526841806117332,13.833293944679232,6.7686426148851355,9.100737831739268,222.9656153835078,1,0,7,0,24,0
50%,2025-03-05,13.717875800958522,16.238017389329286,10.909280013268623,13.559484155707068,217.11518360512073,1,0,16,0,24,0
50%,2025-03-06,12.644955619876631,16.415525604071814,9.922213553416176,12.454420413153152,192.10573314162764,0,0,1,0,24,0
50%,2025-03-07,13.048955011026157,15.44742190466313,11.032721225882034,12.29039558306523,176.9305922787521,0,0,0,0,24,0
50%,2025-03-08,13.076683439080371,14.832575188362092,11.460352095579779,12.513819296483556,118.90706068703491,0,0,0,0,24,0
50%,2025-03-09,11.289016742578061,12.653474148464904,9.746588909589171,11.051626606131801,96.12511668099921,0,0,0,0,24,0
50%,2025-03-10,11.289659130601327,16.046327069326964,7.864736368270685,10.566148394664841,41.352410197427275,0,0,0,0,24,0
50%,2025-03-11,16.27152371854746,18.445080634967198,13.995068530448977,15.767414722841831,350.9202762828383,0,0,1,0,24,0
50%,2025-03-12,13.829042208718645,17.17204199005239,9.384229350813293,12.86698689965102,319.1908517608926,1,0,11,0,24,0
50%,2025-03-13,12.955438170459397,14.278574649581401,10.667484486701914,12.758197131253427,13.276956766512626,0,0,0,0,24,0
50%,2025-03-14,10.682764895593548,15.490970724417153,8.233317638559063,10.274171961247072,34.84954741686869,0,0,0,0,24,0
50%,2025-03-15,16.07994719152185,18.480309780371954,14.358119196641322,16.009845371210854,51.21834083267339,0,1,0,0,24,0
50%,2025-03-16,12.898179799852429,15.871232525616536,9.728251807976164,12.518491351131127,30.863514891454372,0,0,0,0,24,0
50%,2025-03-17,15.26096118272521,18.36189707168345,11.463392716650501,14.648460101335681,71.5371838055325,0,0,0,0,24,0
50%,2025-03-18,15.830692093643796,16.936805043354973,14.352586126949943,15.653219966368864,104.08278156430163,0,0,0,0,24,0
50%,2025-03-19,9.965486705738053,13.764704053003774,6.436132173831219,9.481670896869163,150.08440254278332,0,0,0,0,24,0
50%,2025-03-20,6.612676021396251,13.960055060608184,3.144244097650893,4.456546479429549,142.94585177479325,0,0,2,0,24,0
50%,2025-03-21,16.408117772669012,18.148011253243308,13.355540976113607,16.130001574277124,113.76399316302314,0,0,0,0,24,0
50%,2025-03-22,11.795012360689121,17.464498376935676,6.715498978310862,11.581914555227529,120.83138103466604,0,0,0,0,24,0
50%,2025-03-23,6.155993256989443,9.767081290228472,0.6336195697736324,4.659289062708581,134.45647655782,0,0,0,0,24,0
50%,2025-03-24,10.280554713712453,13.214473084177683,4.23159815185054,9.962978033369598,344.4228229289668,0,0,1,0,24,0
50%,2025-03-25,10.213122945975504,12.51634798998405,6.959879900031104,7.28995215099098,287.81048976241414,0,0,0,0,24,0
50%,2025-03-26,6.128530388083724,10.09721950074896,2.814319559579958,2.3728663780415493,319.9573305710929,1,0,0,0,24,0
50%,2025-03-27,12.807615830097504,16.204933690863726,9.429264035186172,12.682717628537754,208.4008689238751,1,0,10,0,24,0
50%,2025-03-28,13.163238171272438,16.715265650176253,7.575796786612597,10.453260377668297,241.16278821834345,0,0,15,0,24,0
50%,2025-03-29,14.159272623861822,23.460584116105178,7.812006030627037,9.665500996350913,260.59752929615,0,4,10,4,24,0
50%,2025-03-30,19.919088651342705,23.65623812613116,15.941731343639063,16.68478129289885,292.6363561652632,0,12,5,0,24,0
50%,2025-03-31,10.637472621041402,14.57585896913253,6.451542469330054,9.117985182416605,12.702626114177804,0,0,0,0,24,0
50%,2025-04-01,14.157296532627647,17.458913327898617,10.995471058023046,13.99438136748586,75.71716883790168,0,0,0,0,24,0
50%,2025-04-02,18.214922949332163,19.77257438334016,16.48960312435504,17.984365853955772,75.19919259160156,0,10,0,0,24,0
50%,2025-04-03,15.085765127608658,18.591369385202487,12.40458530281796,14.990363444653267,93.0093381024177,0,1,0,0,24,0
50%,2025-04-04,14.059050143878771,19.809958516970873,9.968716406372385,13.401276413852012,62.491629084669,0,3,0,0,24,0
50%,2025-04-05,18.179759605325938,21.62638437650977,15.773348590062882,18.043570524862954,51.682220750812576,0,9,0,0,24,0
50%,2025-04-06,17.594342174171988,18.97942697555431,15.272462050427864,17.181911342669398,76.69286970501912,0,5,0,0,24,0
50%,2025-04-07,11.784882976267399,16.081417474755057,8.408501137446738,11.61633252559362,70.83362508195728,0,0,0,0,24,0
50%,2025-04-08,11.958921350119217,13.43615930228174,9.13514507660915,11.249607213653766,63.336635638054645,0,0,0,0,24,0
50%,2025-04-09,13.453841435551631,15.920926111706793,11.714194403724871,13.09433019759066,18.96588174107478,0,0,0,0,24,0
50%,2025-04-10,10.413979070286908,15.242127105125425,3.9651358569053547,9.16344085847831,339.83377832845815,0,0,0,0,24,0
50%,2025-04-11,6.7425957462483295,11.649488438630039,0.2953034919864766,5.0617647986232415,256.5762803524682,0,0,0,0,24,0
50%,2025-04-12,11.528725293367158,17.167452174378287,6.4569884601997725,10.453615656378622,129.00983596479466,0,0,0,0,24,0
50%,2025-04-13,13.82678661914187,17.63138750693624,9.40269058550954,12.740438082394306,227.5634306153687,1,0,4,0,24,0
50%,2025-04-14,10.725511319970243,15.73131625260591,7.375981151788093,5.560611387488538,163.9524598958535,0,0,6,0,24,0
50%,2025-04-15,11.828960965830474,17.832855778636418,6.0390413813865145,9.35930946714331,147.84397581523876,0,0,3,0,24,0
50%,2025-04-16,17.170922071049294,19.995839682321357,12.043153210718982,17.002849875190552,204.61045261180618,0,0,3,0,24,0
50%,2025-04-17,5.3539010438076104,10.7413151018651,1.9159788643065239,2.7791235470289744,252.4436266372861,0,0,5,0,24,0
50%,2025-04-18,9.079772392529259,16.505573314291087,0.7013150420647727,8.532849157619403,95.10060465051458,0,0,0,0,24,0
50%,2025-04-19,14.750960358973328,16.640125968452693,13.608935660657135,13.895737144021375,64.13082132188009,0,0,0,0,24,0
50%,2025-04-20,9.812678014872043,13.690074489715487,6.889657791808399,9.67309000181451,48.20070422461305,0,0,0,0,24,0
50%,2025-04-21,3.8700764349183587,6.460898521204131,0.5082345462575218,2.595383054087891,77.17978330625624,0,0,0,0,24,0
50%,2025-04-22,7.37871010202143,10.971595904852796,5.496772210294692,6.483366452432299,216.8705849888525,1,0,1,0,24,0
50%,2025-04-23,10.613978788525788,15.00317966006869,5.658127719946916,5.7588995970578285,73.28769136162714,0,0,0,0,24,0
50%,2025-04-24,15.488640818962516,17.91434278488184,10.894084023740906,15.331551602001014,14.006003437516028,0,0,0,0,24,0
50%,2025-04-25,8.886379104211192,11.16236242415737,6.193020505880659,8.64945821571346,43.9940380216097,0,0,0,0,24,0
50%,2025-04-26,9.57648023692288,10.990807511062766,8.525792814118182,8.322258988620309,59.97406378589119,0,0,0,0,24,0
50%,2025-04-27,5.388065762025259,8.467869925446724,3.4489360435588488,4.415823124685041,25.47691374100583,0,0,0,0,24,0
50%,2025-04-28,3.448153042626268,5.387811718538101,0.600582029347294,2.330607884808889,205.38230325587793,1,0,2,0,24,0
50%,2025-04-29,7.457537549422496,11.582814830000512,4.2973496837308645,7.26955854400021,66.18626578571786,0,0,0,0,24,0
50%,2025-04-30,7.305795704820394,11.095175579985456,3.3423949502522845,6.793220105949872,83.55474593919911,0,0,0,0,24,0
50%,2025-05-01,4.636912007584311,7.5861767795008275,1.5901726506487606,3.841982188206053,140.04329922134525,0,0,0,0,24,0
50%,2025-05-02,9.37312950432368,11.568955264660074,7.448041734889957,6.514313856680139,5.957060889050581,0,0,1,0,24,0
50%,2025-05-03,9.95456991450121,19.060553797484722,0.7455279724168193,7.339940353034533,353.1563030950218,0,0,1,0,24,0
50%,2025-05-04,16.815800703163344,17.912863016607748,14.928082132492579,16.671353053524584,351.8487169439256,0,0,0,0,24,0
50%,2025-05-05,17.224561123298063,20.421322320489672,11.591728178158574,16.63995887093309,38.048777361272755,0,11,0,0,24,0
50%,2025-05-06,14.512083027776697,16.92208131661116,11.240652113177854,14.401161563869133,17.73692428264991,0,0,0,0,24,0
50%,2025-05-07,13.718115451136072,15.8058162669786,12.204850020571264,13.680580604607753,30.401080557765397,0,0,0,0,24,0
50%,2025-05-08,13.806460040829217,15.859747139483735,12.28683472628035,13.520671240105596,28.516761582168726,0,0,0,0,24,0
50%,2025-05-09,11.931594568807718,16.244381324020175,7.755177171920837,11.313752636870435,72.3691846816406,0,0,0,0,24,0
50%,2025-05-10,13.985120097473619,19.125729758453957,9.737846834263005,13.48821450339035,82.22721038591374,0,3,0,0,24,0
50%,2025-05-11,14.285306924850241,17.196032951780168,12.228419208667805,14.009226776035273,91.21829309432792,0,0,0,0,24,0
50%,2025-05-12,14.968537589560446,19.281690463647294,12.303455428423177,14.24200526355838,90.86894706702009,0,3,0,0,24,0
50%,2025-05-13,14.128601245923106,16.537290197888495,12.128380493538629,13.34118689438438,66.59783130228595,0,0,0,0,24,0
50%,2025-05-14,14.274254286724615,17.840068516989337,11.791606124917497,13.165407715580189,16.520312600527006,0,0,0,0,24,0
50%,2025-05-15,15.681479892037428,17.618978809493633,13.056822826460225,15.3856030792405,17.78201943705011,0,0,0,0,24,0
50%,2025-05-16,15.096367889278353,18.451480226636583,12.262474385502651,14.77945679308323,352.5453266886313,0,0,0,0,24,0
50%,2025-05-17,14.703557760214792,17.255057658796986,11.723516314400909,13.988419479422019,347.13472608007544,0,0,7,0,24,0
50%,2025-05-18,10.993233337821636,14.722402939791824,6.543232128489191,10.747335433495268,354.4330636760397,0,0,0,0,24,0
50%,2025-05-19,9.357779529596813,12.99640192949627,5.523803605748986,9.222978659351432,30.063995425584665,0,0,0,0,24,0
50%,2025-05-20,9.918565180810896,12.415941372057993,7.091532624344822,9.063587450821245,356.6111166869491,0,0,1,0,24,0
50%,2025-05-21,11.992236227199447,16.007503842698398,7.569310552086336,10.698274166403333,331.1232861936304,1,0,0,0,24,0
50%,2025-05-22,15.886673045549815,17.74565847574742,13.554414503489978,15.776469729961867,334.3305813919987,1,0,9,0,24,0
50%,2025-05-23,14.626681113896908,19.285547604815676,5.208430505604646,10.963186700778323,302.9472385636177,0,4,12,4,24,0
50%,2025-05-24,15.826193825558635,19.06325838903859,13.463841655852887,15.590418015170892,227.9283104555856,1,1,11,1,24,0
50%,2025-05-25,15.285605947816753,22.280840231704687,7.373416081275891,14.906534929838493,235.45088477333667,0,9,9,6,24,1
50%,2025-05-26,17.312446344700433,22.734101303252665,14.216538445874098,16.28605848440093,231.91585054984822,1,9,12,9,24,1
50%,2025-05-27,21.055245983538423,26.710280547907264,13.280405746848437,20.72172648749738,227.74666561977432,1,14,11,8,24,1
50%,2025-05-28,9.921627189512845,22.462083737666227,3.442732521973392,8.552554940096828,270.4008077456631,0,2,3,0,24,0
50%,2025-05-29,17.583100716152526,22.3121832048658,7.719841095977516,17.20683962156211,214.98286090227916,1,9,14,8,24,1
50%,2025-05-30,14.77697723435021,18.233659579095587,7.432445730668159,14.508702543297614,228.23998872321673,1,0,11,0,24,0
50%,2025-05-31,7.872806030498658,12.249427491880622,6.029889899764955,7.777942367640252,208.19741429579733,1,0,5,0,24,0
50%,2025-06-01,14.109038153260649,17.057573967854207,11.365600676272061,13.146609651298087,235.90017999861192,0,0,8,0,24,0
50%,2025-06-02,10.270519647286177,15.63688477536467,3.4071369378720493,6.83372782508365,251.5089978831952,0,0,0,0,24,0
50%,2025-06-03,21.251158205286973,24.892114149761902,16.663327585185556,21.041172813293457,207.14676428684325,1,16,10,8,24,1
50%,2025-06-04,15.143813236648716,18.28786274015435,12.716259625022348,14.93389492078175,223.67057545424905,1,0,13,0,24,0
50%,2025-06-05,18.147126158974412,20.69551449510746,15.772907835877099,17.93897204063802,212.0752454985702,1,7,17,7,24,0
50%,2025-06-06,15.371985400302522,20.338819612133328,6.641852405123,15.024484841507451,238.05163354141018,0,7,6,0,24,0
50%,2025-06-07,10.315380057491941,13.159726054862245,8.533955239876397,9.725117755424728,233.49001266991235,1,0,8,0,24,0
50%,2025-06-08,17.04029139039643,22.860917048714075,8.564818283115702,16.256716873264534,288.94402837632026,0,10,0,0,24,0
50%,2025-06-09,13.123651478603584,17.6589511628847,10.599205394725548,12.325408299172471,230.80051794727368,1,0,7,0,24,0
50%,2025-06-10,15.23319194722746,20.33934571000718,5.7983196774369095,11.576161454932764,264.7239762330122,0,9,5,4,24,0
50%,2025-06-11,8.4411548251755,16.662127892637617,2.4889651887350746,6.754418324026994,86.3491012428729,0,0,0,0,24,0
50%,2025-06-12,15.897256775056617,19.53058693612461,5.8025215561105785,14.844083522982888,108.09799084976373,0,6,0,0,24,0
50%,2025-06-13,6.733586377954372,14.627335898696213,2.8984072275849004,2.2587016746294917,43.00558838677006,0,0,0,0,24,0
50%,2025-06-14,13.832331150557048,19.416989486811453,7.776361806036265,12.393809925928261,201.33384165847082,0,3,6,3,24,0
50%,2025-06-15,10.37076299774504,13.946260575366548,6.539626082926876,10.175976303387758,239.9450002697272,0,0,2,0,24,0
50%,2025-06-16,7.845891196820532,11.022948212166428,4.671499289910348,5.225576065270541,260.8532847596858,0,0,0,0,24,0
50%,2025-06-17,11.612703012139617,12.625469599589964,10.148793413182098,11.552817667953834,215.9164076163006,1,0,14,0,24,0
50%,2025-06-18,5.945624539451191,10.765154172341656,0.8741583857407105,4.218096374083691,324.5053299214029,1,0,2,0,24,0
50%,2025-06-19,8.774378347680104,12.56921333619074,3.7992128710157096,8.67769953869946,83.56084468772099,0,0,0,0,24,0
50%,2025-06-20,10.511407254950587,12.029247407484618,7.963709359874673,10.140341900534407,101.85149026284347,0,0,0,0,24,0
50%,2025-06-21,9.932633645222602,14.419961176042728,5.623565858732681,9.80621510468088,124.67706950233526,0,0,0,0,24,0
50%,2025-06-22,17.835095651307096,22.551423095311318,11.29227003762677,16.33019674075154,211.3629467103409,1,8,9,7,24,1
50%,2025-06-23,15.976755437299383,21.4921123759194,9.85342327872194,15.22458722109986,258.21773852403385,0,9,0,0,24,0
50%,2025-06-24,18.103277645118286,21.137036983858607,12.376637282924916,17.63406611332748,235.02061978660987,0,6,13,4,24,0
50%,2025-06-25,9.685087114835126,17.18334432678393,4.703988582022795,6.392687351876436,230.25345022004177,1,0,0,0,24,0
50%,2025-06-26,13.218196462718806,21.555992762932156,5.703278593354901,9.272632449300488,222.42232762227292,1,4,8,4,24,0
50%,2025-06-27,13.287581076525514,21.239536085201035,2.2426961553378795,12.819436312479045,215.80473498426224,1,6,9,5,24,0
50%,2025-06-28,17.055569060077534,19.448418534636538,13.674129059096401,16.699374849398982,226.433269010792,1,6,12,4,24,0
50%,2025-06-29,7.527423008556499,14.524582945290677,3.589173727022635,3.5417756260973348,326.07852654561793,1,0,2,0,24,0
50%,2025-06-30,9.778508445498762,12.914792687474115,7.648554061594665,9.563624485246834,103.53034420336519,0,0,0,0,24,0
50%,2025-07-01,7.976509309240682,13.86170972852301,3.508536086544652,4.257253916663991,166.32684201266818,0,0,0,0,24,0
50%,2025-07-02,10.254534209771315,17.763566004524264,3.940086525301138,8.941511748637211,305.88743625435086,1,0,4,0,24,0
50%,2025-07-03,10.490870674080023,19.11511628189045,4.657095162493679,7.63742945092343,297.6556805920474,0,2,10,1,24,0
50%,2025-07-04,13.96340484492446,21.9122293754278,7.47485597625032,13.584488604445857,218.1312189266375,1,5,6,5,24,0
50%,2025-07-05,19.18669880783058,20.77046527520928,17.58921774153935,18.848339272894368,230.58355711327556,1,13,15,5,24,0
50%,2025-07-06,8.611701662775967,18.65590378855619,3.2167475678427877,7.274431707505652,262.220292097993,0,0,3,0,24,0
50%,2025-07-07,17.15667452366084,22.005308928095076,10.076183227164416,16.530841572926565,337.3516496909614,0,11,7,3,24,0
50%,2025-07-08,14.895953044474439,19.191908851358694,8.444567509996663,14.517195445334744,322.4223438499264,1,1,14,1,24,0
50%,2025-07-09,5.34774601574842,9.711152991366719,2.3704654376459766,4.123602600280188,258.6034700349294,0,0,0,0,24,0
50%,2025-07-10,3.848554295495326,5.817004017480638,1.8370097725952192,2.7229863001805876,68.30028253290226,0,0,0,0,24,0
50%,2025-07-11,3.3137575880546137,7.817649793146766,0.10462626378336891,2.678172820835476,16.177271830259315,0,0,0,0,24,0
50%,2025-07-12,10.18467608838605,12.277899306540911,8.048258126217686,9.778607948583735,4.829210870586849,0,0,0,0,24,0
50%,2025-07-13,6.620739222823013,9.289465333428963,3.4164597993016455,5.984550544408622,20.399698384199098,0,0,0,0,24,0
50%,2025-07-14,11.850202147669263,21.045351966346377,1.8912664244803108,9.44732981068553,210.39762294957274,1,6,7,6,24,1
50%,2025-07-15,16.012126004071572,19.981205487421548,12.342091008488433,15.353938221213122,228.9040962101297,1,3,9,1,24,0
50%,2025-07-16,13.290910299076486,16.980261421385148,5.991887702354831,11.47024999738718,297.4782080463663,0,0,5,0,24,0
50%,2025-07-17,4.803467189705244,8.084119425873569,1.6590897742404447,0.9440653635870021,227.58176196224133,1,0,4,0,24,0
50%,2025-07-18,8.982483527914496,12.724989134092377,6.228065897838457,8.343047613494031,144.0229507622082,0,0,0,0,24,0
50%,2025-07-19,12.959586135900487,15.486270962545492,10.42934577156658,9.668753002277118,123.8601063973316,0,0,1,0,24,0
50%,2025-07-20,10.343960953660899,12.804362196792635,8.129604874625986,9.835385447380851,183.68304680136035,0,0,2,0,24,0
50%,2025-07-21,11.743216001573563,15.284116904191777,8.60758626598178,10.292129813762969,189.89151341390533,0,0,1,0,24,0
50%,2025-07-22,10.615388071234676,13.274423497277438,7.408813345923974,10.526765572154925,264.1135572357132,0,0,0,0,24,0
50%,2025-07-23,8.218919454698709,10.352521964960172,6.707141111083468,8.003194458782357,309.7643556815687,1,0,8,0,24,0
50%,2025-07-24,9.096971879859124,14.300771686583081,1.4089480396360838,7.9820342560677915,337.42347311036656,0,0,2,0,24,0
50%,2025-07-25,7.932969931311028,12.357384889263384,2.209533323095505,3.283323614021829,320.09544611545317,1,0,0,0,24,0
50%,2025-07-26,8.62378240855105,10.66095814578682,6.392644265250417,5.146691518732354,275.43745949560014,0,0,0,0,24,0
50%,2025-07-27,10.017974762031782,14.81172626091781,5.777206496616884,9.72582894406812,332.19115795525175,1,0,7,0,24,0
50%,2025-07-28,11.8400012095694,15.894042298652828,4.504119207384293,11.735963805356022,309.29656159348065,1,0,15,0,24,0
50%,2025-07-29,6.351175521101079,8.16686926272703,4.970624733558895,6.153639562921153,319.05727865854635,1,0,5,0,24,0
50%,2025-07-30,11.753748351242486,13.954983302450579,7.733889705533716,10.075355727901028,295.9546975248301,0,0,10,0,24,0
50%,2025-07-31,11.443336583961491,12.7828272932204,9.998824756685497,11.209316910535138,298.374579500189,0,0,4,0,24,0
50%,2025-08-01,18.240025890714964,21.434425481541446,12.339444552673621,18.112506339617017,322.32890042744134,1,14,18,11,24,1
50%,2025-08-02,17.839011144725465,22.68631328683005,9.24417780519385,16.853594250609376,327.88941717807734,1,13,12,4,24,0
50%,2025-08-03,14.274107651920312,16.6255509044843,8.38893081024943,13.588392507386724,259.6176530645028,0,0,0,0,24,0
50%,2025-08-04,16.621469526725523,26.04076859045656,7.50299293958777,13.729114032514477,241.94552768203266,0,8,7,6,24,1
50%,2025-08-05,19.81224059382169,22.006169671379357,17.151270337556902,19.621470370834217,285.9078792422111,0,19,0,0,24,0
50%,2025-08-06,12.188991046756371,19.46882635511948,8.24097466462311,9.145052035137246,256.5159627151973,0,2,0,0,24,0
50%,2025-08-07,16.309579289743404,19.059811588573492,13.79824863898234,15.719429157401056,218.13607901575946,1,1,14,1,24,0
50%,2025-08-08,8.50312608176783,15.286412919805079,3.399204043969076,6.540431005206606,243.37456255835173,0,0,0,0,24,0
50%,2025-08-09,10.218893990001165,11.526859467673512,8.040117300636757,9.488379506071073,223.8568998912385,1,0,1,0,24,0
50%,2025-08-10,6.636895368652525,10.841978642584749,0.3407715375365481,2.297163176139425,12.555819269304095,0,0,6,0,24,0
50%,2025-08-11,7.895980641543917,14.041265547195097,3.3509169959581997,6.303258244838885,110.89641026254066,0,0,0,0,24,0
50%,2025-08-12,10.887049180960412,14.732462498546102,8.263740416926034,10.036548509109162,88.76536307536969,0,0,0,0,24,0
50%,2025-08-13,6.170074561623459,10.765284576586117,2.5542611580929306,3.2138658297894946,178.4245886054182,0,0,1,0,24,0
50%,2025-08-14,8.56662930783518,11.521835206521091,4.977415499099649,7.841012602368096,216.51859657100078,1,0,2,0,24,0
50%,2025-08-15,9.980925229638242,14.866310089599398,6.827749323052637,7.435984315775161,337.25401806963305,0,0,3,0,24,0
50%,2025-08-16,13.227108163689808,14.925676675670365,11.177462800683136,13.179318838821581,19.520387579820238,0,0,0,0,24,0
50%,2025-08-17,11.341978765122846,13.885115074393566,8.20972484716926,11.16311871948726,18.16305432565821,0,0,0,0,24,0
50%,2025-08-18,10.421816679207069,14.516015927836156,6.545610261259065,10.27652179256199,51.572936299231685,0,0,0,0,24,0
50%,2025-08-19,15.811778661256211,17.537801463721603,13.573007025442292,15.421865969430652,40.347682337480876,0,0,0,0,24,0
50%,2025-08-20,15.629816238031339,17.62202105975937,12.131065186324827,15.350915777420651,27.763075160641506,0,0,0,0,24,0
50%,2025-08-21,16.144379999064228,18.402154669026142,14.652933625379582,15.82673198804148,13.467657097936808,0,1,0,0,24,0
50%,2025-08-22,10.408356945035456,13.761167804135408,6.6751715160207485,9.883613148957007,318.1937957280327,1,0,8,0,24,0
50%,2025-08-23,10.416061936758169,14.925952316467491,1.4659274516042111,10.162605752687462,356.64300175872296,0,0,0,0,24,0
50%,2025-08-24,5.0278359095320315,8.802328149613986,0.6544547389747581,4.623279586550905,216.8321101959817,1,0,0,0,24,0
50%,2025-08-25,9.384453508713774,15.304765099648574,5.767289888659288,7.9767487773948025,173.38954903882063,0,0,0,0,24,0
50%,2025-08-26,16.024327486615267,17.220198091477563,14.75764072918038,13.653039816564444,186.41870250750756,0,0,9,0,24,0
50%,2025-08-27,13.826205713818121,15.83368188503244,11.90673672841684,13.060262014241673,215.42301233647868,1,0,4,0,24,0
50%,2025-08-28,12.892961517804977,20.078633208568586,7.843792255395498,12.738798708358694,220.30782554339288,1,5,10,5,24,0
50%,2025-08-29,17.67920531528684,20.55115359118369,13.276250919481459,16.256549468812405,203.0808455750319,0,10,3,2,24,0
50%,2025-08-30,16.738491773881204,22.018461388940597,12.141613977496455,14.64506467202923,215.8353434616861,1,8,1,0,24,0
50%,2025-08-31,15.775625857295013,23.149724921755162,13.400381310813053,15.113281756827288,209.5192429784033,1,3,2,0,24,0
50%,2025-09-01,18.420027868953692,22.3047584781566,14.724848031482347,18.32806104959848,206.9410021525804,1,10,7,2,24,0
50%,2025-09-02,17.850406674643857,21.968173573937527,15.67023566546976,16.729001558040846,200.87093673505723,0,6,9,0,24,0
50%,2025-09-03,25.8184881357369,32.06628682651345,20.257671879163965,25.063671709321312,202.0643269886853,0,22,4,4,24,0
50%,2025-09-04,20.705093019349476,23.596772303512324,17.027899839364892,19.232723459896782,222.0431475836149,1,22,7,7,24,0
50%,2025-09-05,10.875164304695668,16.124227888788134,6.4471508474282375,9.726524026773884,262.5388765355929,0,0,0,0,24,0
50%,2025-09-06,13.716733984866723,19.200185440610518,10.134331917063758,12.068897215145595,139.22832420305122,0,2,0,0,24,0
50%,2025-09-07,17.76630754264544,20.626893616297856,10.482616447693594,15.754253685835351,138.07705411388156,0,10,0,0,24,0
50%,2025-09-08,10.41406520502188,13.541465432500306,5.162151370848831,10.119788380341797,242.89678393546694,0,0,1,0,24,0
50%,2025-09-09,6.359787952372634,12.576878034204999,2.308425929380361,5.842630623117373,136.74117981294262,0,0,0,0,24,0
50%,2025-09-10,16.409287210869262,22.913067968294417,12.332057520540767,15.646099220687255,167.55048265051653,0,1,0,0,24,0
50%,2025-09-11,21.702313732904425,24.479332415538817,18.43609749999392,20.952665324876516,238.93873248068655,0,24,6,6,24,1
50%,2025-09-12,22.706946133785237,24.60934687528274,20.20779045742896,22.306057022076704,232.2949766415254,1,24,13,13,24,1
50%,2025-09-13,19.6003982953636,21.50922241987351,15.228923937310471,18.952578752444357,222.6855948933088,1,17,17,17,24,1
50%,2025-09-14,17.851981415197866,28.385027751906087,11.690416337822786,14.252452504118246,214.82315532151802,1,7,3,1,24,0
50%,2025-09-15,30.935007366514487,32.50500742742244,27.612584082322485,30.691228684436993,239.8589179777074,0,2,3,0,24,0
50%,2025-09-16,25.469345942780148,31.56490463473834,19.174848859558093,25.18483647375185,269.3289362175696,0,11,0,0,24,0
50%,2025-09-17,20.354775411042866,25.965340160133092,13.191790491001472,19.089968516413236,233.35225068749637,1,13,8,8,24,1
50%,2025-09-18,20.947346060005465,22.1456084560033,18.765521483804097,20.86148868670659,227.9674795092476,1,23,17,16,24,1
50%,2025-09-19,15.05060252289203,18.041786986027798,11.859748378593196,13.575338730437274,202.87782987138442,0,0,8,0,24,0
50%,2025-09-20,17.99992441594996,29.15211621961488,10.983567267935566,17.678555369088993,208.84750627512727,1,10,11,3,24,0
50%,2025-09-21,22.419102899215318,30.153263264936196,17.395333543870393,15.25083988617987,312.15135463694094,1,10,9,0,24,0
50%,2025-09-22,17.363438351938424,18.5746219105036,13.8738594217935,17.314748083513255,10.077215425966642,0,2,0,0,24,0
50%,2025-09-23,14.856247246119226,18.13195313102428,12.73100206595696,14.333047236355522,31.853607710606752,0,0,0,0,24,0
50%,2025-09-24,18.092051304452838,20.959793870667067,14.199689677935002,17.972759215499647,69.02253998310397,0,9,0,0,24,0
50%,2025-09-25,20.091332503740386,22.342469548001652,17.212641083777164,19.972200534878162,71.11728350838769,0,19,0,0,24,0
50%,2025-09-26,12.759648742247437,17.985192044151965,7.95379600400036,12.207598125533893,105.12853266138927,0,0,0,0,24,0
50%,2025-09-27,7.7230681620306285,12.35925628630918,3.3501611763667247,7.570239808363785,140.86472738804275,0,0,0,0,24,0
50%,2025-09-28,8.295462896262526,13.105791444418715,1.0049737056935184,7.878781185248516,178.42385974722538,0,0,1,0,24,0
50%,2025-09-29,8.86093051146396,12.513652445595111,3.6477003335750644,8.736908038043058,337.2526076821252,0,0,6,0,24,0
50%,2025-09-30,6.876969228692062,9.905111082753761,4.441758530508538,6.304583047155427,13.243921123717826,0,0,0,0,24,0
50%,2025-10-01,8.3378277211074,12.36570156535379,4.8076106393707105,8.165196549235185,163.93055007444343,0,0,0,0,24,0
50%,2025-10-02,15.292842435126396,21.82725309574319,10.798788485904137,15.24024830742082,177.03593568312294,0,6,0,0,24,0
50%,2025-10-03,25.659720985480703,33.633272849313215,21.317676759967913,25.547034786678516,183.6559083023878,0,18,0,0,24,0
50%,2025-10-04,30.96235205814713,36.25792429646149,26.401267573375222,29.716600441028376,258.305611804676,0,4,1,0,24,0
50%,2025-10-05,26.251080351512723,31.86407462132715,18.755675803795828,25.662796412662786,292.6639730206616,0,17,0,0,24,0
50%,2025-10-06,14.538708952951872,20.634264289546575,8.42287530127746,14.126157005287803,276.6013841235876,0,5,0,0,24,0
50%,2025-10-07,12.792846543764094,15.395118114550547,9.036564195669484,12.740639248095336,247.50231076007566,0,0,0,0,24,0
50%,2025-10-08,10.896956462656112,12.602709113059497,8.335352992308461,9.878417611605817,299.41968895209743,0,0,6,0,24,0
50%,2025-10-09,11.209610785140034,13.5741784499016,8.680480356264997,10.968784396245026,289.34809401882694,0,0,0,0,24,0
50%,2025-10-10,9.217284246384189,11.609508000448436,5.84867624244344,9.009401142422107,290.87163017852276,0,0,0,0,24,0
50%,2025-10-11,6.801212184763262,8.565375336963557,4.844326929262605,6.633079006993331,299.08218559319585,0,0,5,0,24,0
50%,2025-10-12,8.766133696013695,12.508426147155657,4.883647969414913,8.543876009069116,357.91404825948996,0,0,4,0,24,0
50%,2025-10-13,10.58362804725663,12.122627390783876,9.348143073081975,10.396367107338891,29.806047808451694,0,0,0,0,24,0
50%,2025-10-14,12.300880231451131,13.976434138720231,8.59935723587842,12.241097893595862,4.727700281226021,0,0,0,0,24,0
50%,2025-10-15,12.374608321973303,13.579504942002814,10.891850862704235,12.261943302218864,15.822826494527021,0,0,0,0,24,0
50%,2025-10-16,12.92883253207892,15.512067496454687,11.00837030940163,12.841055704477744,9.871136816319847,0,0,0,0,24,0
50%,2025-10-17,9.749774586871379,11.854569468745597,6.455838062615154,8.876708327786533,343.10935731162175,0,0,9,0,24,0
50%,2025-10-18,12.583017916879278,15.727627311176144,6.248577488086867,12.240773809955774,131.80554405576197,0,0,0,0,24,0
50%,2025-10-19,18.862533903918685,23.25486114927311,15.211370238932753,18.721638142299696,155.20057911956928,0,7,0,0,24,0
50%,2025-10-20,21.020815299269263,23.214464456735232,18.189905365146416,20.647145239364537,185.34891442551864,0,22,0,0,24,0
50%,2025-10-21,19.413438069288258,21.35001856287742,12.589033385535004,18.52875478106777,245.2637310834212,0,19,6,6,24,1
50%,2025-10-22,13.909146759153634,19.996355112102393,7.080768530550244,8.400377577680198,240.02973076636192,0,3,1,0,24,0
50%,2025-10-23,24.56509487036456,34.108169281192396,4.603847229332986,9.53935328478449,278.4046852486989,0,4,3,0,24,0
50%,2025-10-24,27.93118874480986,31.510436238887806,23.873392192047152,27.397050364120062,259.9435775099821,0,16,0,0,24,0
50%,2025-10-25,25.518661848289238,29.826583765522567,21.69781455329731,24.053004599300138,294.16736463142985,0,21,4,2,24,0
50%,2025-10-26,28.052172595424192,30.77944833778426,25.452505162186217,27.039767259878175,282.51915987984773,0,16,0,0,24,0
50%,2025-10-27,25.90579798117579,32.318013097406485,17.09900247555071,25.00160319688446,293.4254959906109,0,9,6,6,24,1
50%,2025-10-28,24.376905080848474,28.730043407132058,19.274282632067152,24.09222391302049,258.53830515204277,0,24,0,0,24,0
50%,2025-10-29,19.176716343161694,22.38978671796428,13.645359074753951,17.260297333743274,232.8538119011293,1,11,8,5,24,0
50%,2025-10-30,17.54937730426149,21.55563295939866,11.155296050133392,12.803801324698954,247.05335984474647,0,12,0,0,24,0
50%,2025-10-31,22.096740309838466,24.125261962314994,19.232036508995986,22.047114485699865,180.33259025226616,0,24,0,0,24,0
50%,2025-11-01,22.820054573588635,26.292661828767212,19.442400678934547,21.874029345810502,208.4292044145134,1,23,14,14,24,1
50%,2025-11-02,17.5527270839294,20.328809853986936,14.969425852167737,16.205428662418452,245.92677677895898,0,3,6,2,24,0
50%,2025-11-03,23.48664446355264,26.494237017407617,16.494912969747567,23.19460270767574,219.80310217498504,1,22,20,20,24,1
50%,2025-11-04,22.459604215389586,25.1962051078727,20.10276371573189,21.879542902755162,199.61306112996925,0,24,9,9,24,1
50%,2025-11-05,18.530371846768354,21.711108309794206,16.484304197200366,18.13495637038339,181.12092151731565,0,8,0,0,24,0
50%,2025-11-06,10.796027878647672,16.770470924509283,5.677995628648122,9.61249835460845,177.60103993613984,0,0,3,0,24,0
50%,2025-11-07,10.967753112758944,14.073524587931338,8.328020868300532,10.17021629980626,180.42875041264423,0,0,2,0,24,0
50%,2025-11-08,10.01842753571861,12.623577310642661,8.617494483019723,6.956730532589891,216.51101404592845,1,0,2,0,24,0
50%,2025-11-09,12.56121978149166,17.622719436156707,8.335239132931253,10.156584814122528,234.7919770022433,1,0,3,0,24,0
50%,2025-11-10,21.545517370171325,24.521308683765426,17.341350228675594,20.539504433035866,187.79307443249553,0,22,1,1,24,0
50%,2025-11-11,20.778896253995168,24.30847135221278,15.716983520704343,18.784153298006277,203.99038702787402,0,19,3,1,24,0
50%,2025-11-12,20.98564166693856,24.764572102289968,18.768401929851578,20.932255330155147,195.48725531413587,0,24,0,0,24,0
50%,2025-11-13,14.888702236739539,22.3759749228135,5.687777968695945,13.70599881557471,217.75471782902167,1,10,10,8,24,1
50%,2025-11-14,20.245472093014136,26.013245556884424,8.368853940379934,20.203955611107144,76.94533047862251,0,16,0,0,24,0
50%,2025-11-15,17.966681493160888,24.15464672516947,13.149836939126335,17.787099473071255,78.68589920199702,0,10,0,0,24,0
50%,2025-11-16,15.841142440066363,18.81341982035687,13.388306625483958,14.420882705948808,22.975577624735365,0,1,2,1,24,0
50%,2025-11-17,21.770776471057076,29.157180025134693,12.734698429125793,21.129972538858496,352.1671894679211,0,17,3,0,24,0
50%,2025-11-18,18.34482602834055,20.512352417585518,15.905087101807023,17.52055274374079,273.8979988700958,0,10,0,0,24,0
50%,2025-11-19,20.197234785572654,26.220297318141498,10.212073842387966,15.891135219961035,357.35297084869296,0,12,0,0,24,0
50%,2025-11-20,13.796869262588359,15.335296959138141,11.339920295171014,12.646445734018387,339.90728656165203,0,0,7,0,24,0
50%,2025-11-21,11.320007641083143,16.822611738492345,2.873751767954014,4.640334570029572,0.42875388071746556,0,0,0,0,24,0
50%,2025-11-22,24.086330964374856,27.606985386053577,16.504634187410005,22.87334122023861,211.89588041101229,1,21,3,3,24,0
50%,2025-11-23,25.345432768233152,27.45010100263552,21.692492635721948,21.29494948288013,211.64969216078038,1,24,0,0,24,0
50%,2025-11-24,11.607861616984474,21.074206041878856,2.2655559355493544,8.544444249829569,267.86354806738177,0,4,0,0,24,0
50%,2025-11-25,22.30507161595052,27.69381676589668,13.523181448680894,22.27020925090909,8.488839681636534,0,20,0,0,24,0
50%,2025-11-26,13.024771306007201,21.764466753748795,3.6374448764959695,4.572163349585278,324.11816257257925,1,4,4,1,24,0
50%,2025-11-27,23.54981917773885,27.31553440593355,19.841561304277015,23.42098018988241,221.98308986346345,1,24,20,20,24,1
50%,2025-11-28,20.30562080861939,23.40466028956552,17.61230493443423,20.04722356639764,227.24306111952365,1,14,15,12,24,1
50%,2025-11-29,21.497917787389685,26.45912323642004,14.683476534582827,19.563560551845523,205.87387565214146,1,19,1,0,24,0
50%,2025-11-30,20.272462336938453,23.96657186095799,15.581655106367299,19.525124605549177,269.3676074185072,0,17,0,0,24,0
50%,2025-12-01,28.151371834776807,32.40667461227535,19.085192379731122,27.79477527075814,194.44680523351374,0,11,3,3,24,0
50%,2025-12-02,19.994331508895613,29.81665312365283,15.526036588345422,19.792618974654207,199.9208130416458,0,6,2,0,24,0
50%,2025-12-03,15.110081690958074,16.90048634224061,13.123118373934789,14.837894602188461,201.51180070327027,0,0,6,0,24,0
50%,2025-12-04,21.233801891133613,26.278873912597533,16.80774327489904,19.002482399958854,170.42183122617803,0,16,1,0,24,0
50%,2025-12-05,16.463457933356718,30.25744039337083,8.909729828142657,14.695410362881212,185.22653750690876,0,6,2,0,24,0
50%,2025-12-06,24.22836773527961,31.708539960189235,21.571505567751604,22.037568886338896,209.41114211673815,1,21,9,9,24,1
50%,2025-12-07,20.10243896579283,29.20401157225632,13.842539582522402,17.521635317537104,220.78011599958847,1,14,5,1,24,0
50%,2025-12-08,20.48304375948252,23.26876751631755,16.922160742581084,20.291109234387743,226.729845885482,1,21,21,18,24,1
50%,2025-12-09,22.851760474497166,26.25993315591223,17.487049587508185,22.61835201357404,200.40068197615994,0,22,5,4,24,0
50%,2025-12-10,21.05321748165047,23.74919727586494,18.6787246561068,20.83830420883783,231.1342952517621,1,24,15,15,24,1
50%,2025-12-11,18.581315881932134,20.162735379351535,14.422995688915988,17.631919417305795,213.41184971415032,1,13,5,3,24,0
50%,2025-12-12,15.790593672905281,18.2855142486939,13.879514132525172,14.184165944253229,189.77217191683738,0,0,0,0,24,0
50%,2025-12-13,13.352168572303333,18.82777714716613,9.751798981676094,11.790468514807523,248.37824570626185,0,0,8,0,24,0
50%,2025-12-14,22.55923125655478,24.706827338605766,19.112750017998202,22.426592205560254,210.37472790690285,1,22,16,14,24,1
50%,2025-12-15,21.727683530118842,24.42841683702043,14.83413345723331,21.67026116647709,196.28021607228965,0,21,0,0,24,0
50%,2025-12-16,12.045858863740731,15.639736584802554,4.112859412963367,10.889291879051193,191.898742061929,0,0,2,0,24,0
50%,2025-12-17,13.618283526658416,25.580319747569902,4.4532981499503945,10.141315245002628,218.2213413542583,1,7,4,0,24,0
50%,2025-12-18,25.931300723824823,31.08181591374135,21.24473247897438,25.51689956843127,193.65987534938066,0,21,1,1,24,0
50%,2025-12-19,17.72343402904175,24.45148111362817,13.096528862004817,17.432043579124922,234.92011183346827,1,5,9,4,24,0
50%,2025-12-20,13.13298703273358,18.362897438692922,10.202998974104215,9.134209890606497,152.87037055748033,0,0,6,0,24,0
50%,2025-12-21,14.73486941673442,17.75501750605837,11.867023551876283,13.8280554379834,111.78188060786346,0,0,0,0,24,0
50%,2025-12-22,17.006569825917538,19.783186725706326,14.258216673994887,16.82301010390407,109.87890296944335,0,3,0,0,24,0
50%,2025-12-23,20.746828495919004,23.518569195075678,17.6026104760429,20.66575864909585,87.47028701968509,0,16,0,0,24,0
50%,2025-12-24,25.043401029343016,27.37316450230614,23.30303861554684,24.708223159216885,70.8516807162066,0,24,0,0,24,0
50%,2025-12-25,24.5010931678641,26.885887180008233,20.057074466942318,24.285659525090708,74.87923131179645,0,24,0,0,24,0
50%,2025-12-26,18.636585708800563,20.382949754118762,16.335043126665777,18.615097934420636,83.39328484636951,0,13,0,0,24,0
50%,2025-12-27,17.69743517865446,19.231315195882647,15.870767609814818,17.196703114413566,49.549084451639374,0,1,0,0,24,0
50%,2025-12-28,11.811461053562425,16.015976628484943,7.8335743192022464,11.627416194334423,47.87858977637927,0,0,0,0,24,0
50%,2025-12-29,14.989516377475256,20.241374277558915,11.189966102339747,14.786452358201766,14.75899148882172,0,5,0,0,24,0
50%,2025-12-30,17.513830872554426,19.93441396689925,15.255376930051767,17.23863172748096,14.863545658746148,0,9,0,0,24,0
50%,2025-12-31,18.151815042914116,23.042102451736017,14.966734100596915,16.56283810925671,303.51090652923256,0,7,6,2,24,0
50%,2026-01-01,27.626014225153124,30.389255301176945,23.925371671716768,26.833739767271638,282.6503501643459,0,19,0,0,24,0
50%,2026-01-02,26.798255055816664,31.053585421619893,21.452454678104644,26.505302216712955,306.5641201502979,1,13,11,9,24,1
50%,2026-01-03,24.858713934796,28.3947071646254,20.017356092631125,23.800530769226484,310.3496052881949,1,22,10,10,24,1
50%,2026-01-04,23.761306407112233,27.1564166171082,18.37690086125863,23.570087576008213,299.0593958745233,0,23,3,3,24,0
50%,2026-01-05,17.767912022406648,21.929418892170123,15.150129048182166,14.936964066225505,311.59709055745856,1,3,0,0,24,0
50%,2026-01-06,16.4389464092632,24.192526120213685,13.388972659774016,13.048510818070282,267.37668573289716,0,4,7,4,24,0
50%,2026-01-07,23.44814804121937,30.278132169595775,19.726905317333497,20.089433392421505,250.6956195170257,0,19,0,0,24,0
50%,2026-01-08,15.652604644986495,27.491557068863074,7.407816990926556,5.079281421296023,211.720837585969,1,7,1,0,24,0
50%,2026-01-09,19.76952522318199,27.17151177762618,15.378089505352154,17.17851939195559,60.7074127624054,0,12,0,0,24,0
50%,2026-01-10,17.04690712183932,20.7403469989129,11.963420725031256,15.878495149893562,57.428809303528226,0,9,0,0,24,0
50%,2026-01-11,20.528090782474283,30.12062008747597,10.33619981764974,20.14906450135312,167.88835716651397,0,9,0,0,24,0
50%,2026-01-12,22.346631011942467,30.70272072855635,18.292941153562452,21.779401936258502,206.87745772289804,1,20,14,12,24,0
50%,2026-01-13,17.141862546922184,21.272834123918194,12.348912226773082,15.551038005150723,215.86582943351908,1,7,10,4,24,0
50%,2026-01-14,11.62562729132435,17.432623840856415,6.363292411269572,5.221713480787016,243.87473078324206,0,0,6,0,24,0
50%,2026-01-15,20.885566538755395,25.486012492054,16.970719864213134,20.03746383436956,190.40542347949705,0,16,3,1,24,0
50%,2026-01-16,15.809188690831364,25.67366918928038,11.119671318810141,13.905336906386593,198.23995066011588,0,5,1,0,24,0
50%,2026-01-17,9.017291208291036,13.52517732655169,5.021677953501017,8.413027781881826,128.90817679873476,0,0,0,0,24,0
50%,2026-01-18,11.595326962559943,14.819827385359892,8.68667355340239,10.929306926287898,109.02681350134776,0,0,0,0,24,0
50%,2026-01-19,12.8043359230307,15.677316836395429,10.217044425987508,12.496649960843387,162.91520196739407,0,0,0,0,24,0
50%,2026-01-20,16.003574614507098,19.820538909209667,13.279478432976338,15.85951675868567,157.91586264969476,0,0,0,0,24,0
50%,2026-01-21,21.142939757967792,23.042967158007045,17.93138734995994,20.760670173090357,147.85455187697676,0,22,0,0,24,0
50%,2026-01-22,19.067750058925142,20.608903853750814,16.15981125413085,18.966665297965402,120.89311748467958,0,17,0,0,24,0
50%,2026-01-23,17.305669513012884,19.86045058134725,14.479895544646,17.229952858840115,129.9852114498567,0,3,0,0,24,0
50%,2026-01-24,15.970310680321989,19.651618548536423,12.489391893132876,15.680978115928477,136.4729079689127,0,2,0,0,24,0
50%,2026-01-25,15.628663611598276,19.799361392831365,6.742771863487335,15.214572458264858,110.79263259495883,0,3,0,0,24,0
50%,2026-01-26,8.164516015215296,15.746809936666324,3.478797860896961,7.008101176166699,89.69400251783236,0,0,0,0,24,0
50%,2026-01-27,21.048101211756244,25.897973718846835,11.4564871968004,20.594258357551787,122.79112742039405,0,16,0,0,24,0
50%,2026-01-28,9.122509447047639,13.283043350142501,3.1140423361002583,6.96583767807733,123.92398552747034,0,0,0,0,24,0
50%,2026-01-29,10.494382713871477,13.047244004885547,6.896444344880196,9.912524154424661,105.10410942997595,0,0,0,0,24,0
50%,2026-01-30,19.694210445479417,21.66518750445032,13.321218183935096,19.603871499437144,129.327782930166,0,18,0,0,24,0
50%,2026-01-31,11.862942016064979,19.93745831369562,7.709016884634929,11.275027010769728,159.85567162290022,0,2,0,0,24,0
50%,2026-02-01,13.225253881091355,15.581279934524002,10.09962553261008,12.751931678668681,160.5840609877556,0,0,0,0,24,0
50%,2026-02-02,18.57997876919035,22.91703599502606,13.29573917165707,18.52944759240193,101.75265680478219,0,13,0,0,24,0
50%,2026-02-03,21.509639837301467,24.850595310773556,12.448934011467847,20.918802338417798,103.81770187151761,0,20,0,0,24,0
50%,2026-02-04,15.594723707090486,24.130150730870874,11.71751489627307,12.730514836618832,127.6035472437228,0,6,0,0,24,0
50%,2026-02-05,22.42951975991043,25.22604906688857,18.54475428569983,22.42019608400328,99.38251758785879,0,23,0,0,24,0
50%,2026-02-06,16.92662768507929,19.182208432675516,13.791576108359394,13.891408730410598,123.33576217832598,0,2,1,0,24,0
50%,2026-02-07,16.23709643756271,17.713682926100713,13.928004858004716,15.42650561816916,180.09152587102454,0,0,4,0,24,0
50%,2026-02-08,13.181468097987748,16.180229547994873,10.571786252538601,12.815641006685148,157.1842460750438,0,0,0,0,24,0
50%,2026-02-09,15.029953241520547,17.012181549511244,13.090150438232461,14.901374686517496,143.0352256184455,0,0,0,0,24,0
50%,2026-02-10,13.591374907907555,17.1138429372374,9.014416102237906,13.158311279884376,141.07466607112252,0,0,0,0,24,0
50%,2026-02-11,9.629629180728097,17.006777608230177,3.181149705579974,6.970988760061371,193.9733709374172,0,0,11,0,24,0
50%,2026-02-12,10.997091365275987,15.740942305206227,1.4775528306303427,9.01648165723331,305.6995756645093,1,0,2,0,24,0
50%,2026-02-13,15.04893862106159,20.9580194129218,7.937599184090794,14.41881448944481,62.47893463745294,0,8,0,0,24,0
50%,2026-02-14,13.043368040532238,20.37511733062703,1.6291960169648403,10.557101273988803,28.606093207811,0,8,0,0,24,0
50%,2026-02-15,21.608572164639885,27.6615353313366,13.51516630296062,20.795521012252017,178.07820717075742,0,16,0,0,24,0
50%,2026-02-16,18.60052982933185,20.628214216981437,15.563514675177442,18.00390764577569,282.6376046272188,0,12,0,0,24,0
50%,2026-02-17,22.51439737755346,28.60086863665797,10.26394239125512,21.59587835689112,317.80317161988995,1,19,14,13,24,1
50%,2026-02-18,20.132663550972186,29.270829628752907,8.347536807327105,19.37757120789359,103.20424932639321,0,14,0,0,24,0
50%,2026-02-19,22.527512433686056,29.644578540204797,8.944204495750915,21.958775879971896,108.19245560768422,0,13,0,0,24,0
50%,2026-02-20,17.906513298313293,26.002645303988775,7.427261916039955,16.536586843235643,233.3522569131768,1,12,9,8,24,1
50%,2026-02-21,18.594481044095883,22.88516005098615,15.766589258302222,18.01356347526023,248.92989255880818,0,10,5,1,24,0
50%,2026-02-22,20.913404568890535,23.96576494142014,16.831801627896475,20.77618578694397,243.49969236567148,0,17,2,2,24,0
50%,2026-02-23,20.342750930698582,23.564700942941453,12.637623677113837,20.22501820074499,250.65827426394412,0,19,0,0,24,0
50%,2026-02-24,11.130360688257449,16.89960783145481,4.598241100169286,10.113963694154823,204.0025181644349,0,0,4,0,24,0
50%,2026-02-25,14.58081297547254,16.580239964902713,13.099826809224428,14.335052685727192,186.14993288105268,0,0,0,0,24,0
50%,2026-02-26,19.681100064174732,24.88217676958261,14.736785320120612,19.521251576898013,218.0991378489354,1,14,22,14,24,1
50%,2026-02-27,19.582127675041004,23.93094280278527,16.403717922679927,19.48700226289423,207.00983700193257,1,12,8,8,24,1
50%,2026-02-28,17.622352160604965,22.63033410739354,10.773685262571261,14.397303778389842,230.84774805874068,1,8,7,0,24,0
50%,2026-03-01,19.599972679997332,23.009956731924085,13.253454116000746,19.235412210384585,203.18585570128425,0,16,6,3,24,0
50%,2026-03-02,17.126921653124224,20.186947817545963,13.21709252907407,17.030898447587504,183.2675116497915,0,7,0,0,24,0
50%,2026-03-03,11.023650026312636,14.780016523970875,6.61673687048375,6.770182217640209,30.681685872860726,0,0,1,0,24,0
50%,2026-03-04,9.127635637322106,13.149520088953613,5.646617221062773,8.681628546064882,107.86393809848516,0,0,0,0,24,0
50%,2026-03-05,12.339962856647267,13.68165698588088,11.086970177847629,12.275011934128509,145.20825136840926,0,0,0,0,24,0
50%,2026-03-06,8.415310634755734,11.342336286099336,5.222170876069049,2.8983677197561444,244.85285249494666,0,0,1,0,24,0
50%,2026-03-07,9.886729420766065,12.065127609537722,7.682953505264293,8.696309002399914,30.828538301890262,0,0,0,0,24,0
50%,2026-03-08,6.135513868806819,10.165015080045452,3.380868980222233,5.40539769820938,95.28120957077607,0,0,0,0,24,0
50%,2026-03-09,4.885278730263268,6.398891517781982,2.6149799283871706,4.611508054312067,202.5880414709067,0,0,3,0,24,0
50%,2026-03-10,12.288111334640305,21.197264522607348,2.9135566258729506,11.852507733468698,214.73180067154323,1,3,7,2,24,0
50%,2026-03-11,17.268330543708718,25.547227510938374,10.395675711610423,14.905112055492609,230.7545114738607,1,9,1,1,24,0
50%,2026-03-12,26.27332786321421,31.872678397048784,14.401369670771992,25.90372392666484,210.2050806798493,1,9,8,6,24,1
50%,2026-03-13,21.654800601309375,33.427713796160035,11.877998982978472,20.68254389651533,226.58461563001458,1,9,7,2,24,0
50%,2026-03-14,11.689115819419643,14.888856832868402,8.287393655879487,10.921004194191791,309.8688146685289,1,0,8,0,24,0
50%,2026-03-15,17.87705679868536,27.38340476359934,7.148545922318544,16.14847819271752,218.1238725744112,1,12,4,1,24,0
50%,2026-03-16,17.71255476271035,24.06877010484724,11.156325154046879,16.492103196511778,260.0573779606703,0,8,7,0,24,0
50%,2026-03-17,15.937900727822225,18.47222996760812,13.935479290130331,14.764527250237965,204.67682842443742,0,0,10,0,24,0
50%,2026-03-18,13.382702962224235,15.255425730963566,10.786889454414498,12.280033933702795,137.6329369315066,0,0,0,0,24,0
50%,2026-03-19,7.359135883641275,11.602892450974915,3.191906969884325,5.883460447084429,59.78195700909407,0,0,0,0,24,0
50%,2026-03-20,12.513710994932401,13.843419763553925,10.93211109073408,12.397806511656285,66.52549709365547,0,0,0,0,24,0
50%,2026-03-21,10.763112922874221,13.813420246272639,8.46013829396243,10.567847522527831,61.50543094737657,0,0,0,0,24,0
50%,2026-03-22,7.346141320214399,12.211259561460192,1.7357726737846422,6.312027137101402,89.84543872330659,0,0,0,0,24,0
50%,2026-03-23,6.699131182085163,15.188678265037069,0.6072744875553164,3.24022983943718,254.73220384591326,0,0,2,0,24,0
50%,2026-03-24,22.78221436882717,30.313883327336843,16.03592569900327,22.696426187758668,222.25387062691667,1,18,23,17,24,1
50%,2026-03-25,24.859262645354082,30.6735901131055,21.175667728716466,22.71738863583255,294.08112372605416,0,19,6,6,24,1
50%,2026-03-26,19.85635973275344,24.66595749591699,4.46754729481306,19.807990724750336,331.90879360777984,1,18,12,12,24,1
50%,2026-03-27,16.619671724114706,21.29807924624071,4.488347242492288,15.13099226295775,221.89681419810128,1,8,9,3,24,0
50%,2026-03-28,18.911081524362782,20.609529482606302,16.36142681715477,18.53416805993582,308.73577984769736,1,14,7,5,24,0
50%,2026-03-29,19.336897127286782,28.874242139386524,11.314005192400439,15.71947086484163,254.46937741546296,0,12,12,7,24,1
50%,2026-03-30,21.345320252693522,26.54519156759377,10.829327274685545,20.49626546111442,310.78459095745063,1,18,4,4,24,0
50%,2026-03-31,8.708014145028441,14.256228309608746,0.7982122636644654,8.360723777008067,300.1246271748346,0,0,0,0,24,0
50%,2026-04-01,5.887200520978728,8.478405850131951,3.0482010251952265,5.471531044157843,195.95790997294586,0,0,0,0,24,0
50%,2026-04-02,11.892869295087783,19.17361767329706,3.039416563450404,9.484713870518164,326.0030264925515,1,2,0,0,24,0
50%,2026-04-03,21.54475261289585,26.00278534178881,11.105623763253416,20.03749690999641,215.02384746488357,1,18,5,5,24,0
50%,2026-04-04,17.07055186586297,31.305528460775395,7.715785709810534,14.333161628497336,219.9429881489541,1,6,1,0,24,0
50%,2026-04-05,20.169478651228363,31.70501786890216,14.5904627224893,18.670598778259148,256.29061853191416,0,5,3,0,24,0
50%,2026-04-06,8.6578751523152,13.890557000647709,5.205384471885176,1.8532371949325894,222.21113813858892,1,0,0,0,24,0
50%,2026-04-07,14.149868048772602,15.948008230954837,12.5212220062352,13.771140817363854,103.32490516224465,0,0,0,0,24,0
50%,2026-04-08,11.30424538360898,15.766866560308381,8.251998939558332,11.140954294260998,124.97840038075765,0,0,0,0,24,0
50%,2026-04-09,13.030221750823836,23.269110524515668,9.226406680942775,7.20630014160333,215.8735271384965,1,4,3,0,24,0
50%,2026-04-10,13.981308633541287,24.14848218772502,5.851647148644648,6.542953974488861,278.6676543866479,0,7,3,1,24,0
50%,2026-04-11,18.590575662442745,21.56823311760962,12.762509051224361,13.518097737311711,179.92187474322418,0,12,5,3,24,0
50%,2026-04-12,18.275869100472317,22.67587384530494,10.69938448337804,18.129579859486018,201.56362598101785,0,11,3,2,24,0
50%,2026-04-13,4.624023173238281,10.50675689232487,1.0928223474439058,1.6500704891535154,264.6504823602209,0,0,0,0,24,0
50%,2026-04-14,8.367048463630706,15.9843009383761,1.629205177582147,6.5634961515648005,186.9444113552179,0,0,3,0,24,0
50%,2026-04-15,16.44696239970299,17.814301256334517,15.341091010489492,15.830272574692321,183.65865230168805,0,0,2,0,24,0
50%,2026-04-16,14.88038205996034,17.369678781043014,12.180352468144074,14.728290232694679,218.0597886959554,1,0,15,0,24,0
50%,2026-04-17,11.31069171460778,12.748540434757073,9.293376949841633,11.118360145657084,200.45058950700852,0,0,3,0,24,0
50%,2026-04-18,7.552828909065581,12.615602801701469,2.916178938792539,6.999435864051056,248.85939689357934,0,0,1,0,24,0
50%,2026-04-19,11.59095574907255,13.501180808009611,9.540153887547866,10.916549957136242,345.09205301956877,0,0,4,0,24,0
50%,2026-04-20,12.641542735352916,17.2866791208854,8.91482686768579,11.262088422600383,20.73964473009113,0,0,0,0,24,0
50%,2026-04-21,17.9428499159974,19.813887346061485,16.360180656002708,17.850249792102666,60.54622593707097,0,8,0,0,24,0
50%,2026-04-22,15.431631329222254,17.870980716757984,12.519035617962686,15.146356897601885,62.533525736980664,0,0,0,0,24,0
50%,2026-04-23,12.370673958104076,14.178866099186644,9.891704218994656,12.079706440026866,33.6722331164421,0,0,0,0,24,0
50%,2026-04-24,10.417599163859007,12.217525859808966,6.035371254108954,10.25309810817454,20.273467454132856,0,0,0,0,24,0
50%,2026-04-25,6.381224493954435,11.13444104745493,2.523583743088312,2.8851888448966494,324.64191851223853,1,0,0,0,24,0
50%,2026-04-26,8.432615145237072,10.745878364999223,5.095587986200251,8.168171827216309,63.40195648662001,0,0,0,0,24,0
50%,2026-04-27,8.31525174479957,16.4760405654048,3.806276763517561,7.918445281239806,72.27671385598399,0,0,0,0,24,0
50%,2026-04-28,19.746096509084687,22.26788645083333,16.487114469231457,19.620871389710164,52.65289199483453,0,17,0,0,24,0
50%,2026-04-29,20.235705986656594,21.308561010226,18.477380731776066,20.021587951056503,69.3026012211563,0,23,0,0,24,0
50%,2026-04-30,18.193299663131352,19.89595843183777,16.49770717894455,17.918888829086864,104.15570251809407,0,12,0,0,24,0
50%,2026-05-01,11.917039572743375,17.03661155714819,7.47528657068399,11.463539357028546,145.23887744202153,0,0,0,0,24,0
50%,2026-05-02,8.605860311925655,11.119914376507268,2.4691958034914925,4.7813887594874345,205.88463745340522,1,0,7,0,24,0
50%,2026-05-03,8.013437369406857,10.95387481675038,4.5809590832016776,5.384310233193734,183.26311840030453,0,0,2,0,24,0
50%,2026-05-04,8.03941910768735,12.779769158556988,3.3207918596168255,6.78081009271175,28.32551459856927,0,0,1,0,24,0
50%,2026-05-05,11.726674123304242,13.345460238826028,9.13137884516427,11.659858733399446,38.91087372250962,0,0,0,0,24,0
50%,2026-05-06,13.919067218198457,16.495840700664967,11.190143890305382,13.849069297359888,31.916312054866296,0,0,0,0,24,0
50%,2026-05-07,8.602889325446437,12.031068978012579,5.904767724331737,8.310734197764175,56.153446943162805,0,0,0,0,24,0
50%,2026-05-08,6.868179306479373,8.448936180861818,5.107769291020326,6.440008255411939,81.5113690550653,0,0,0,0,24,0
50%,2026-05-09,7.585596792759579,11.550770933597297,4.59373543109053,7.303541317865151,49.91551711644627,0,0,0,0,24,0
50%,2026-05-10,16.912816931236556,19.320502262103584,10.6883826172563,16.832509068429882,23.33948546374927,0,8,0,0,24,0
50%,2026-05-11,18.684958642997827,26.495319204462447,9.175807085814629,18.071934061272085,332.3536169453521,1,15,5,5,24,0
50%,2026-05-12,16.557966114800855,22.800321132120654,13.44929984682324,14.017785919980025,286.86598257326455,0,5,6,5,24,0
50%,2026-05-13,12.369134633022668,16.003001301370283,7.6875796154229175,11.273406760195003,278.9849554855195,0,0,4,0,24,0
50%,2026-05-14,12.642504201624794,16.161364787110386,9.067268117924822,11.563013478265045,351.31655379853396,0,0,6,0,24,0
50%,2026-05-15,17.111188856058757,20.093063549368892,12.847896566998166,17.0236675877295,318.6745416542615,1,5,21,5,24,0
50%,2026-05-16,12.478199812297191,14.889457552833003,9.335553250232465,11.075500223278553,243.42209575195068,0,0,4,0,24,0
50%,2026-05-17,10.286796191673668,15.611124043314879,5.855871020692966,9.551036846026223,220.37519339489512,1,0,7,0,24,0
50%,2026-05-18,10.319973441601693,13.796895879434025,2.743183719516259,10.08043003799359,217.81319845138094,1,0,4,0,24,0
50%,2026-05-19,18.793853670908724,21.245995883580097,13.95373518128874,18.25584157360463,184.00003007763664,0,12,1,1,24,0
50%,2026-05-20,17.9467141439969,21.618583579494587,14.87838788725986,17.71038808150926,229.0423568879674,1,9,16,8,24,1
50%,2026-05-21,12.53260746277197,15.949711395640492,9.755941532199898,11.545527191866437,222.15496395770032,1,0,4,0,24,0
50%,2026-05-22,9.905522268940354,11.883477696518248,7.5161481715313885,9.099071923493373,162.91293632507552,0,0,0,0,24,0
50%,2026-05-23,9.472182457928373,12.618673227390149,6.192474520782933,2.334227535508271,212.6917146581191,1,0,2,0,24,0
50%,2026-05-24,6.61753268367254,10.063131439405854,3.94658718737058,6.467300169950675,89.71701368045728,0,0,0,0,24,0
50%,2026-05-25,6.544235276159408,10.51516439053908,3.7483256909144704,6.238381662280289,150.19806212910476,0,0,0,0,24,0
50%,2026-05-26,8.475943610645816,13.988464734564113,2.653857504564335,2.471686244960145,162.7648405584216,0,0,2,0,24,0
50%,2026-05-27,15.772112655371467,16.82379238173293,13.547979201472158,15.70657145366021,60.0201406179325,0,0,0,0,24,0
50%,2026-05-28,14.194468854525104,15.950571769458538,12.534710008472294,13.066083287857085,108.55205128072703,0,0,0,0,24,0
50%,2026-05-29,7.349647737694468,15.816887837224723,3.450578532487592,3.2138749108520965,219.3737074733718,1,0,0,0,24,0
50%,2026-05-30,7.5008261554383715,13.126012206666841,2.4832208016199617,3.9375471645347906,79.34945508004841,0,0,0,0,24,0
50%,2026-05-31,6.404256502785316,11.389850972242343,2.7438472892604215,2.9032034200304495,280.00526234673924,0,0,0,0,24,0
50%,2026-06-01,10.387855553922279,16.121206020908094,1.9195358437128487,9.956021842104583,210.39097149796274,1,0,0,0,24,0
50%,2026-06-02,12.340855895484339,14.800802414988144,9.441408494139758,11.191503224886624,208.3715449132725,1,0,3,0,24,0
50%,2026-06-03,19.541950834210517,25.8977835667772,12.492228600998182,17.87388486539548,220.31590762584025,1,13,9,6,24,0
50%,2026-06-04,21.59855612483967,24.2738038293948,17.137274676494183,21.279825774667337,221.92954000906337,1,21,19,19,24,1
50%,2026-06-05,13.018200913129236,17.964495303187487,8.834386042051127,11.692165702178198,236.99842830085672,0,0,1,0,24,0
50%,2026-06-06,18.510008718314193,24.60684588706685,12.433911107698197,17.1314682234944,186.54068170819238,0,9,1,1,24,0
50%,2026-06-07,17.83977193173482,23.35402846362603,14.398743262044293,16.579788845189476,230.9845124981181,1,7,1,0,24,0
50%,2026-06-08,13.458226564728397,16.861152847333084,10.112089487009703,11.646700038866102,214.6643523441809,1,0,4,0,24,0
50%,2026-06-09,14.625353265391155,18.782802212093625,9.369616826740087,13.811850727368046,251.51432595417208,0,0,2,0,24,0
50%,2026-06-10,12.00354267492459,15.729753917273566,8.332457695855327,11.848748081208214,256.3747311465392,0,0,0,0,24,0
50%,2026-06-11,14.961807208525466,22.564012310066726,9.945260656301038,13.451571182877863,243.70145992191834,0,4,4,1,24,0
50%,2026-06-12,15.808029869333824,18.41916073690696,12.828963643047999,14.985823354952295,257.6926996305862,0,0,2,0,24,0
50%,2026-06-13,15.750227285591924,21.27822797582741,10.38500798753508,15.608792545761537,279.8546625430025,0,4,0,0,24,0
50%,2026-06-14,16.110565986165565,19.026848059505923,13.507803135316054,15.983006883164137,310.2746109612434,1,0,15,0,24,0
50%,2026-06-15,9.014991946535918,15.121250410588747,2.3937897357706097,4.204707576893628,337.3953844311921,0,0,10,0,24,0
50%,2026-06-16,7.755174620077256,14.906849966190045,1.7160116806996295,6.55475203113455,91.90940591838671,0,0,0,0,24,0
50%,2026-06-17,14.66774622313688,17.670202688178314,10.398676314648048,14.225924018504996,219.44914674889748,1,0,16,0,24,0
50%,2026-06-18,9.464404131548365,12.365816710191584,7.771335033784862,8.24636344761264,211.04894580994412,1,0,2,0,24,0
50%,2026-06-19,11.066747846070543,15.096827624377664,8.824484423399761,10.37266443503745,195.04102895875522,0,0,1,0,24,0
50%,2026-06-20,7.329004551957168,10.649876285181087,1.2495367360165535,4.876877397590989,229.63795831197453,1,0,2,0,24,0
50%,2026-06-21,11.733617450902734,17.098375636407777,4.5945157012597315,11.070810136237906,56.20364716117513,0,0,0,0,24,0
50%,2026-06-22,15.445393232118967,16.72331069461808,13.403475385498165,15.386757067604954,61.2471586198738,0,0,0,0,24,0
50%,2026-06-23,9.130701752729642,14.482274463850565,5.78826715569641,8.790196734320045,102.41798371187946,0,0,0,0,24,0
50%,2026-06-24,8.782381230915993,14.38253201259905,1.1779794136118125,3.8673737011334737,68.14602205790169,0,0,0,0,24,0
50%,2026-06-25,15.073616646197783,18.058195565817154,12.315518398011955,14.62572918004833,64.44483366350698,0,0,0,0,24,0
50%,2026-06-26,12.688991422320301,16.015835834867648,9.44082045654173,8.605108296492235,172.60654275433808,0,0,3,0,24,0
50%,2026-06-27,6.30458778933473,12.099168332825323,1.9698431946183994,1.237045829397649,345.554885036006,0,0,1,0,24,0
50%,2026-06-28,14.593429126035966,18.083598537711346,11.724808750217882,12.924014060364915,210.210814108523,1,0,9,0,24,0
50%,2026-06-29,7.8888443602008715,13.477815137687948,1.5115779682607542,5.910539307356595,285.58444151700473,0,0,2,0,24,0
50%,2026-06-30,6.8311968511726215,8.807768924220872,5.124991942893405,6.04162156206729,172.10308161052967,0,0,0,0,24,0
50%,2026-07-01,5.105864350350328,13.835908270053954,0.4015530074865733,3.471464931799334,224.89737794430923,1,0,1,0,24,0
50%,2026-07-02,13.80493061904552,21.12987664608482,4.446186534096453,10.786261736769857,266.72993472403647,0,6,5,1,24,0
50%,2026-07-03,11.0777035476452,16.046382849152774,2.3303187158515253,7.62245328727096,275.5334245642054,0,0,4,0,24,0
50%,2026-07-04,12.08564850156021,16.70938276106933,5.509896052496289,11.315135067932063,254.54869916263704,0,0,0,0,24,0
50%,2026-07-05,10.493930840752055,15.37371765477039,3.62808980798911,8.838331460678647,280.7483466663617,0,0,0,0,24,0
50%,2026-07-06,11.38069923883377,15.004859375790527,4.52312519900565,10.037594893751317,259.28930899741647,0,0,4,0,24,0
50%,2026-07-07,8.548730114155601,13.986550199892557,3.3444193507163,7.387093541098726,286.89449824481164,0,0,0,0,24,0
50%,2026-07-08,5.351568648503112,8.709399345861405,1.7429475855519647,4.235638494480406,300.1728934183998,0,0,0,0,24,0
50%,2026-07-09,6.062024209393402,10.744057670922214,1.374500304587568,5.534481696826658,103.85854262713735,0,0,0,0,24,0
50%,2026-07-10,10.208227775350283,13.723120239889747,6.457708784476594,9.30283484682344,71.43013328185594,0,0,0,0,24,0
50%,2026-07-11,13.170825384705935,18.096412759249798,11.111235045758809,12.906657035380121,42.67385068906111,0,0,0,0,24,0
50%,2026-07-12,17.438606193006773,20.262654131642364,14.414770355881412,17.292013342826447,42.39881510139651,0,7,0,0,24,0
50%,2026-07-13,16.930270174321578,19.57526267868332,14.182206783048436,16.8836307508874,32.996698130712616,0,1,0,0,24,0
50%,2026-07-14,15.743353561683977,18.196876124987938,13.838706310099083,15.589146603138095,42.999260443258095,0,0,0,0,24,0
50%,2026-07-15,15.195634386300526,17.410167045827134,12.535091941993024,15.158887257305881,40.88529795778385,0,0,0,0,24,0
50%,2026-07-16,13.849667170161782,16.35818623756237,10.25300659878791,13.59242280564942,27.94365984882336,0,0,0,0,24,0
50%,2026-07-17,12.020037859720818,13.596103353826962,9.79903605567873,11.87088822042091,338.9192933497578,0,0,1,0,24,0
50%,2026-07-18,15.40300280151889,19.013788695901283,9.899945441621059,15.308346257081574,331.66595342290094,1,5,10,0,24,0
50%,2026-07-19,16.675002542315006,18.517296036974074,12.824205440970093,16.609761975650546,339.2061271144253,0,3,1,0,24,0
50%,2026-07-20,13.583201393692763,16.285421003309008,9.77793616554469,13.413991623265435,356.563359728775,0,0,0,0,24,0
50%,2026-07-21,10.018455385254827,13.93229782605916,5.670735788791803,9.725275600289429,347.9487701752595,0,0,0,0,24,0
50%,2026-07-22,15.10561739555803,17.41984242275968,11.436539364170104,15.04466863569759,329.8130410157101,1,0,13,0,24,0
50%,2026-07-23,10.171176607286858,16.542955176635893,0.9946169636879857,10.020984223231238,334.16068569377234,1,0,4,0,24,0
50%,2026-07-24,6.6504028742944925,10.542660540201828,3.059545893431572,6.310006029693596,199.50071702030385,0,0,0,0,24,0
50%,2026-07-25,10.040086532014298,14.701257676310664,6.755826521004337,7.679126859964957,249.01455115707785,0,0,1,0,24,0
50%,2026-07-26,13.688158973857604,19.455068145517238,3.760069104348288,12.245819725883841,272.8829195234092,0,0,1,0,24,0
50%,2026-07-27,12.784319457737011,19.049709965497804,4.9339057732562175,10.141797658936262,283.41045329134977,0,2,1,0,24,0
50%,2026-07-28,9.529671887660955,12.581746641924793,5.736023679480643,8.887925530670783,205.45457740824816,1,0,4,0,24,0
50%,2026-07-29,8.706023517563803,13.267867607307688,6.132541002375392,8.101578359365632,174.82477606017926,0,0,0,0,24,0
50%,2026-07-30,7.491960147393335,13.542662585473765,1.9313892037878246,3.4514624076616283,286.5887426559983,0,0,3,0,24,0
50%,2026-07-31,9.644812251744243,14.080802608071394,4.317396175915961,8.309670794551742,23.584139565794203,0,0,0,0,24,0
50%,2026-08-01,3.3789487705173857,7.801526390068146,0.7408172104035395,0.7655819551062633,144.9102945411105,0,0,0,0,24,0
50%,2026-08-02,9.288238739955132,17.501566159445048,3.806292163935147,8.12206495929662,69.43804775260833,0,0,0,0,24,0
50%,2026-08-03,9.591893956389022,17.291305465286385,1.4841299270536579,8.32641014161073,43.42670720525592,0,0,0,0,24,0
50%,2026-08-04,11.190103198188545,20.823891801808372,0.2680601434265007,10.335778322946275,203.99003318050606,0,5,6,5,24,0
50%,2026-08-05,17.46560209669012,20.75776627488484,12.856761204762982,16.478970941368193,230.57883739808779,1,8,19,8,24,1
50%,2026-08-06,14.115994656519918,17.520494804661343,7.483044475697996,13.478700650338745,288.65612349126116,0,0,4,0,24,0
50%,2026-08-07,5.986393331518613,7.990441254006947,1.3189850083256385,2.708127027130152,259.575888968768,0,0,0,0,24,0
50%,2026-08-08,8.925643047084426,11.546204108476104,4.070832868624988,7.362241935438311,142.09931811451997,0,0,0,0,24,0
50%,2026-08-09,9.279766826267215,14.709423350957731,6.830677621816522,7.883646673572986,193.54113530544,0,0,4,0,24,0
50%,2026-08-10,12.304249455706364,14.29093404945385,10.462012434533598,10.929643297487347,350.3641487251878,0,0,1,0,24,0
50%,2026-08-11,12.594514143829215,18.483646657680243,8.492338259624931,12.212437660698836,78.4479890849073,0,2,0,0,24,0
50%,2026-08-12,13.735985456029882,17.72486112610187,11.281087187088826,13.501796507950694,100.82001677272297,0,0,0,0,24,0
50%,2026-08-13,7.3815737088226285,11.34013014478088,4.777445823922055,7.216054165322789,110.86007951272973,0,0,0,0,24,0
50%,2026-08-14,7.298327584463968,8.489621732727587,5.824394504477536,3.543662365670679,255.75071190196104,0,0,1,0,17,0
